period,crude_million_bbl,crude_million_bbl_change
1982-08-20,338.764,
1982-08-27,336.138,-2.626000000000033
1982-09-24,335.586,-0.5519999999999641
1982-10-01,334.786,-0.8000000000000114
1982-10-08,335.26,0.47399999999998954
1982-10-15,326.979,-8.281000000000006
1982-10-22,334.37,7.3910000000000196
1982-10-29,333.067,-1.3029999999999973
1982-11-05,331.057,-2.009999999999991
1982-11-12,323.448,-7.609000000000037
1982-11-19,331.264,7.816000000000031
1982-11-26,325.639,-5.625
1982-12-03,332.447,6.807999999999993
1982-12-10,337.943,5.495999999999981
1982-12-17,338.912,0.9689999999999941
1982-12-24,335.061,-3.850999999999999
1982-12-31,330.15,-4.911000000000001
1983-01-07,326.701,-3.4489999999999554
1983-01-14,339.028,12.326999999999998
1983-01-21,334.178,-4.850000000000023
1983-01-28,339.617,5.439000000000021
1983-02-04,332.527,-7.090000000000032
1983-02-11,338.719,6.192000000000007
1983-02-18,342.04,3.3210000000000264
1983-02-25,349.452,7.411999999999978
1983-03-04,339.216,-10.23599999999999
1983-03-11,341.753,2.5369999999999777
1983-03-18,335.901,-5.851999999999975
1983-03-25,337.155,1.2539999999999623
1983-04-01,331.215,-5.939999999999998
1983-04-08,335.263,4.048000000000002
1983-04-15,340.539,5.2760000000000105
1983-04-29,342.707,2.1680000000000064
1983-05-13,342.703,-0.004000000000019099
1983-05-20,345.545,2.8420000000000414
1983-06-03,334.607,-10.937999999999988
1983-06-10,333.407,-1.2000000000000455
1983-06-17,332.713,-0.69399999999996
1983-06-24,331.611,-1.1020000000000323
1983-07-01,333.387,1.7760000000000105
1983-07-08,326.776,-6.61099999999999
1983-07-15,324.265,-2.511000000000024
1983-07-22,323.643,-0.6220000000000141
1983-07-29,326.267,2.6240000000000236
1983-08-05,322.642,-3.625
1983-08-12,314.861,-7.781000000000006
1983-08-19,320.879,6.018000000000029
1983-08-26,325.015,4.135999999999967
1983-09-02,328.895,3.8799999999999955
1983-09-09,326.37,-2.5249999999999773
1983-09-16,328.092,1.72199999999998
1983-09-23,328.203,0.11099999999999
1983-09-30,329.028,0.8250000000000455
1983-10-07,331.723,2.694999999999993
1983-10-14,334.292,2.56899999999996
1983-10-21,331.681,-2.61099999999999
1983-10-28,324.21,-7.471000000000004
1983-11-04,335.837,11.62700000000001
1983-11-11,339.341,3.504000000000019
1983-11-18,334.859,-4.482000000000028
1983-11-25,330.704,-4.154999999999973
1983-12-02,326.264,-4.439999999999998
1983-12-09,332.192,5.927999999999997
1983-12-16,330.911,-1.281000000000006
1983-12-23,326.469,-4.442000000000007
1983-12-30,327.028,0.5590000000000259
1984-01-06,328.07,1.0419999999999732
1984-01-13,331.804,3.7339999999999804
1984-01-20,327.811,-3.992999999999995
1984-01-27,324.301,-3.509999999999991
1984-02-03,320.842,-3.459000000000003
1984-02-10,320.037,-0.8050000000000068
1984-02-17,322.097,2.0600000000000023
1984-02-24,317.999,-4.097999999999956
1984-03-02,317.746,-0.25300000000004275
1984-03-09,313.132,-4.613999999999976
1984-03-16,312.445,-0.6870000000000118
1984-03-23,309.072,-3.3729999999999905
1984-03-30,310.506,1.433999999999969
1984-04-06,320.689,10.18300000000005
1984-04-13,324.087,3.3979999999999677
1984-04-20,323.505,-0.5819999999999936
1984-04-27,319.724,-3.781000000000006
1984-05-04,326.633,6.908999999999992
1984-05-11,332.296,5.663000000000011
1984-05-18,340.51,8.213999999999999
1984-05-25,332.465,-8.045000000000016
1984-06-01,339.659,7.194000000000017
1984-06-08,342.189,2.5300000000000296
1984-06-15,338.234,-3.955000000000041
1984-06-22,331.714,-6.519999999999982
1984-06-29,335.999,4.285000000000025
1984-07-06,330.378,-5.621000000000038
1984-07-13,333.149,2.771000000000015
1984-07-20,339.83,6.680999999999983
1984-07-27,331.607,-8.222999999999956
1984-08-03,332.398,0.7909999999999968
1984-08-10,333.554,1.155999999999949
1984-08-17,323.344,-10.20999999999998
1984-08-24,326.092,2.7479999999999905
1984-08-31,321.597,-4.4950000000000045
1984-09-07,318.672,-2.9249999999999545
1984-09-14,318.007,-0.6650000000000205
1984-09-21,306.957,-11.050000000000011
1984-09-28,308.426,1.468999999999994
1984-10-05,311.211,2.785000000000025
1984-10-12,318.61,7.399000000000001
1984-10-19,315.273,-3.336999999999989
1984-10-26,320.9,5.626999999999953
1984-11-02,314.922,-5.977999999999952
1984-11-09,325.115,10.192999999999984
1984-11-16,334.201,9.086000000000013
1984-11-23,332.639,-1.5620000000000118
1984-11-30,325.608,-7.031000000000006
1984-12-07,322.292,-3.316000000000031
1984-12-14,331.783,9.491000000000042
1984-12-21,320.537,-11.246000000000038
1984-12-28,322.281,1.7440000000000282
1985-01-04,319.923,-2.358000000000004
1985-01-11,324.107,4.184000000000026
1985-01-18,326.508,2.4009999999999536
1985-01-25,317.918,-8.589999999999975
1985-02-01,309.46,-8.458000000000027
1985-02-08,305.989,-3.4710000000000036
1985-02-15,298.076,-7.912999999999954
1985-02-22,295.928,-2.1480000000000246
1985-03-01,298.757,2.8290000000000077
1985-03-08,303.198,4.440999999999974
1985-03-15,307.344,4.146000000000015
1985-03-22,310.423,3.0790000000000077
1985-03-29,313.149,2.725999999999999
1985-04-05,302.0,-11.149000000000001
1985-04-12,304.744,2.744000000000028
1985-04-19,309.715,4.970999999999947
1985-04-26,322.205,12.490000000000009
1985-05-03,330.347,8.141999999999996
1985-05-10,327.605,-2.741999999999962
1985-05-17,328.263,0.6579999999999586
1985-05-24,333.896,5.633000000000038
1985-05-31,333.399,-0.4970000000000141
1985-06-07,330.564,-2.8349999999999795
1985-06-14,331.306,0.7419999999999618
1985-06-21,330.077,-1.228999999999985
1985-06-28,323.682,-6.394999999999982
1985-07-05,320.782,-2.900000000000034
1985-07-12,314.931,-5.850999999999999
1985-07-19,313.728,-1.2029999999999745
1985-07-26,307.219,-6.5090000000000146
1985-08-02,302.128,-5.091000000000008
1985-08-09,307.275,5.146999999999991
1985-08-16,304.954,-2.3209999999999695
1985-08-23,294.068,-10.886000000000024
1985-08-30,299.74,5.6720000000000255
1985-09-06,294.402,-5.338000000000022
1985-09-13,294.828,0.4259999999999877
1985-09-20,289.541,-5.286999999999978
1985-09-27,291.175,1.6340000000000146
1985-10-04,294.662,3.4869999999999663
1985-10-11,302.337,7.675000000000011
1985-10-18,294.952,-7.384999999999991
1985-10-25,298.122,3.170000000000016
1985-11-01,290.776,-7.346000000000004
1985-11-08,290.134,-0.6419999999999959
1985-11-15,288.284,-1.8500000000000227
1985-11-22,291.676,3.391999999999996
1985-11-29,294.14,2.4639999999999986
1985-12-06,300.376,6.23599999999999
1985-12-13,296.771,-3.6049999999999613
1985-12-20,300.234,3.4629999999999654
1985-12-27,298.551,-1.6829999999999927
1986-01-03,305.147,6.596000000000004
1986-01-10,299.779,-5.367999999999995
1986-01-17,297.979,-1.8000000000000114
1986-01-24,305.632,7.65300000000002
1986-01-31,302.996,-2.636000000000024
1986-02-07,311.382,8.386000000000024
1986-02-14,306.754,-4.627999999999986
1986-02-21,300.623,-6.131000000000029
1986-02-28,310.183,9.560000000000002
1986-03-07,313.853,3.670000000000016
1986-03-14,312.567,-1.2860000000000014
1986-03-21,314.941,2.373999999999967
1986-03-28,323.395,8.454000000000008
1986-04-04,316.315,-7.079999999999984
1986-04-11,319.613,3.298000000000002
1986-04-18,317.219,-2.3940000000000055
1986-04-25,311.499,-5.71999999999997
1986-05-02,317.285,5.786000000000001
1986-05-09,311.336,-5.949000000000012
1986-05-16,303.348,-7.9879999999999995
1986-05-23,308.59,5.241999999999962
1986-05-30,305.568,-3.0219999999999914
1986-06-06,310.824,5.256000000000029
1986-06-13,299.249,-11.574999999999989
1986-06-20,302.543,3.2939999999999827
1986-06-27,303.908,1.365000000000009
1986-07-04,299.341,-4.567000000000007
1986-07-11,298.871,-0.4700000000000273
1986-07-18,307.065,8.194000000000017
1986-07-25,310.051,2.98599999999999
1986-08-01,320.012,9.961000000000013
1986-08-08,312.924,-7.088000000000022
1986-08-15,310.871,-2.0529999999999973
1986-08-22,308.755,-2.1159999999999854
1986-08-29,310.955,2.1999999999999886
1986-09-05,306.246,-4.709000000000003
1986-09-12,310.49,4.244000000000028
1986-09-19,307.28,-3.2100000000000364
1986-09-26,313.278,5.998000000000047
1986-10-03,315.751,2.4729999999999563
1986-10-10,313.01,-2.7409999999999854
1986-10-17,320.001,6.9909999999999854
1986-10-24,318.425,-1.575999999999965
1986-10-31,327.758,9.33299999999997
1986-11-07,315.272,-12.48599999999999
1986-11-14,319.679,4.406999999999982
1986-11-21,318.454,-1.224999999999966
1986-11-28,321.037,2.58299999999997
1986-12-05,317.98,-3.0569999999999595
1986-12-12,321.059,3.0790000000000077
1986-12-19,317.982,-3.076999999999998
1986-12-26,306.597,-11.385000000000048
1987-01-02,307.823,1.225999999999999
1987-01-09,316.926,9.103000000000009
1987-01-16,307.26,-9.665999999999997
1987-01-23,304.234,-3.0260000000000105
1987-01-30,309.455,5.221000000000004
1987-02-06,308.479,-0.9759999999999991
1987-02-13,307.917,-0.5620000000000118
1987-02-20,308.205,0.2880000000000109
1987-02-27,311.491,3.2860000000000014
1987-03-06,310.363,-1.127999999999986
1987-03-13,305.895,-4.468000000000018
1987-03-20,313.392,7.497000000000014
1987-03-27,308.038,-5.353999999999985
1987-04-03,314.031,5.992999999999995
1987-04-10,308.491,-5.5400000000000205
1987-04-17,299.466,-9.024999999999977
1987-04-24,298.167,-1.299000000000035
1987-05-01,307.567,9.400000000000034
1987-05-08,302.611,-4.956000000000017
1987-05-15,300.278,-2.33299999999997
1987-05-22,303.381,3.102999999999952
1987-05-29,299.567,-3.8139999999999645
1987-06-05,300.954,1.3870000000000005
1987-06-12,301.345,0.39100000000001955
1987-06-19,301.883,0.5379999999999541
1987-06-26,304.454,2.5710000000000264
1987-07-03,304.943,0.4889999999999759
1987-07-10,302.862,-2.0809999999999604
1987-07-17,298.706,-4.156000000000006
1987-07-24,301.702,2.995999999999981
1987-07-31,307.077,5.375
1987-08-07,300.958,-6.118999999999971
1987-08-14,302.412,1.4539999999999509
1987-08-21,309.22,6.80800000000005
1987-08-28,309.451,0.23099999999999454
1987-09-04,313.494,4.043000000000006
1987-09-11,312.686,-0.8080000000000496
1987-09-18,312.588,-0.09799999999995634
1987-09-25,316.043,3.454999999999984
1987-10-02,314.186,-1.8570000000000277
1987-10-09,310.961,-3.224999999999966
1987-10-16,313.755,2.7939999999999827
1987-10-23,316.857,3.1020000000000323
1987-10-30,328.896,12.038999999999987
1987-11-06,333.255,4.3589999999999804
1987-11-13,335.157,1.9019999999999868
1987-11-20,338.198,3.040999999999997
1987-11-27,335.814,-2.3839999999999577
1987-12-04,337.304,1.4899999999999523
1987-12-11,338.654,1.3500000000000227
1987-12-18,340.67,2.0160000000000196
1987-12-25,339.178,-1.4920000000000186
1988-01-01,333.655,-5.523000000000025
1988-01-08,320.851,-12.803999999999974
1988-01-15,320.568,-0.28300000000001546
1988-01-22,319.76,-0.8079999999999927
1988-01-29,316.008,-3.7520000000000095
1988-02-05,317.127,1.1190000000000282
1988-02-12,312.386,-4.7409999999999854
1988-02-19,320.876,8.489999999999952
1988-02-26,324.061,3.1850000000000023
1988-03-04,325.274,1.2130000000000223
1988-03-11,325.188,-0.08600000000001273
1988-03-18,328.937,3.7490000000000236
1988-03-25,327.289,-1.6480000000000246
1988-04-01,328.537,1.2479999999999905
1988-04-08,333.705,5.168000000000006
1988-04-15,333.296,-0.4089999999999918
1988-04-22,338.077,4.781000000000006
1988-04-29,335.042,-3.035000000000025
1988-05-06,340.335,5.293000000000006
1988-05-13,343.544,3.209000000000003
1988-05-20,345.463,1.9190000000000396
1988-05-27,341.208,-4.2549999999999955
1988-06-03,343.019,1.8109999999999786
1988-06-10,340.37,-2.649000000000001
1988-06-17,344.567,4.197000000000003
1988-06-24,341.838,-2.728999999999985
1988-07-01,342.31,0.47199999999998
1988-07-08,339.783,-2.526999999999987
1988-07-15,334.259,-5.524000000000001
1988-07-22,330.751,-3.508000000000038
1988-07-29,332.365,1.6140000000000327
1988-08-05,330.335,-2.0300000000000296
1988-08-12,327.971,-2.363999999999976
1988-08-19,323.205,-4.7660000000000196
1988-08-26,318.511,-4.69399999999996
1988-09-02,313.544,-4.967000000000041
1988-09-09,311.683,-1.86099999999999
1988-09-16,305.143,-6.5400000000000205
1988-09-23,300.43,-4.712999999999965
1988-09-30,306.036,5.6059999999999945
1988-10-07,305.45,-0.5860000000000127
1988-10-14,310.447,4.997000000000014
1988-10-21,315.085,4.637999999999977
1988-10-28,316.401,1.316000000000031
1988-11-04,322.097,5.6959999999999695
1988-11-11,318.675,-3.4219999999999686
1988-11-18,326.823,8.147999999999968
1988-11-25,322.409,-4.413999999999987
1988-12-02,319.749,-2.659999999999968
1988-12-09,324.248,4.498999999999967
1988-12-16,318.99,-5.257999999999981
1988-12-23,314.765,-4.225000000000023
1988-12-30,313.654,-1.11099999999999
1989-01-06,305.576,-8.077999999999975
1989-01-13,302.665,-2.9110000000000014
1989-01-20,306.513,3.8479999999999563
1989-01-27,307.008,0.49500000000000455
1989-02-03,313.945,6.937000000000012
1989-02-10,305.217,-8.728000000000009
1989-02-17,306.065,0.8480000000000132
1989-02-24,305.255,-0.8100000000000023
1989-03-03,315.037,9.781999999999982
1989-03-10,313.828,-1.2090000000000032
1989-03-17,318.36,4.532000000000039
1989-03-24,317.835,-0.5250000000000341
1989-03-31,307.789,-10.045999999999992
1989-04-07,306.513,-1.2760000000000105
1989-04-14,302.086,-4.426999999999964
1989-04-21,312.478,10.391999999999996
1989-04-28,316.567,4.088999999999999
1989-05-05,327.039,10.47199999999998
1989-05-12,328.885,1.8460000000000036
1989-05-19,322.4,-6.485000000000014
1989-05-26,320.489,-1.9110000000000014
1989-06-02,324.887,4.398000000000025
1989-06-09,321.641,-3.245999999999981
1989-06-16,319.223,-2.4180000000000064
1989-06-23,322.738,3.5149999999999864
1989-06-30,315.455,-7.2830000000000155
1989-07-07,315.749,0.29400000000003956
1989-07-14,313.424,-2.3250000000000455
1989-07-21,312.422,-1.0019999999999527
1989-07-28,313.68,1.2579999999999814
1989-08-04,313.202,-0.47800000000000864
1989-08-11,310.165,-3.0369999999999777
1989-08-18,319.131,8.965999999999951
1989-08-25,318.038,-1.092999999999961
1989-09-01,317.963,-0.07499999999998863
1989-09-08,320.241,2.277999999999963
1989-09-15,309.387,-10.853999999999985
1989-09-22,310.542,1.1549999999999727
1989-09-29,313.121,2.5790000000000077
1989-10-06,318.394,5.273000000000025
1989-10-13,323.92,5.5260000000000105
1989-10-20,317.15,-6.770000000000039
1989-10-27,322.286,5.136000000000024
1989-11-03,320.398,-1.8879999999999768
1989-11-10,327.954,7.555999999999983
1989-11-17,327.78,-0.17400000000003502
1989-11-24,324.125,-3.6549999999999727
1989-12-01,332.385,8.259999999999991
1989-12-08,323.052,-9.33299999999997
1989-12-15,328.006,4.953999999999951
1989-12-22,325.36,-2.645999999999958
1989-12-29,324.28,-1.080000000000041
1990-01-05,324.222,-0.057999999999992724
1990-01-12,327.819,3.597000000000037
1990-01-19,326.173,-1.646000000000015
1990-01-26,324.123,-2.0500000000000114
1990-02-02,334.128,10.004999999999995
1990-02-09,329.316,-4.812000000000012
1990-02-16,326.869,-2.446999999999946
1990-02-23,322.293,-4.576000000000022
1990-03-02,325.816,3.5229999999999677
1990-03-09,332.142,6.326000000000022
1990-03-16,330.696,-1.4459999999999695
1990-03-23,339.931,9.234999999999957
1990-03-30,342.865,2.934000000000026
1990-04-06,349.942,7.076999999999998
1990-04-13,350.859,0.9169999999999732
1990-04-20,349.299,-1.5600000000000023
1990-04-27,353.507,4.208000000000027
1990-05-04,353.485,-0.02199999999999136
1990-05-11,358.198,4.712999999999965
1990-05-18,361.994,3.796000000000049
1990-05-25,362.719,0.7249999999999659
1990-06-01,365.618,2.899000000000001
1990-06-08,367.486,1.867999999999995
1990-06-15,367.001,-0.48500000000001364
1990-06-22,367.704,0.7030000000000314
1990-06-29,368.708,1.004000000000019
1990-07-06,365.658,-3.0500000000000114
1990-07-13,370.201,4.543000000000006
1990-07-20,368.024,-2.177000000000021
1990-07-27,372.593,4.569000000000017
1990-08-03,364.848,-7.7450000000000045
1990-08-10,360.003,-4.845000000000027
1990-08-17,360.333,0.3300000000000409
1990-08-24,361.957,1.6239999999999668
1990-08-31,356.71,-5.247000000000014
1990-09-07,359.583,2.8730000000000473
1990-09-14,353.936,-5.647000000000048
1990-09-21,348.211,-5.724999999999966
1990-09-28,338.384,-9.826999999999998
1990-10-05,336.271,-2.1129999999999995
1990-10-12,328.752,-7.5190000000000055
1990-10-19,325.992,-2.759999999999991
1990-10-26,327.234,1.2419999999999618
1990-11-02,331.392,4.1580000000000155
1990-11-09,333.036,1.6440000000000055
1990-11-16,327.293,-5.742999999999995
1990-11-23,324.268,-3.025000000000034
1990-11-30,326.855,2.587000000000046
1990-12-07,321.412,-5.4430000000000405
1990-12-14,320.154,-1.2579999999999814
1990-12-21,321.992,1.8380000000000223
1990-12-28,315.92,-6.072000000000003
1991-01-04,307.542,-8.378000000000043
1991-01-11,308.44,0.8980000000000246
1991-01-18,307.051,-1.38900000000001
1991-01-25,307.043,-0.007999999999981355
1991-02-01,310.149,3.1059999999999945
1991-02-08,311.359,1.2099999999999795
1991-02-15,317.278,5.91900000000004
1991-02-22,316.183,-1.0950000000000273
1991-03-01,315.962,-0.22100000000000364
1991-03-08,314.29,-1.6719999999999686
1991-03-15,320.665,6.375
1991-03-22,321.538,0.8729999999999905
1991-03-29,326.275,4.736999999999966
1991-04-05,321.264,-5.010999999999967
1991-04-12,325.762,4.4979999999999905
1991-04-19,322.676,-3.0860000000000127
1991-04-26,328.22,5.54400000000004
1991-05-03,324.141,-4.079000000000008
1991-05-10,323.906,-0.23500000000001364
1991-05-17,329.898,5.992000000000019
1991-05-24,329.325,-0.5730000000000359
1991-05-31,336.202,6.8770000000000095
1991-06-07,337.008,0.8059999999999832
1991-06-14,337.807,0.799000000000035
1991-06-21,336.429,-1.3780000000000427
1991-06-28,333.376,-3.0529999999999973
1991-07-05,334.579,1.2030000000000314
1991-07-12,333.524,-1.0550000000000068
1991-07-19,331.739,-1.785000000000025
1991-07-26,327.97,-3.7689999999999486
1991-08-02,328.659,0.6889999999999645
1991-08-09,330.373,1.7139999999999986
1991-08-16,328.44,-1.9329999999999927
1991-08-23,333.744,5.3040000000000305
1991-08-30,335.646,1.9019999999999868
1991-09-06,325.886,-9.759999999999991
1991-09-13,319.319,-6.567000000000007
1991-09-20,319.45,0.1309999999999718
1991-09-27,324.157,4.706999999999994
1991-10-04,323.069,-1.0879999999999654
1991-10-11,326.402,3.33299999999997
1991-10-18,323.942,-2.4599999999999795
1991-10-25,332.763,8.82099999999997
1991-11-01,326.645,-6.117999999999995
1991-11-08,330.46,3.8149999999999977
1991-11-15,335.596,5.136000000000024
1991-11-22,329.588,-6.007999999999981
1991-11-29,324.131,-5.4570000000000505
1991-12-06,329.127,4.996000000000038
1991-12-13,323.089,-6.038000000000011
1991-12-20,318.937,-4.151999999999987
1991-12-27,308.857,-10.079999999999984
1992-01-03,314.823,5.965999999999951
1992-01-10,318.314,3.4910000000000423
1992-01-17,317.138,-1.1760000000000446
1992-01-24,322.809,5.671000000000049
1992-01-31,318.393,-4.416000000000054
1992-02-07,318.207,-0.18599999999997863
1992-02-14,316.4,-1.8070000000000164
1992-02-21,319.575,3.1750000000000114
1992-02-28,326.596,7.021000000000015
1992-03-06,332.894,6.298000000000002
1992-03-13,327.449,-5.444999999999993
1992-03-20,330.98,3.531000000000006
1992-03-27,325.46,-5.520000000000039
1992-04-03,321.859,-3.600999999999999
1992-04-10,330.314,8.455000000000041
1992-04-17,333.12,2.805999999999983
1992-04-24,333.922,0.8020000000000209
1992-05-01,335.376,1.4539999999999509
1992-05-08,334.716,-0.6599999999999682
1992-05-15,336.011,1.295000000000016
1992-05-22,331.422,-4.588999999999999
1992-05-29,328.776,-2.646000000000015
1992-06-05,329.598,0.8220000000000027
1992-06-12,330.394,0.7959999999999923
1992-06-19,324.093,-6.300999999999988
1992-06-26,313.189,-10.903999999999996
1992-07-03,312.195,-0.9940000000000282
1992-07-10,314.858,2.663000000000011
1992-07-17,308.493,-6.365000000000009
1992-07-24,308.467,-0.02600000000001046
1992-07-31,314.258,5.790999999999997
1992-08-07,312.486,-1.7719999999999914
1992-08-14,311.493,-0.992999999999995
1992-08-21,316.097,4.603999999999985
1992-08-28,308.645,-7.451999999999998
1992-09-04,310.794,2.149000000000001
1992-09-11,310.111,-0.6829999999999927
1992-09-18,310.947,0.8360000000000127
1992-09-25,306.213,-4.7339999999999804
1992-10-02,309.071,2.858000000000004
1992-10-09,308.292,-0.7790000000000532
1992-10-16,310.536,2.244000000000028
1992-10-23,311.561,1.0249999999999773
1992-10-30,314.967,3.406000000000006
1992-11-06,308.578,-6.38900000000001
1992-11-13,301.537,-7.040999999999997
1992-11-20,307.093,5.55600000000004
1992-11-27,308.64,1.5469999999999686
1992-12-04,307.589,-1.0509999999999877
1992-12-11,313.161,5.572000000000003
1992-12-18,312.842,-0.3190000000000168
1992-12-25,301.053,-11.788999999999987
1993-01-01,301.973,0.9200000000000159
1993-01-08,299.341,-2.632000000000005
1993-01-15,307.272,7.930999999999983
1993-01-22,306.106,-1.1659999999999968
1993-01-29,308.108,2.0020000000000095
1993-02-05,311.717,3.6089999999999804
1993-02-12,318.408,6.691000000000031
1993-02-19,308.086,-10.322000000000003
1993-02-26,315.969,7.882999999999981
1993-03-05,321.897,5.927999999999997
1993-03-12,327.504,5.607000000000028
1993-03-19,314.322,-13.182000000000016
1993-03-26,322.22,7.898000000000025
1993-04-02,322.889,0.6689999999999827
1993-04-09,334.413,11.524000000000001
1993-04-16,325.153,-9.259999999999991
1993-04-23,326.248,1.0949999999999704
1993-04-30,328.945,2.6970000000000027
1993-05-07,329.635,0.6899999999999977
1993-05-14,335.087,5.451999999999998
1993-05-21,338.201,3.1140000000000327
1993-05-28,334.383,-3.8180000000000405
1993-06-04,332.686,-1.6970000000000027
1993-06-11,324.772,-7.913999999999987
1993-06-18,334.025,9.252999999999986
1993-06-25,340.315,6.2900000000000205
1993-07-02,331.995,-8.319999999999993
1993-07-09,335.417,3.4219999999999686
1993-07-16,343.583,8.166000000000054
1993-07-23,338.056,-5.527000000000044
1993-07-30,333.639,-4.416999999999973
1993-08-06,334.659,1.0199999999999818
1993-08-13,330.153,-4.505999999999972
1993-08-20,325.426,-4.727000000000032
1993-08-27,326.782,1.3559999999999945
1993-09-03,320.499,-6.282999999999959
1993-09-10,321.821,1.3220000000000027
1993-09-17,321.61,-0.21100000000001273
1993-09-24,312.084,-9.52600000000001
1993-10-01,309.991,-2.0930000000000177
1993-10-08,314.249,4.258000000000038
1993-10-15,309.375,-4.874000000000024
1993-10-22,316.8,7.425000000000011
1993-10-29,318.584,1.7839999999999918
1993-11-05,315.239,-3.3450000000000273
1993-11-12,320.25,5.011000000000024
1993-11-19,314.738,-5.5120000000000005
1993-11-26,316.131,1.3929999999999723
1993-12-03,321.509,5.378000000000043
1993-12-10,327.837,6.3279999999999745
1993-12-17,330.247,2.410000000000025
1993-12-24,330.079,-0.16800000000000637
1993-12-31,323.542,-6.537000000000035
1994-01-07,316.593,-6.948999999999955
1994-01-14,316.399,-0.19400000000001683
1994-01-21,310.921,-5.478000000000009
1994-01-28,314.011,3.090000000000032
1994-02-04,317.837,3.825999999999965
1994-02-11,313.482,-4.354999999999961
1994-02-18,316.51,3.027999999999963
1994-02-25,309.328,-7.182000000000016
1994-03-04,316.945,7.617000000000019
1994-03-11,311.869,-5.075999999999965
1994-03-18,323.772,11.902999999999963
1994-03-25,318.641,-5.130999999999972
1994-04-01,318.717,0.07599999999996498
1994-04-08,319.232,0.5150000000000432
1994-04-15,321.163,1.9309999999999832
1994-04-22,321.241,0.07799999999997453
1994-04-29,322.151,0.910000000000025
1994-05-06,316.458,-5.692999999999984
1994-05-13,315.52,-0.938000000000045
1994-05-20,317.174,1.6539999999999964
1994-05-27,316.08,-1.093999999999994
1994-06-03,311.596,-4.4839999999999804
1994-06-10,308.787,-2.809000000000026
1994-06-17,307.22,-1.5669999999999504
1994-06-24,310.699,3.478999999999985
1994-07-01,311.642,0.9429999999999836
1994-07-08,311.816,0.17399999999997817
1994-07-15,314.998,3.1820000000000164
1994-07-22,318.255,3.257000000000005
1994-07-29,312.403,-5.851999999999975
1994-08-05,309.883,-2.5200000000000387
1994-08-12,312.998,3.115000000000009
1994-08-19,310.161,-2.836999999999989
1994-08-26,307.717,-2.444000000000017
1994-09-02,307.532,-0.18500000000000227
1994-09-09,307.27,-0.26200000000000045
1994-09-16,308.725,1.455000000000041
1994-09-23,314.62,5.894999999999982
1994-09-30,317.891,3.271000000000015
1994-10-07,316.959,-0.9320000000000164
1994-10-14,321.399,4.439999999999998
1994-10-21,319.57,-1.8290000000000077
1994-10-28,328.905,9.33499999999998
1994-11-04,327.917,-0.9879999999999995
1994-11-11,327.189,-0.7279999999999518
1994-11-18,324.211,-2.9780000000000086
1994-11-25,321.739,-2.472000000000037
1994-12-02,321.693,-0.04599999999999227
1994-12-09,320.205,-1.4879999999999995
1994-12-16,319.55,-0.6549999999999727
1994-12-23,320.236,0.6859999999999786
1994-12-30,312.846,-7.389999999999986
1995-01-06,314.56,1.7139999999999986
1995-01-13,313.278,-1.2819999999999823
1995-01-20,306.864,-6.414000000000044
1995-01-27,306.583,-0.28099999999994907
1995-02-03,309.81,3.2269999999999754
1995-02-10,303.476,-6.334000000000003
1995-02-17,310.839,7.3629999999999995
1995-02-24,305.268,-5.571000000000026
1995-03-03,308.234,2.966000000000008
1995-03-10,308.719,0.48500000000001364
1995-03-17,309.258,0.5389999999999873
1995-03-24,313.308,4.050000000000011
1995-03-31,321.069,7.761000000000024
1995-04-07,318.266,-2.8029999999999973
1995-04-14,319.45,1.183999999999969
1995-04-21,322.472,3.0219999999999914
1995-04-28,318.365,-4.106999999999971
1995-05-05,316.444,-1.9209999999999923
1995-05-12,317.267,0.8229999999999791
1995-05-19,313.118,-4.149000000000001
1995-05-26,310.099,-3.0190000000000055
1995-06-02,307.943,-2.156000000000006
1995-06-09,307.39,-0.5529999999999973
1995-06-16,306.901,-0.4889999999999759
1995-06-23,299.434,-7.4669999999999845
1995-06-30,303.16,3.725999999999999
1995-07-07,301.985,-1.1750000000000114
1995-07-14,301.968,-0.016999999999995907
1995-07-21,295.085,-6.883000000000038
1995-07-28,298.034,2.9490000000000123
1995-08-04,291.165,-6.868999999999971
1995-08-11,293.67,2.5049999999999955
1995-08-18,286.28,-7.390000000000043
1995-08-25,289.233,2.9530000000000314
1995-09-01,296.654,7.420999999999992
1995-09-08,292.052,-4.601999999999975
1995-09-15,291.145,-0.9070000000000391
1995-09-22,290.595,-0.5499999999999545
1995-09-29,285.54,-5.055000000000007
1995-10-06,281.156,-4.3840000000000146
1995-10-13,281.131,-0.025000000000034106
1995-10-20,283.307,2.1760000000000446
1995-10-27,284.831,1.524000000000001
1995-11-03,288.122,3.290999999999997
1995-11-10,286.496,-1.6260000000000332
1995-11-17,296.105,9.609000000000037
1995-11-24,302.184,6.079000000000008
1995-12-01,299.072,-3.112000000000023
1995-12-08,294.812,-4.259999999999991
1995-12-15,300.674,5.861999999999966
1995-12-22,294.817,-5.856999999999971
1995-12-29,284.591,-10.225999999999999
1996-01-05,285.623,1.0319999999999823
1996-01-12,288.551,2.9279999999999973
1996-01-19,292.829,4.27800000000002
1996-01-26,291.084,-1.7450000000000045
1996-02-02,288.674,-2.410000000000025
1996-02-09,286.44,-2.2339999999999804
1996-02-16,283.38,-3.0600000000000023
1996-02-23,283.723,0.34300000000001774
1996-03-01,280.448,-3.275000000000034
1996-03-08,288.673,8.225000000000023
1996-03-15,283.404,-5.2690000000000055
1996-03-22,282.187,-1.2169999999999845
1996-03-29,280.124,-2.062999999999988
1996-04-05,282.424,2.2999999999999545
1996-04-12,283.823,1.399000000000001
1996-04-19,279.794,-4.028999999999996
1996-04-26,279.424,-0.37000000000000455
1996-05-03,286.604,7.180000000000007
1996-05-10,284.902,-1.7019999999999982
1996-05-17,280.45,-4.451999999999998
1996-05-24,281.578,1.127999999999986
1996-05-31,293.515,11.937000000000012
1996-06-07,291.863,-1.6519999999999868
1996-06-14,288.853,-3.009999999999991
1996-06-21,289.709,0.8559999999999945
1996-06-28,296.562,6.853000000000009
1996-07-05,298.222,1.6599999999999682
1996-07-12,295.695,-2.526999999999987
1996-07-19,291.857,-3.8379999999999654
1996-07-26,292.972,1.1149999999999523
1996-08-02,290.295,-2.676999999999964
1996-08-09,289.134,-1.1610000000000014
1996-08-16,291.014,1.8799999999999955
1996-08-23,300.715,9.700999999999965
1996-08-30,295.65,-5.064999999999998
1996-09-06,292.562,-3.0879999999999654
1996-09-13,290.575,-1.9870000000000232
1996-09-20,291.751,1.1759999999999877
1996-09-27,286.638,-5.1129999999999995
1996-10-04,286.261,-0.3769999999999527
1996-10-11,282.96,-3.3010000000000446
1996-10-18,288.701,5.741000000000042
1996-10-25,285.642,-3.059000000000026
1996-11-01,295.892,10.25
1996-11-08,290.762,-5.1299999999999955
1996-11-15,288.297,-2.464999999999975
1996-11-22,283.501,-4.796000000000049
1996-11-29,283.728,0.2270000000000323
1996-12-06,282.735,-0.992999999999995
1996-12-13,279.788,-2.9470000000000027
1996-12-20,273.685,-6.103000000000009
1996-12-27,276.127,2.4420000000000073
1997-01-03,267.904,-8.223000000000013
1997-01-10,272.956,5.052000000000021
1997-01-17,271.491,-1.4650000000000318
1997-01-24,274.863,3.372000000000014
1997-01-31,280.898,6.035000000000025
1997-02-07,284.247,3.3489999999999895
1997-02-14,288.732,4.485000000000014
1997-02-21,288.568,-0.1640000000000441
1997-02-28,283.145,-5.423000000000002
1997-03-07,288.475,5.330000000000041
1997-03-14,288.585,0.1099999999999568
1997-03-21,287.497,-1.0879999999999654
1997-03-28,293.843,6.346000000000004
1997-04-04,294.041,0.19799999999997908
1997-04-11,296.665,2.6240000000000236
1997-04-18,298.115,1.4499999999999886
1997-04-25,300.941,2.825999999999965
1997-05-02,300.885,-0.055999999999983174
1997-05-09,307.28,6.394999999999982
1997-05-16,301.845,-5.434999999999945
1997-05-23,305.059,3.2139999999999986
1997-05-30,309.261,4.201999999999998
1997-06-06,308.845,-0.4159999999999968
1997-06-13,307.589,-1.2560000000000286
1997-06-20,307.126,-0.4630000000000223
1997-06-27,301.399,-5.726999999999975
1997-07-04,306.218,4.819000000000017
1997-07-11,303.759,-2.459000000000003
1997-07-18,301.774,-1.9850000000000136
1997-07-25,291.884,-9.889999999999986
1997-08-01,291.12,-0.76400000000001
1997-08-08,296.258,5.137999999999977
1997-08-15,296.882,0.6240000000000236
1997-08-22,291.628,-5.254000000000019
1997-08-29,290.026,-1.6019999999999754
1997-09-05,283.928,-6.098000000000013
1997-09-12,287.722,3.7939999999999827
1997-09-19,283.839,-3.8829999999999814
1997-09-26,285.157,1.3179999999999836
1997-10-03,289.944,4.787000000000035
1997-10-10,287.772,-2.1720000000000255
1997-10-17,284.474,-3.298000000000002
1997-10-24,289.079,4.605000000000018
1997-10-31,295.098,6.0190000000000055
1997-11-07,293.789,-1.309000000000026
1997-11-14,299.075,5.286000000000001
1997-11-21,302.849,3.774000000000001
1997-11-28,305.669,2.819999999999993
1997-12-05,300.911,-4.757999999999981
1997-12-12,303.451,2.5400000000000205
1997-12-19,299.482,-3.968999999999994
1997-12-26,296.23,-3.2520000000000095
1998-01-02,289.764,-6.466000000000008
1998-01-09,288.685,-1.0790000000000077
1998-01-16,299.897,11.211999999999989
1998-01-23,305.583,5.6860000000000355
1998-01-30,304.961,-0.6220000000000141
1998-02-06,304.983,0.02199999999999136
1998-02-13,306.685,1.7019999999999982
1998-02-20,309.568,2.8829999999999814
1998-02-27,307.969,-1.5989999999999895
1998-03-06,307.194,-0.7749999999999773
1998-03-13,305.137,-2.0570000000000164
1998-03-20,311.606,6.468999999999994
1998-03-27,313.2,1.593999999999994
1998-04-03,314.569,1.3690000000000282
1998-04-10,319.899,5.329999999999984
1998-04-17,324.906,5.007000000000005
1998-04-24,325.209,0.30299999999999727
1998-05-01,327.368,2.158999999999992
1998-05-08,326.705,-0.6630000000000109
1998-05-15,337.928,11.223000000000013
1998-05-22,334.682,-3.245999999999981
1998-05-29,330.394,-4.288000000000011
1998-06-05,329.534,-0.8600000000000136
1998-06-12,326.836,-2.697999999999979
1998-06-19,325.182,-1.6539999999999964
1998-06-26,326.843,1.6610000000000014
1998-07-03,324.057,-2.7860000000000014
1998-07-10,317.425,-6.632000000000005
1998-07-17,322.966,5.540999999999997
1998-07-24,326.795,3.8290000000000077
1998-07-31,327.478,0.6829999999999927
1998-08-07,328.423,0.9449999999999932
1998-08-14,327.887,-0.5360000000000014
1998-08-21,321.012,-6.875
1998-08-28,320.694,-0.31799999999998363
1998-09-04,312.057,-8.637
1998-09-11,309.675,-2.382000000000005
1998-09-18,300.336,-9.338999999999999
1998-09-25,303.433,3.09699999999998
1998-10-02,305.893,2.4599999999999795
1998-10-09,312.682,6.789000000000044
1998-10-16,316.227,3.544999999999959
1998-10-23,319.964,3.737000000000023
1998-10-30,323.739,3.7749999999999773
1998-11-06,322.932,-0.8069999999999595
1998-11-13,320.397,-2.535000000000025
1998-11-20,325.554,5.156999999999982
1998-11-27,319.986,-5.567999999999984
1998-12-04,318.465,-1.521000000000015
1998-12-11,321.884,3.4190000000000396
1998-12-18,323.364,1.4799999999999613
1998-12-25,320.706,-2.6579999999999586
1999-01-01,305.728,-14.978000000000009
1999-01-08,308.268,2.5399999999999636
1999-01-15,310.975,2.7070000000000505
1999-01-22,314.148,3.173000000000002
1999-01-29,316.73,2.5819999999999936
1999-02-05,317.131,0.4009999999999536
1999-02-12,315.393,-1.7379999999999995
1999-02-19,318.431,3.038000000000011
1999-02-26,315.274,-3.1569999999999823
1999-03-05,318.266,2.9920000000000186
1999-03-12,321.929,3.662999999999954
1999-03-19,324.736,2.8070000000000164
1999-03-26,328.539,3.8029999999999973
1999-04-02,326.768,-1.771000000000015
1999-04-09,328.885,2.1170000000000186
1999-04-16,325.729,-3.156000000000006
1999-04-23,322.286,-3.4429999999999836
1999-04-30,320.145,-2.1410000000000196
1999-05-07,317.539,-2.6059999999999945
1999-05-14,318.092,0.5529999999999973
1999-05-21,315.769,-2.322999999999979
1999-05-28,314.722,-1.0470000000000255
1999-06-04,316.858,2.136000000000024
1999-06-11,318.672,1.8140000000000214
1999-06-18,315.949,-2.723000000000013
1999-06-25,314.225,-1.7239999999999895
1999-07-02,314.03,-0.19500000000005002
1999-07-09,317.718,3.688000000000045
1999-07-16,318.092,0.3739999999999668
1999-07-23,312.916,-5.175999999999988
1999-07-30,309.516,-3.3999999999999773
1999-08-06,307.249,-2.266999999999996
1999-08-13,305.616,-1.6330000000000382
1999-08-20,301.091,-4.524999999999977
1999-08-27,301.653,0.5620000000000118
1999-09-03,297.212,-4.441000000000031
1999-09-10,292.93,-4.281999999999982
1999-09-17,293.119,0.18900000000002137
1999-09-24,288.862,-4.257000000000005
1999-10-01,288.395,-0.4670000000000414
1999-10-08,281.186,-7.209000000000003
1999-10-15,284.609,3.423000000000002
1999-10-22,284.878,0.26900000000000546
1999-10-29,288.599,3.7210000000000036
1999-11-05,288.955,0.35599999999999454
1999-11-12,290.755,1.8000000000000114
1999-11-19,287.692,-3.062999999999988
1999-11-26,283.338,-4.353999999999985
1999-12-03,283.063,-0.2750000000000341
1999-12-10,277.477,-5.586000000000013
1999-12-17,276.646,-0.8309999999999604
1999-12-24,276.345,-0.3009999999999877
1999-12-31,274.626,-1.719000000000051
2000-01-07,277.549,2.923000000000002
2000-01-14,277.464,-0.08499999999997954
2000-01-21,275.032,-2.4320000000000164
2000-01-28,266.614,-8.418000000000006
2000-02-04,269.982,3.368000000000052
2000-02-11,269.796,-0.18600000000003547
2000-02-18,269.487,-0.3089999999999691
2000-02-25,269.816,0.3289999999999509
2000-03-03,274.502,4.6860000000000355
2000-03-10,274.933,0.4309999999999832
2000-03-17,276.572,1.63900000000001
2000-03-24,276.422,-0.14999999999997726
2000-03-31,277.924,1.5019999999999527
2000-04-07,280.771,2.847000000000037
2000-04-14,286.265,5.493999999999971
2000-04-21,291.335,5.069999999999993
2000-04-28,288.071,-3.263999999999953
2000-05-05,292.607,4.536000000000001
2000-05-12,292.857,0.25
2000-05-19,293.806,0.9489999999999554
2000-05-26,289.205,-4.600999999999999
2000-06-02,285.075,-4.1299999999999955
2000-06-09,283.639,-1.4359999999999786
2000-06-16,279.078,-4.5610000000000355
2000-06-23,279.405,0.3269999999999982
2000-06-30,277.611,-1.7939999999999827
2000-07-07,278.885,1.274000000000001
2000-07-14,278.4,-0.48500000000001364
2000-07-21,278.674,0.2740000000000009
2000-07-28,268.121,-10.552999999999997
2000-08-04,269.659,1.538000000000011
2000-08-11,273.059,3.400000000000034
2000-08-18,268.901,-4.1580000000000155
2000-08-25,270.948,2.0469999999999686
2000-09-01,273.691,2.742999999999995
2000-09-08,272.764,-0.9269999999999641
2000-09-15,270.282,-2.4820000000000277
2000-09-22,269.781,-0.5009999999999764
2000-09-29,270.873,1.0919999999999845
2000-10-06,271.752,0.8790000000000191
2000-10-13,267.235,-4.516999999999996
2000-10-20,269.64,2.4049999999999727
2000-10-27,268.151,-1.488999999999976
2000-11-03,266.594,-1.5570000000000164
2000-11-10,268.091,1.497000000000014
2000-11-17,274.255,6.163999999999987
2000-11-24,274.177,-0.07799999999997453
2000-12-01,276.195,2.0179999999999723
2000-12-08,272.826,-3.3689999999999714
2000-12-15,275.859,3.0329999999999586
2000-12-22,274.608,-1.2509999999999764
2000-12-29,272.771,-1.836999999999989
2001-01-05,272.072,-0.6990000000000123
2001-01-12,271.062,-1.009999999999991
2001-01-19,269.952,-1.1100000000000136
2001-01-26,266.382,-3.569999999999993
2001-02-02,269.298,2.915999999999997
2001-02-09,272.662,3.363999999999976
2001-02-16,260.782,-11.879999999999995
2001-02-23,263.661,2.879000000000019
2001-03-02,260.949,-2.711999999999989
2001-03-09,268.92,7.971000000000004
2001-03-16,273.922,5.0020000000000095
2001-03-23,285.11,11.187999999999988
2001-03-30,286.795,1.6850000000000023
2001-04-06,290.606,3.8109999999999786
2001-04-13,296.817,6.211000000000013
2001-04-20,295.392,-1.4250000000000114
2001-04-27,301.717,6.324999999999989
2001-05-04,302.335,0.617999999999995
2001-05-11,304.811,2.475999999999999
2001-05-18,308.153,3.3420000000000414
2001-05-25,306.411,-1.7420000000000186
2001-06-01,307.913,1.5020000000000095
2001-06-08,299.709,-8.204000000000008
2001-06-15,298.981,-0.7280000000000086
2001-06-22,298.973,-0.007999999999981355
2001-06-29,294.22,-4.752999999999986
2001-07-06,291.112,-3.108000000000004
2001-07-13,298.133,7.020999999999958
2001-07-20,299.513,1.3799999999999955
2001-07-27,298.463,-1.0499999999999545
2001-08-03,291.804,-6.659000000000049
2001-08-10,288.954,-2.849999999999966
2001-08-17,284.951,-4.002999999999986
2001-08-24,287.648,2.6970000000000027
2001-08-31,285.694,-1.9540000000000077
2001-09-07,286.655,0.9609999999999559
2001-09-14,286.029,-0.6259999999999764
2001-09-21,289.215,3.1859999999999786
2001-09-28,290.827,1.6120000000000232
2001-10-05,290.699,-0.1279999999999859
2001-10-12,286.259,-4.439999999999998
2001-10-19,289.082,2.822999999999979
2001-10-26,291.538,2.4560000000000173
2001-11-02,295.552,4.01400000000001
2001-11-09,295.285,-0.2669999999999959
2001-11-16,294.065,-1.2200000000000273
2001-11-23,290.885,-3.180000000000007
2001-11-30,295.14,4.2549999999999955
2001-12-07,292.803,-2.336999999999989
2001-12-14,293.164,0.36099999999999
2001-12-21,295.777,2.6129999999999995
2001-12-28,293.607,-2.169999999999959
2002-01-04,294.406,0.7989999999999782
2002-01-11,295.434,1.02800000000002
2002-01-18,298.183,2.748999999999967
2002-01-25,300.289,2.1059999999999945
2002-02-01,302.497,2.208000000000027
2002-02-08,304.998,2.5009999999999764
2002-02-15,301.89,-3.108000000000004
2002-02-22,299.422,-2.467999999999961
2002-03-01,303.756,4.333999999999946
2002-03-08,304.089,0.33300000000002683
2002-03-15,306.697,2.608000000000004
2002-03-22,302.253,-4.444000000000017
2002-03-29,308.278,6.025000000000034
2002-04-05,308.541,0.2629999999999768
2002-04-12,302.876,-5.6650000000000205
2002-04-19,304.462,1.5860000000000127
2002-04-26,309.034,4.572000000000003
2002-05-03,303.358,-5.675999999999988
2002-05-10,299.171,-4.187000000000012
2002-05-17,303.801,4.6299999999999955
2002-05-24,302.265,-1.5360000000000014
2002-05-31,308.297,6.032000000000039
2002-06-07,307.115,-1.1820000000000164
2002-06-14,306.632,-0.4830000000000041
2002-06-21,303.193,-3.4390000000000214
2002-06-28,304.766,1.573000000000036
2002-07-05,300.361,-4.40500000000003
2002-07-12,298.381,-1.9800000000000182
2002-07-19,294.699,-3.6819999999999595
2002-07-26,292.722,-1.9770000000000323
2002-08-02,290.642,-2.079999999999984
2002-08-09,283.437,-7.204999999999984
2002-08-16,286.29,2.8530000000000086
2002-08-23,286.554,0.26399999999995316
2002-08-30,281.926,-4.627999999999986
2002-09-06,276.874,-5.051999999999964
2002-09-13,271.47,-5.403999999999996
2002-09-20,268.878,-2.5920000000000414
2002-09-27,258.896,-9.981999999999971
2002-10-04,254.248,-4.648000000000025
2002-10-11,263.223,8.975000000000023
2002-10-18,270.0,6.776999999999987
2002-10-25,270.914,0.9139999999999873
2002-11-01,274.396,3.4820000000000277
2002-11-08,267.506,-6.890000000000043
2002-11-15,271.961,4.455000000000041
2002-11-22,268.062,-3.899000000000001
2002-11-29,271.138,3.075999999999965
2002-12-06,272.561,1.4230000000000018
2002-12-13,270.5,-2.0609999999999786
2002-12-20,271.215,0.714999999999975
2002-12-27,262.089,-9.125999999999976
2003-01-03,262.508,0.4189999999999827
2003-01-10,256.079,-6.428999999999974
2003-01-17,257.664,1.5849999999999795
2003-01-24,257.156,-0.5079999999999814
2003-01-31,258.1,0.9440000000000168
2003-02-07,253.779,-4.321000000000026
2003-02-14,256.837,3.0579999999999927
2003-02-21,255.803,-1.0339999999999918
2003-02-28,257.5,1.6970000000000027
2003-03-07,253.212,-4.288000000000011
2003-03-14,253.684,0.4720000000000084
2003-03-21,257.389,3.7050000000000125
2003-03-28,264.122,6.733000000000004
2003-04-04,260.624,-3.4979999999999905
2003-04-11,260.756,0.13199999999994816
2003-04-18,269.727,8.971000000000004
2003-04-25,271.549,1.8220000000000027
2003-05-02,271.099,-0.44999999999998863
2003-05-09,268.376,-2.723000000000013
2003-05-16,269.04,0.6640000000000441
2003-05-23,270.067,1.0269999999999868
2003-05-30,272.931,2.863999999999976
2003-06-06,268.24,-4.690999999999974
2003-06-13,272.224,3.9839999999999804
2003-06-20,268.079,-4.144999999999982
2003-06-27,265.963,-2.1159999999999854
2003-07-04,265.819,-0.14400000000000546
2003-07-11,262.189,-3.6299999999999955
2003-07-18,259.85,-2.3389999999999986
2003-07-25,260.944,1.093999999999994
2003-08-01,264.082,3.137999999999977
2003-08-08,264.262,0.18000000000000682
2003-08-15,262.676,-1.5860000000000127
2003-08-22,262.492,-0.18399999999996908
2003-08-29,264.253,1.7609999999999673
2003-09-05,259.784,-4.468999999999994
2003-09-12,262.933,3.149000000000001
2003-09-19,264.423,1.490000000000009
2003-09-26,264.376,-0.047000000000025466
2003-10-03,269.223,4.847000000000037
2003-10-10,273.02,3.7969999999999686
2003-10-17,271.225,-1.794999999999959
2003-10-24,274.865,3.6399999999999864
2003-10-31,274.914,0.04899999999997817
2003-11-07,273.975,-0.9389999999999645
2003-11-14,276.885,2.909999999999968
2003-11-21,271.996,-4.88900000000001
2003-11-28,267.167,-4.829000000000008
2003-12-05,261.722,-5.444999999999993
2003-12-12,256.598,-5.123999999999967
2003-12-19,258.243,1.6449999999999818
2003-12-26,254.466,-3.776999999999987
2004-01-02,252.611,-1.8550000000000182
2004-01-09,247.627,-4.9839999999999804
2004-01-16,248.839,1.211999999999989
2004-01-23,247.323,-1.5159999999999911
2004-01-30,255.245,7.921999999999997
2004-02-06,252.192,-3.0529999999999973
2004-02-13,257.092,4.899999999999977
2004-02-20,257.092,0.0
2004-02-27,259.092,2.0
2004-03-05,262.729,3.6370000000000005
2004-03-12,264.309,1.580000000000041
2004-03-19,271.841,7.531999999999982
2004-03-26,277.539,5.697999999999979
2004-04-02,276.118,-1.4209999999999923
2004-04-09,279.266,3.1480000000000246
2004-04-16,279.474,0.20799999999997
2004-04-23,282.653,3.1790000000000305
2004-04-30,282.748,0.09499999999997044
2004-05-07,283.676,0.9279999999999973
2004-05-14,282.58,-1.0960000000000036
2004-05-21,282.605,0.025000000000034106
2004-05-28,285.384,2.7789999999999964
2004-06-04,286.099,0.714999999999975
2004-06-11,286.951,0.8520000000000323
2004-06-18,289.366,2.4149999999999636
2004-06-25,288.862,-0.5039999999999623
2004-07-02,288.952,0.08999999999997499
2004-07-09,286.78,-2.1720000000000255
2004-07-16,283.207,-3.572999999999979
2004-07-23,284.379,1.1720000000000255
2004-07-30,282.564,-1.8149999999999977
2004-08-06,278.427,-4.1370000000000005
2004-08-13,277.216,-1.2110000000000127
2004-08-20,275.516,-1.6999999999999886
2004-08-27,271.284,-4.232000000000028
2004-09-03,269.754,-1.5299999999999727
2004-09-10,262.742,-7.0120000000000005
2004-09-17,253.63,-9.112000000000023
2004-09-24,257.031,3.4010000000000105
2004-10-01,257.912,0.8809999999999718
2004-10-08,262.115,4.203000000000031
2004-10-15,263.313,1.197999999999979
2004-10-22,267.257,3.944000000000017
2004-10-29,273.529,6.271999999999991
2004-11-05,275.232,1.7030000000000314
2004-11-12,276.047,0.8149999999999977
2004-11-19,276.132,0.08499999999997954
2004-11-26,276.981,0.8489999999999895
2004-12-03,277.522,0.5409999999999968
2004-12-10,277.396,-0.12599999999997635
2004-12-17,279.52,2.123999999999967
2004-12-24,278.661,-0.8589999999999804
2004-12-31,275.442,-3.218999999999994
2005-01-07,273.06,-2.382000000000005
2005-01-14,276.461,3.4010000000000105
2005-01-21,279.89,3.4289999999999736
2005-01-28,279.566,-0.3240000000000123
2005-02-04,278.156,-1.4099999999999682
2005-02-11,280.298,2.141999999999996
2005-02-18,280.906,0.6080000000000041
2005-02-25,283.301,2.394999999999982
2005-03-04,286.276,2.9750000000000227
2005-03-11,288.869,2.5930000000000177
2005-03-18,292.966,4.09699999999998
2005-03-25,298.349,5.382999999999981
2005-04-01,301.151,2.802000000000021
2005-04-08,304.805,3.6539999999999964
2005-04-15,303.032,-1.7730000000000246
2005-04-22,308.447,5.4150000000000205
2005-04-29,311.127,2.680000000000007
2005-05-06,313.562,2.4350000000000023
2005-05-13,317.905,4.342999999999961
2005-05-20,316.218,-1.686999999999955
2005-05-27,317.706,1.4879999999999995
2005-06-03,314.711,-2.9950000000000045
2005-06-10,312.928,-1.7830000000000155
2005-06-17,311.349,-1.5790000000000077
2005-06-24,312.453,1.103999999999985
2005-07-01,308.884,-3.56899999999996
2005-07-08,304.985,-3.899000000000001
2005-07-15,304.085,-0.9000000000000341
2005-07-22,301.84,-2.2450000000000045
2005-07-29,302.036,0.19600000000002638
2005-08-05,304.79,2.754000000000019
2005-08-12,305.031,0.24099999999998545
2005-08-19,306.883,1.8519999999999754
2005-08-26,305.363,-1.5199999999999818
2005-09-02,298.938,-6.425000000000011
2005-09-09,292.378,-6.560000000000002
2005-09-16,292.056,-0.32200000000000273
2005-09-23,289.644,-2.4119999999999777
2005-09-30,289.398,-0.2459999999999809
2005-10-07,290.324,0.9259999999999877
2005-10-14,295.879,5.555000000000007
2005-10-21,300.293,4.413999999999987
2005-10-28,303.027,2.7339999999999804
2005-11-04,307.436,4.408999999999992
2005-11-11,305.277,-2.158999999999992
2005-11-18,305.631,0.353999999999985
2005-11-25,301.443,-4.187999999999988
2005-12-02,304.23,2.7870000000000346
2005-12-09,305.122,0.8919999999999959
2005-12-16,306.422,1.3000000000000114
2005-12-23,306.54,0.117999999999995
2005-12-30,305.527,-1.0130000000000337
2006-01-06,302.584,-2.9429999999999836
2006-01-13,305.325,2.7409999999999854
2006-01-20,303.016,-2.308999999999969
2006-01-27,304.935,1.9189999999999827
2006-02-03,304.523,-0.4119999999999777
2006-02-10,309.376,4.852999999999952
2006-02-17,310.497,1.1210000000000377
2006-02-24,312.135,1.6379999999999768
2006-03-03,318.776,6.6410000000000196
2006-03-10,323.612,4.836000000000013
2006-03-17,322.302,-1.3100000000000023
2006-03-24,324.332,2.0299999999999727
2006-03-31,326.442,2.1100000000000136
2006-04-07,329.594,3.151999999999987
2006-04-14,328.788,-0.8059999999999832
2006-04-21,328.562,-0.2259999999999991
2006-04-28,330.289,1.7269999999999754
2006-05-05,330.615,0.32600000000002183
2006-05-12,330.55,-0.06499999999999773
2006-05-19,327.552,-2.9979999999999905
2006-05-26,329.151,1.5989999999999895
2006-06-02,330.434,1.2830000000000155
2006-06-09,329.454,-0.9800000000000182
2006-06-16,330.839,1.384999999999991
2006-06-23,327.51,-3.3290000000000077
2006-06-30,325.089,-2.4209999999999923
2006-07-07,319.159,-5.930000000000007
2006-07-14,319.31,0.15100000000001046
2006-07-21,319.34,0.029999999999972715
2006-07-28,317.566,-1.774000000000001
2006-08-04,316.38,-1.1859999999999786
2006-08-11,314.773,-1.606999999999971
2006-08-18,314.13,-0.6430000000000291
2006-08-25,316.611,2.4809999999999945
2006-09-01,314.507,-2.103999999999985
2006-09-08,311.603,-2.9039999999999964
2006-09-15,308.755,-2.848000000000013
2006-09-22,308.646,-0.10899999999998045
2006-09-29,312.001,3.3549999999999613
2006-10-06,314.132,2.1310000000000286
2006-10-13,319.152,5.019999999999982
2006-10-20,315.947,-3.204999999999984
2006-10-27,317.857,1.910000000000025
2006-11-03,318.374,0.5169999999999959
2006-11-10,319.657,1.2829999999999586
2006-11-17,324.818,5.161000000000001
2006-11-24,324.458,-0.3599999999999568
2006-12-01,323.268,-1.1900000000000546
2006-12-08,318.973,-4.294999999999959
2006-12-15,312.65,-6.323000000000036
2006-12-22,304.518,-8.132000000000005
2006-12-29,303.219,-1.2989999999999782
2007-01-05,297.47,-5.748999999999967
2007-01-12,304.238,6.767999999999972
2007-01-19,305.027,0.7889999999999873
2007-01-26,307.711,2.684000000000026
2007-02-02,307.193,-0.5180000000000291
2007-02-09,306.604,-0.5889999999999986
2007-02-16,310.298,3.694000000000017
2007-02-23,311.719,1.4209999999999923
2007-03-02,306.822,-4.896999999999991
2007-03-09,308.002,1.1800000000000068
2007-03-16,311.926,3.923999999999978
2007-03-23,311.08,-0.8460000000000036
2007-03-30,315.387,4.307000000000016
2007-04-06,316.219,0.8319999999999936
2007-04-13,315.225,-0.9939999999999714
2007-04-20,317.299,2.0739999999999554
2007-04-27,318.468,1.1690000000000396
2007-05-04,323.94,5.47199999999998
2007-05-11,325.001,1.0609999999999786
2007-05-18,326.97,1.969000000000051
2007-05-25,325.014,-1.9560000000000173
2007-06-01,325.227,0.21299999999996544
2007-06-08,325.309,0.08200000000005048
2007-06-15,332.211,6.901999999999987
2007-06-22,333.773,1.5620000000000118
2007-06-29,336.924,3.1509999999999536
2007-07-06,335.336,-1.5879999999999654
2007-07-13,334.887,-0.4490000000000123
2007-07-20,333.784,-1.1030000000000086
2007-07-27,327.287,-6.497000000000014
2007-08-03,323.326,-3.960999999999956
2007-08-10,318.159,-5.16700000000003
2007-08-17,320.049,1.8899999999999864
2007-08-24,316.563,-3.48599999999999
2007-08-31,312.591,-3.97199999999998
2007-09-07,305.578,-7.013000000000034
2007-09-14,301.704,-3.873999999999967
2007-09-21,303.546,1.8419999999999845
2007-09-28,304.684,1.1380000000000337
2007-10-05,302.875,-1.809000000000026
2007-10-12,304.659,1.7839999999999918
2007-10-19,299.371,-5.288000000000011
2007-10-26,295.477,-3.8940000000000055
2007-11-02,294.517,-0.9599999999999795
2007-11-09,297.331,2.8140000000000214
2007-11-16,296.26,-1.0710000000000264
2007-11-23,295.808,-0.4519999999999982
2007-11-30,287.895,-7.913000000000011
2007-12-07,286.806,-1.0889999999999986
2007-12-14,279.22,-7.585999999999956
2007-12-21,275.921,-3.299000000000035
2007-12-28,271.865,-4.055999999999983
2008-01-04,265.361,-6.504000000000019
2008-01-11,269.62,4.2590000000000146
2008-01-18,271.917,2.2969999999999686
2008-01-25,275.472,3.555000000000007
2008-02-01,282.34,6.867999999999995
2008-02-08,283.406,1.066000000000031
2008-02-15,287.61,4.204000000000008
2008-02-22,290.841,3.2309999999999945
2008-02-29,287.785,-3.055999999999983
2008-03-07,294.185,6.399999999999977
2008-03-14,294.318,0.13299999999998136
2008-03-21,294.406,0.08800000000002228
2008-03-28,301.723,7.317000000000007
2008-04-04,298.516,-3.2069999999999936
2008-04-11,296.16,-2.3559999999999945
2008-04-18,298.581,2.4209999999999923
2008-04-25,302.429,3.8479999999999563
2008-05-02,308.082,5.65300000000002
2008-05-09,308.258,0.17599999999998772
2008-05-16,302.941,-5.317000000000007
2008-05-23,294.058,-8.882999999999981
2008-05-30,289.256,-4.802000000000021
2008-06-06,284.679,-4.576999999999998
2008-06-13,283.437,-1.2419999999999618
2008-06-20,284.24,0.8029999999999973
2008-06-27,282.258,-1.9820000000000277
2008-07-04,276.552,-5.70599999999996
2008-07-11,279.504,2.951999999999998
2008-07-18,277.946,-1.5579999999999927
2008-07-25,277.865,-0.08100000000001728
2008-08-01,279.363,1.4979999999999905
2008-08-08,279.047,-0.3159999999999741
2008-08-15,288.437,9.389999999999986
2008-08-22,288.26,-0.17700000000002092
2008-08-29,286.362,-1.8979999999999677
2008-09-05,280.482,-5.8799999999999955
2008-09-12,274.154,-6.328000000000031
2008-09-19,272.634,-1.5199999999999818
2008-09-26,276.912,4.277999999999963
2008-10-03,285.104,8.192000000000007
2008-10-10,290.715,5.61099999999999
2008-10-17,293.897,3.1820000000000164
2008-10-24,294.39,0.492999999999995
2008-10-31,294.444,0.05400000000003047
2008-11-07,294.394,-0.05000000000001137
2008-11-14,295.993,1.5989999999999895
2008-11-21,303.273,7.28000000000003
2008-11-28,302.817,-0.4560000000000173
2008-12-05,303.169,0.35199999999997544
2008-12-12,303.694,0.5250000000000341
2008-12-19,300.593,-3.100999999999999
2008-12-26,301.142,0.5489999999999782
2009-01-02,307.236,6.093999999999994
2009-01-09,308.38,1.1440000000000055
2009-01-16,314.48,6.100000000000023
2009-01-23,320.698,6.217999999999961
2009-01-30,327.868,7.170000000000016
2009-02-06,332.487,4.619000000000028
2009-02-13,332.349,-0.13800000000003365
2009-02-20,333.066,0.7169999999999845
2009-02-27,332.309,-0.7569999999999482
2009-03-06,332.824,0.5149999999999864
2009-03-13,334.766,1.9420000000000073
2009-03-20,338.068,3.301999999999964
2009-03-27,340.912,2.843999999999994
2009-04-03,342.328,1.4159999999999968
2009-04-10,347.999,5.671000000000049
2009-04-17,351.856,3.856999999999971
2009-04-24,355.909,4.052999999999997
2009-05-01,356.863,0.9540000000000077
2009-05-08,352.234,-4.629000000000019
2009-05-15,350.129,-2.1049999999999613
2009-05-22,344.716,-5.413000000000011
2009-05-29,347.582,2.8659999999999854
2009-06-05,343.186,-4.396000000000015
2009-06-12,339.312,-3.873999999999967
2009-06-19,335.444,-3.867999999999995
2009-06-26,331.784,-3.660000000000025
2009-07-03,329.083,-2.700999999999965
2009-07-10,326.27,-2.813000000000045
2009-07-17,324.474,-1.7959999999999923
2009-07-24,329.626,5.151999999999987
2009-07-31,331.296,1.670000000000016
2009-08-07,333.992,2.6960000000000264
2009-08-14,325.595,-8.396999999999991
2009-08-21,325.723,0.1279999999999859
2009-08-28,325.351,-0.3720000000000141
2009-09-04,319.545,-5.805999999999983
2009-09-11,314.816,-4.729000000000042
2009-09-18,317.671,2.855000000000018
2009-09-25,320.467,2.7959999999999923
2009-10-02,319.333,-1.1339999999999577
2009-10-09,319.667,0.33399999999994634
2009-10-16,320.979,1.3120000000000118
2009-10-23,321.757,0.77800000000002
2009-10-30,317.821,-3.9359999999999786
2009-11-06,319.609,1.787999999999954
2009-11-13,318.722,-0.8870000000000005
2009-11-20,319.741,1.0190000000000055
2009-11-27,321.832,2.091000000000008
2009-12-04,318.037,-3.795000000000016
2009-12-11,314.348,-3.6889999999999645
2009-12-18,309.507,-4.841000000000008
2009-12-25,307.969,-1.538000000000011
2010-01-01,306.626,-1.3430000000000177
2010-01-08,310.325,3.6990000000000123
2010-01-15,309.854,-0.47100000000000364
2010-01-22,305.966,-3.887999999999977
2010-01-29,308.283,2.3170000000000073
2010-02-05,310.577,2.2939999999999827
2010-02-12,313.662,3.0849999999999795
2010-02-19,316.696,3.0340000000000487
2010-02-26,320.73,4.033999999999992
2010-03-05,322.2,1.4699999999999704
2010-03-12,323.212,1.0120000000000005
2010-03-19,330.457,7.2450000000000045
2010-03-26,333.386,2.9290000000000305
2010-04-02,335.532,2.145999999999958
2010-04-09,333.33,-2.201999999999998
2010-04-16,335.224,1.8940000000000055
2010-04-23,337.187,1.9630000000000223
2010-04-30,339.942,2.7549999999999955
2010-05-07,341.861,1.9189999999999827
2010-05-14,342.023,0.16200000000003456
2010-05-21,344.483,2.4599999999999795
2010-05-28,342.581,-1.9019999999999868
2010-06-04,340.906,-1.6750000000000114
2010-06-11,342.596,1.6899999999999977
2010-06-18,344.613,2.016999999999996
2010-06-25,342.606,-2.007000000000005
2010-07-02,337.562,-5.043999999999983
2010-07-09,332.504,-5.057999999999993
2010-07-16,332.864,0.3599999999999568
2010-07-23,340.172,7.30800000000005
2010-07-30,337.388,-2.7840000000000487
2010-08-06,334.39,-2.9979999999999905
2010-08-13,333.572,-0.8179999999999836
2010-08-20,337.68,4.108000000000004
2010-08-27,341.105,3.4250000000000114
2010-09-03,339.337,-1.768000000000029
2010-09-10,336.848,-2.488999999999976
2010-09-17,337.818,0.9699999999999704
2010-09-24,337.343,-0.4749999999999659
2010-10-01,340.186,2.842999999999961
2010-10-08,339.77,-0.4159999999999968
2010-10-15,340.437,0.66700000000003
2010-10-22,345.444,5.007000000000005
2010-10-29,347.394,1.9499999999999886
2010-11-05,343.849,-3.545000000000016
2010-11-12,336.563,-7.286000000000001
2010-11-19,337.592,1.0289999999999964
2010-11-26,338.658,1.066000000000031
2010-12-03,334.524,-4.1340000000000146
2010-12-10,324.67,-9.853999999999985
2010-12-17,319.337,-5.333000000000027
2010-12-24,318.079,-1.2579999999999814
2010-12-31,313.918,-4.161000000000001
2011-01-07,311.526,-2.391999999999996
2011-01-14,314.143,2.616999999999962
2011-01-21,318.979,4.836000000000013
2011-01-28,321.573,2.593999999999994
2011-02-04,323.404,1.8310000000000173
2011-02-11,324.264,0.8600000000000136
2011-02-18,325.086,0.8220000000000027
2011-02-25,324.722,-0.36400000000003274
2011-03-04,327.099,2.3770000000000095
2011-03-11,328.844,1.7450000000000045
2011-03-18,330.975,2.1310000000000286
2011-03-25,333.92,2.944999999999993
2011-04-01,335.536,1.6159999999999854
2011-04-08,337.163,1.6270000000000095
2011-04-15,334.841,-2.3220000000000027
2011-04-22,340.997,6.156000000000006
2011-04-29,344.418,3.4209999999999923
2011-05-06,348.05,3.632000000000005
2011-05-13,348.035,-0.014999999999986358
2011-05-20,348.651,0.6159999999999854
2011-05-27,351.529,2.877999999999986
2011-06-03,346.897,-4.632000000000005
2011-06-10,343.491,-3.406000000000006
2011-06-17,341.78,-1.7110000000000127
2011-06-24,337.405,-4.375
2011-07-01,336.532,-0.8729999999999905
2011-07-08,333.408,-3.123999999999967
2011-07-15,329.681,-3.7270000000000323
2011-07-22,331.977,2.2959999999999923
2011-07-29,332.927,0.9500000000000455
2011-08-05,327.806,-5.121000000000038
2011-08-12,332.039,4.233000000000004
2011-08-19,329.826,-2.2129999999999654
2011-08-26,335.107,5.281000000000006
2011-09-02,331.146,-3.9610000000000127
2011-09-09,324.442,-6.704000000000008
2011-09-16,317.106,-7.336000000000013
2011-09-23,319.021,1.9150000000000205
2011-09-30,314.342,-4.6790000000000305
2011-10-07,315.575,1.233000000000004
2011-10-14,310.846,-4.728999999999985
2011-10-21,315.581,4.735000000000014
2011-10-28,317.407,1.825999999999965
2011-11-04,315.819,-1.5879999999999654
2011-11-11,314.763,-1.05600000000004
2011-11-18,308.544,-6.218999999999994
2011-11-25,312.476,3.9320000000000164
2011-12-02,313.625,1.149000000000001
2011-12-09,311.693,-1.9320000000000164
2011-12-16,301.123,-10.569999999999993
2011-12-23,305.022,3.899000000000001
2011-12-30,307.231,2.209000000000003
2012-01-06,309.056,1.8249999999999886
2012-01-13,305.618,-3.437999999999988
2012-01-20,309.176,3.5579999999999927
2012-01-27,313.351,4.175000000000011
2012-02-03,313.642,0.2909999999999968
2012-02-10,313.471,-0.17099999999999227
2012-02-17,315.104,1.6329999999999814
2012-02-24,319.264,4.160000000000025
2012-03-02,320.112,0.8480000000000132
2012-03-09,321.862,1.75
2012-03-16,320.7,-1.1620000000000346
2012-03-23,327.802,7.102000000000032
2012-03-30,336.811,9.008999999999958
2012-04-06,339.377,2.566000000000031
2012-04-13,343.233,3.8559999999999945
2012-04-20,347.211,3.9780000000000086
2012-04-27,350.051,2.839999999999975
2012-05-04,355.34,5.288999999999987
2012-05-11,357.468,2.1280000000000427
2012-05-18,358.351,0.8829999999999814
2012-05-25,360.564,2.2130000000000223
2012-06-01,358.801,-1.7630000000000337
2012-06-08,358.61,-0.19099999999997408
2012-06-15,361.471,2.86099999999999
2012-06-22,361.338,-0.13299999999998136
2012-06-29,357.068,-4.270000000000039
2012-07-06,352.213,-4.854999999999961
2012-07-13,351.404,-0.8090000000000259
2012-07-20,354.121,2.7169999999999845
2012-07-27,347.599,-6.521999999999991
2012-08-03,343.824,-3.7749999999999773
2012-08-10,340.125,-3.6990000000000123
2012-08-17,334.713,-5.411999999999978
2012-08-24,338.491,3.777999999999963
2012-08-31,331.065,-7.425999999999988
2012-09-07,332.474,1.4089999999999918
2012-09-14,341.008,8.533999999999992
2012-09-21,338.562,-2.4459999999999695
2012-09-28,338.08,-0.48200000000002774
2012-10-05,339.592,1.5120000000000005
2012-10-12,342.452,2.8600000000000136
2012-10-19,348.348,5.896000000000015
2012-10-26,346.303,-2.045000000000016
2012-11-02,347.85,1.5470000000000255
2012-11-09,348.939,1.0889999999999986
2012-11-16,347.473,-1.4660000000000082
2012-11-23,347.126,-0.34700000000003683
2012-11-30,344.769,-2.356999999999971
2012-12-07,344.909,0.13999999999998636
2012-12-14,343.945,-0.9639999999999986
2012-12-21,343.359,-0.5860000000000127
2012-12-28,332.239,-11.120000000000005
2013-01-04,333.131,0.8919999999999959
2013-01-11,332.18,-0.950999999999965
2013-01-18,334.993,2.812999999999988
2013-01-25,340.94,5.947000000000003
2013-02-01,343.274,2.334000000000003
2013-02-08,343.834,0.5600000000000023
2013-02-15,347.977,4.142999999999972
2013-02-22,349.107,1.1300000000000523
2013-03-01,352.843,3.73599999999999
2013-03-08,355.467,2.623999999999967
2013-03-15,354.153,-1.3139999999999645
2013-03-22,357.409,3.255999999999972
2013-03-29,360.116,2.7069999999999936
2013-04-05,359.998,-0.117999999999995
2013-04-12,358.765,-1.233000000000004
2013-04-19,359.712,0.9470000000000027
2013-04-26,366.408,6.696000000000026
2013-05-03,366.779,0.3709999999999809
2013-05-10,366.155,-0.6240000000000236
2013-05-17,365.817,-0.33799999999996544
2013-05-24,368.817,3.0
2013-05-31,362.55,-6.266999999999996
2013-06-07,365.179,2.6289999999999623
2013-06-14,365.492,0.313000000000045
2013-06-21,365.51,0.01799999999997226
2013-06-28,355.163,-10.34699999999998
2013-07-05,345.426,-9.737000000000023
2013-07-12,338.524,-6.901999999999987
2013-07-19,335.699,-2.8249999999999886
2013-07-26,336.13,0.4309999999999832
2013-08-02,334.699,-1.4309999999999832
2013-08-09,331.887,-2.812000000000012
2013-08-16,330.459,-1.4279999999999973
2013-08-23,333.445,2.98599999999999
2013-08-30,331.609,-1.8360000000000127
2013-09-06,330.991,-0.617999999999995
2013-09-13,326.623,-4.367999999999995
2013-09-20,329.258,2.634999999999991
2013-09-27,334.73,5.472000000000037
2013-10-04,341.474,6.743999999999971
2013-10-11,345.473,3.9990000000000236
2013-10-18,350.719,5.245999999999981
2013-10-25,354.806,4.086999999999989
2013-11-01,355.995,1.1890000000000214
2013-11-08,358.635,2.6399999999999864
2013-11-15,359.01,0.375
2013-11-22,361.963,2.9530000000000314
2013-11-29,356.378,-5.585000000000036
2013-12-06,345.374,-11.003999999999962
2013-12-13,342.433,-2.941000000000031
2013-12-20,337.702,-4.7309999999999945
2013-12-27,330.695,-7.007000000000005
2014-01-03,326.737,-3.95799999999997
2014-01-10,319.079,-7.6580000000000155
2014-01-17,320.069,0.9900000000000091
2014-01-24,326.49,6.420999999999992
2014-01-31,326.93,0.4399999999999977
2014-02-07,329.983,3.0529999999999973
2014-02-14,330.956,0.9730000000000132
2014-02-21,331.024,0.06799999999998363
2014-02-28,332.453,1.4289999999999736
2014-03-07,338.333,5.880000000000052
2014-03-14,344.183,5.849999999999966
2014-03-21,350.802,6.619000000000028
2014-03-28,348.423,-2.379000000000019
2014-04-04,352.341,3.9180000000000064
2014-04-11,362.354,10.012999999999977
2014-04-18,365.878,3.524000000000001
2014-04-25,367.576,1.698000000000036
2014-05-02,366.004,-1.5720000000000027
2014-05-09,366.951,0.9470000000000027
2014-05-16,359.725,-7.225999999999999
2014-05-23,361.382,1.6569999999999823
2014-05-30,357.951,-3.430999999999983
2014-06-06,355.221,-2.730000000000018
2014-06-13,354.642,-0.5790000000000077
2014-06-20,356.384,1.7420000000000186
2014-06-27,353.229,-3.1550000000000296
2014-07-04,350.822,-2.4069999999999823
2014-07-11,343.297,-7.524999999999977
2014-07-18,339.328,-3.969000000000051
2014-07-25,335.631,-3.6970000000000027
2014-08-01,334.167,-1.4639999999999986
2014-08-08,335.568,1.4010000000000105
2014-08-15,331.094,-4.4739999999999895
2014-08-22,329.024,-2.069999999999993
2014-08-29,328.119,-0.9049999999999727
2014-09-05,327.428,-0.6910000000000309
2014-09-12,331.101,3.673000000000002
2014-09-19,326.828,-4.273000000000025
2014-09-26,325.465,-1.3629999999999995
2014-10-03,330.38,4.9150000000000205
2014-10-10,339.303,8.923000000000002
2014-10-17,346.414,7.11099999999999
2014-10-24,348.475,2.0610000000000355
2014-10-31,348.935,0.45999999999997954
2014-11-07,346.15,-2.785000000000025
2014-11-14,348.758,2.608000000000004
2014-11-21,350.704,1.9460000000000264
2014-11-28,347.015,-3.6890000000000214
2014-12-05,348.313,1.2980000000000018
2014-12-12,347.466,-0.84699999999998
2014-12-19,354.733,7.266999999999996
2014-12-26,352.979,-1.754000000000019
2015-01-02,348.806,-4.173000000000002
2015-01-09,354.195,5.38900000000001
2015-01-16,364.266,10.071000000000026
2015-01-23,373.14,8.873999999999967
2015-01-30,379.473,6.333000000000027
2015-02-06,383.8,4.326999999999998
2015-02-13,391.516,7.716000000000008
2015-02-20,399.943,8.426999999999964
2015-02-27,410.246,10.302999999999997
2015-03-06,415.425,5.1790000000000305
2015-03-13,425.047,9.622000000000014
2015-03-20,433.217,8.169999999999959
2015-03-27,437.983,4.7660000000000196
2015-04-03,449.662,11.678999999999974
2015-04-10,450.956,1.2940000000000396
2015-04-17,456.271,5.314999999999998
2015-04-24,458.181,1.9099999999999682
2015-05-01,454.079,-4.101999999999975
2015-05-08,451.888,-2.191000000000031
2015-05-15,449.214,-2.673999999999978
2015-05-22,446.412,-2.802000000000021
2015-05-29,444.464,-1.947999999999979
2015-06-05,438.447,-6.016999999999996
2015-06-12,435.771,-2.6759999999999877
2015-06-19,430.837,-4.934000000000026
2015-06-26,433.223,2.386000000000024
2015-07-03,433.714,0.49099999999998545
2015-07-10,429.368,-4.346000000000004
2015-07-17,431.836,2.4680000000000177
2015-07-24,427.633,-4.203000000000031
2015-07-31,423.226,-4.406999999999982
2015-08-07,421.822,-1.4039999999999964
2015-08-14,424.442,2.6200000000000045
2015-08-21,418.99,-5.451999999999998
2015-08-28,423.657,4.666999999999973
2015-09-04,426.062,2.4050000000000296
2015-09-11,423.958,-2.103999999999985
2015-09-18,422.033,-1.9250000000000114
2015-09-25,425.988,3.954999999999984
2015-10-02,429.028,3.0400000000000205
2015-10-09,436.59,7.561999999999955
2015-10-16,444.618,8.02800000000002
2015-10-23,447.994,3.376000000000033
2015-10-30,450.841,2.84699999999998
2015-11-06,454.822,3.9809999999999945
2015-11-13,455.074,0.25200000000000955
2015-11-20,456.035,0.9610000000000127
2015-11-27,457.212,1.176999999999964
2015-12-04,453.553,-3.658999999999992
2015-12-11,458.354,4.800999999999988
2015-12-18,452.477,-5.8770000000000095
2015-12-25,455.106,2.629000000000019
2016-01-01,450.956,-4.149999999999977
2016-01-08,451.19,0.23399999999998045
2016-01-15,455.169,3.978999999999985
2016-01-22,463.552,8.383000000000038
2016-01-29,471.344,7.791999999999973
2016-02-05,470.676,-0.6680000000000064
2016-02-12,472.823,2.1469999999999914
2016-02-19,476.325,3.5020000000000095
2016-02-26,486.699,10.374000000000024
2016-03-04,490.843,4.1440000000000055
2016-03-11,492.16,1.3170000000000073
2016-03-18,501.517,9.356999999999971
2016-03-25,503.816,2.298999999999978
2016-04-01,498.598,-5.217999999999961
2016-04-08,505.232,6.6340000000000146
2016-04-15,507.312,2.079999999999984
2016-04-22,509.311,1.9989999999999668
2016-04-29,512.095,2.7840000000000487
2016-05-06,508.487,-3.608000000000004
2016-05-13,509.797,1.3100000000000023
2016-05-20,505.571,-4.225999999999999
2016-05-27,504.205,-1.3660000000000423
2016-06-03,501.844,-2.36099999999999
2016-06-10,500.911,-0.9329999999999927
2016-06-17,499.994,-0.9169999999999732
2016-06-24,495.941,-4.053000000000054
2016-07-01,493.718,-2.2229999999999563
2016-07-08,491.172,-2.5459999999999923
2016-07-15,488.83,-2.3420000000000414
2016-07-22,490.501,1.6709999999999923
2016-07-29,491.914,1.413000000000011
2016-08-05,492.969,1.0550000000000068
2016-08-12,490.461,-2.5079999999999814
2016-08-19,492.962,2.5009999999999764
2016-08-26,495.238,2.2760000000000105
2016-09-02,480.725,-14.512999999999977
2016-09-09,480.166,-0.5590000000000259
2016-09-16,473.966,-6.199999999999989
2016-09-23,472.084,-1.882000000000005
2016-09-30,469.108,-2.975999999999999
2016-10-07,473.958,4.850000000000023
2016-10-14,468.711,-5.247000000000014
2016-10-21,468.158,-0.5529999999999973
2016-10-28,482.578,14.419999999999959
2016-11-04,485.01,2.4320000000000164
2016-11-11,490.284,5.274000000000001
2016-11-18,489.029,-1.2549999999999955
2016-11-25,488.145,-0.8840000000000146
2016-12-02,485.756,-2.38900000000001
2016-12-09,483.193,-2.562999999999988
2016-12-16,485.449,2.2560000000000286
2016-12-23,486.063,0.6139999999999759
2016-12-30,479.012,-7.050999999999988
2017-01-06,483.109,4.09699999999998
2017-01-13,485.456,2.347000000000037
2017-01-20,488.296,2.839999999999975
2017-01-27,494.762,6.466000000000008
2017-02-03,508.592,13.829999999999984
2017-02-10,518.119,9.527000000000044
2017-02-17,518.683,0.5639999999999645
2017-02-24,520.184,1.5009999999999764
2017-03-03,528.393,8.20900000000006
2017-03-10,528.156,-0.23700000000008004
2017-03-17,533.11,4.954000000000065
2017-03-24,533.977,0.8669999999999618
2017-03-31,535.543,1.566000000000031
2017-04-07,533.377,-2.1660000000000537
2017-04-14,532.343,-1.0339999999999918
2017-04-21,528.702,-3.6409999999999627
2017-04-28,527.772,-0.92999999999995
2017-05-05,522.525,-5.247000000000071
2017-05-12,520.772,-1.752999999999929
2017-05-19,516.34,-4.432000000000016
2017-05-26,509.912,-6.428000000000054
2017-06-02,513.207,3.295000000000016
2017-06-09,511.546,-1.6610000000000014
2017-06-16,509.095,-2.450999999999965
2017-06-23,509.213,0.117999999999995
2017-06-30,502.914,-6.299000000000035
2017-07-07,495.35,-7.5639999999999645
2017-07-14,490.623,-4.727000000000032
2017-07-21,483.415,-7.20799999999997
2017-07-28,481.888,-1.5270000000000437
2017-08-04,475.437,-6.450999999999965
2017-08-11,466.492,-8.944999999999993
2017-08-18,463.165,-3.326999999999998
2017-08-25,457.773,-5.391999999999996
2017-09-01,462.353,4.579999999999984
2017-09-08,468.241,5.887999999999977
2017-09-15,472.832,4.591000000000008
2017-09-22,470.986,-1.8460000000000036
2017-09-29,464.963,-6.022999999999968
2017-10-06,462.216,-2.747000000000014
2017-10-13,456.485,-5.7309999999999945
2017-10-20,457.341,0.8559999999999945
2017-10-27,454.906,-2.4350000000000023
2017-11-03,457.143,2.2369999999999663
2017-11-10,458.997,1.8540000000000418
2017-11-17,457.142,-1.8550000000000182
2017-11-24,453.713,-3.4289999999999736
2017-12-01,448.103,-5.610000000000014
2017-12-08,442.986,-5.117000000000019
2017-12-15,436.491,-6.4950000000000045
2017-12-22,431.882,-4.6089999999999804
2017-12-29,424.463,-7.418999999999983
2018-01-05,419.515,-4.948000000000036
2018-01-12,412.654,-6.86099999999999
2018-01-19,411.583,-1.0709999999999695
2018-01-26,418.359,6.775999999999954
2018-02-02,420.254,1.8950000000000387
2018-02-09,422.095,1.8410000000000082
2018-02-16,420.479,-1.6160000000000423
2018-02-23,423.498,3.0190000000000055
2018-03-02,425.906,2.4080000000000155
2018-03-09,430.928,5.021999999999991
2018-03-16,428.306,-2.622000000000014
2018-03-23,429.949,1.643000000000029
2018-03-30,425.332,-4.617000000000019
2018-04-06,428.638,3.305999999999983
2018-04-13,427.567,-1.0709999999999695
2018-04-20,429.737,2.170000000000016
2018-04-27,435.955,6.217999999999961
2018-05-04,433.758,-2.1970000000000027
2018-05-11,432.354,-1.4039999999999964
2018-05-18,438.132,5.77800000000002
2018-05-25,434.512,-3.6200000000000045
2018-06-01,436.584,2.0720000000000027
2018-06-08,432.441,-4.143000000000029
2018-06-15,426.527,-5.913999999999987
2018-06-22,416.636,-9.890999999999963
2018-06-29,417.881,1.2449999999999477
2018-07-06,405.248,-12.632999999999981
2018-07-13,411.084,5.836000000000013
2018-07-20,404.937,-6.146999999999991
2018-07-27,408.74,3.8029999999999973
2018-08-03,407.389,-1.350999999999999
2018-08-10,414.194,6.805000000000007
2018-08-17,408.358,-5.836000000000013
2018-08-24,405.792,-2.566000000000031
2018-08-31,401.49,-4.301999999999964
2018-09-07,396.194,-5.295999999999992
2018-09-14,394.137,-2.0570000000000164
2018-09-21,395.989,1.8519999999999754
2018-09-28,403.964,7.975000000000023
2018-10-05,409.951,5.987000000000023
2018-10-12,416.441,6.489999999999952
2018-10-19,422.787,6.346000000000004
2018-10-26,426.004,3.2170000000000414
2018-11-02,431.787,5.782999999999959
2018-11-09,442.057,10.270000000000039
2018-11-16,446.908,4.850999999999999
2018-11-23,450.485,3.576999999999998
2018-11-30,443.162,-7.323000000000036
2018-12-07,441.954,-1.20799999999997
2018-12-14,441.457,-0.4970000000000141
2018-12-21,441.411,-0.04599999999999227
2018-12-28,441.418,0.007000000000005002
2019-01-04,439.738,-1.6800000000000068
2019-01-11,437.055,-2.6829999999999927
2019-01-18,445.025,7.96999999999997
2019-01-25,445.944,0.9190000000000396
2019-02-01,447.207,1.2629999999999768
2019-02-08,450.84,3.6329999999999814
2019-02-15,454.512,3.6720000000000255
2019-02-22,445.865,-8.646999999999991
2019-03-01,452.934,7.069000000000017
2019-03-08,449.072,-3.862000000000023
2019-03-15,439.483,-9.588999999999999
2019-03-22,442.283,2.8000000000000114
2019-03-29,449.521,7.2379999999999995
2019-04-05,456.55,7.028999999999996
2019-04-12,455.154,-1.396000000000015
2019-04-19,460.633,5.478999999999985
2019-04-26,470.567,9.934000000000026
2019-05-03,466.604,-3.9630000000000223
2019-05-10,472.035,5.43100000000004
2019-05-17,476.775,4.739999999999952
2019-05-24,476.493,-0.28199999999998226
2019-05-31,483.264,6.771000000000015
2019-06-07,485.47,2.2060000000000173
2019-06-14,482.364,-3.1060000000000514
2019-06-21,469.576,-12.787999999999954
2019-06-28,468.491,-1.0850000000000364
2019-07-05,458.992,-9.498999999999967
2019-07-12,455.876,-3.1160000000000423
2019-07-19,445.041,-10.83499999999998
2019-07-26,436.545,-8.495999999999981
2019-08-02,438.93,2.384999999999991
2019-08-09,440.51,1.579999999999984
2019-08-16,437.778,-2.731999999999971
2019-08-23,427.751,-10.027000000000044
2019-08-30,422.98,-4.770999999999958
2019-09-06,416.068,-6.912000000000035
2019-09-13,417.126,1.0579999999999927
2019-09-20,419.538,2.4120000000000346
2019-09-27,422.642,3.103999999999985
2019-10-04,425.569,2.927000000000021
2019-10-11,434.85,9.281000000000006
2019-10-18,433.151,-1.6990000000000123
2019-10-25,438.853,5.701999999999998
2019-11-01,446.782,7.928999999999974
2019-11-08,449.001,2.218999999999994
2019-11-15,450.38,1.379000000000019
2019-11-22,451.952,1.5720000000000027
2019-11-29,447.096,-4.8559999999999945
2019-12-06,447.918,0.8220000000000027
2019-12-13,446.833,-1.0849999999999795
2019-12-20,441.359,-5.474000000000046
2019-12-27,429.896,-11.462999999999965
2020-01-03,431.06,1.1639999999999873
2020-01-10,428.511,-2.548999999999978
2020-01-17,428.106,-0.40500000000002956
2020-01-24,431.654,3.548000000000002
2020-01-31,435.009,3.355000000000018
2020-02-07,442.468,7.459000000000003
2020-02-14,442.883,0.4149999999999636
2020-02-21,443.335,0.4519999999999982
2020-02-28,444.119,0.7840000000000487
2020-03-06,451.783,7.663999999999987
2020-03-13,453.737,1.9540000000000077
2020-03-20,455.36,1.6229999999999905
2020-03-27,469.193,13.83299999999997
2020-04-03,484.37,15.177000000000021
2020-04-10,503.618,19.24799999999999
2020-04-17,518.64,15.021999999999991
2020-04-24,527.631,8.990999999999985
2020-05-01,532.221,4.590000000000032
2020-05-08,531.476,-0.7450000000000045
2020-05-15,526.494,-4.981999999999971
2020-05-22,534.422,7.927999999999997
2020-05-29,532.345,-2.076999999999998
2020-06-05,538.065,5.720000000000027
2020-06-12,539.28,1.2149999999999181
2020-06-19,540.722,1.4420000000000073
2020-06-26,533.527,-7.194999999999936
2020-07-03,539.181,5.653999999999996
2020-07-10,531.688,-7.493000000000052
2020-07-17,536.58,4.892000000000053
2020-07-24,525.969,-10.61099999999999
2020-07-31,518.596,-7.373000000000047
2020-08-07,514.084,-4.512000000000057
2020-08-14,512.452,-1.6319999999999482
2020-08-21,507.763,-4.689000000000021
2020-08-28,498.401,-9.361999999999966
2020-09-04,500.434,2.0330000000000155
2020-09-11,496.045,-4.38900000000001
2020-09-18,494.406,-1.63900000000001
2020-09-25,492.426,-1.9800000000000182
2020-10-02,492.927,0.5010000000000332
2020-10-09,489.109,-3.8180000000000405
2020-10-16,488.107,-1.0019999999999527
2020-10-23,492.427,4.319999999999993
2020-10-30,484.429,-7.998000000000047
2020-11-06,488.706,4.277000000000044
2020-11-13,489.475,0.7690000000000055
2020-11-20,488.721,-0.7540000000000191
2020-11-27,488.042,-0.6790000000000305
2020-12-04,503.231,15.189000000000021
2020-12-11,500.096,-3.134999999999991
2020-12-18,499.534,-0.5620000000000118
2020-12-25,493.469,-6.064999999999998
2021-01-01,485.459,-8.009999999999991
2021-01-08,482.211,-3.2479999999999905
2021-01-15,486.563,4.351999999999975
2021-01-22,476.653,-9.909999999999968
2021-01-29,475.659,-0.9940000000000282
2021-02-05,469.014,-6.644999999999982
2021-02-12,461.757,-7.257000000000005
2021-02-19,463.042,1.2849999999999682
2021-02-26,484.605,21.563000000000045
2021-03-05,498.403,13.798000000000002
2021-03-12,500.799,2.395999999999958
2021-03-19,502.711,1.9120000000000346
2021-03-26,501.835,-0.8760000000000332
2021-04-02,498.313,-3.5219999999999914
2021-04-09,492.423,-5.889999999999986
2021-04-16,493.017,0.5939999999999941
2021-04-23,493.107,0.09000000000003183
2021-04-30,485.117,-7.990000000000009
2021-05-07,484.691,-0.42600000000004457
2021-05-14,486.011,1.32000000000005
2021-05-21,484.349,-1.6620000000000346
2021-05-28,479.27,-5.079000000000008
2021-06-04,474.029,-5.2409999999999854
2021-06-11,466.674,-7.355000000000018
2021-06-18,459.06,-7.613999999999976
2021-06-25,452.342,-6.718000000000018
2021-07-02,445.476,-6.8659999999999854
2021-07-09,437.58,-7.896000000000015
2021-07-16,439.687,2.1070000000000277
2021-07-23,435.598,-4.088999999999999
2021-07-30,439.225,3.6270000000000095
2021-08-06,438.777,-0.4480000000000359
2021-08-13,435.544,-3.233000000000004
2021-08-20,432.564,-2.9799999999999613
2021-08-27,425.395,-7.16900000000004
2021-09-03,423.867,-1.5279999999999632
2021-09-10,417.445,-6.4220000000000255
2021-09-17,413.964,-3.4809999999999945
2021-09-24,418.542,4.5779999999999745
2021-10-01,420.887,2.3450000000000273
2021-10-08,426.975,6.088000000000022
2021-10-15,426.544,-0.43100000000004
2021-10-22,430.812,4.268000000000029
2021-10-29,434.102,3.2899999999999636
2021-11-05,435.104,1.0020000000000095
2021-11-12,433.003,-2.100999999999999
2021-11-19,434.02,1.016999999999996
2021-11-26,433.111,-0.9089999999999918
2021-12-03,432.87,-0.24099999999998545
2021-12-10,428.286,-4.584000000000003
2021-12-17,423.571,-4.714999999999975
2021-12-24,419.995,-3.576000000000022
2021-12-31,417.851,-2.1440000000000055
2022-01-07,413.298,-4.552999999999997
2022-01-14,413.813,0.5149999999999864
2022-01-21,416.19,2.3770000000000095
2022-01-28,415.143,-1.0470000000000255
2022-02-04,410.387,-4.755999999999972
2022-02-11,411.508,1.120999999999981
2022-02-18,416.022,4.51400000000001
2022-02-25,413.425,-2.59699999999998
2022-03-04,411.562,-1.8629999999999995
2022-03-11,415.907,4.34499999999997
2022-03-18,413.399,-2.5079999999999814
2022-03-25,409.95,-3.4490000000000123
2022-04-01,412.371,2.4209999999999923
2022-04-08,421.753,9.382000000000005
2022-04-15,413.733,-8.019999999999982
2022-04-22,414.424,0.6909999999999741
2022-04-29,415.727,1.3029999999999973
2022-05-06,424.214,8.487000000000023
2022-05-13,420.82,-3.3940000000000055
2022-05-20,419.801,-1.0190000000000055
2022-05-27,414.733,-5.067999999999984
2022-06-03,416.758,2.0249999999999773
2022-06-10,418.714,1.9560000000000173
2022-06-17,418.328,-0.3860000000000241
2022-06-24,415.566,-2.7620000000000005
2022-07-01,423.8,8.234000000000037
2022-07-08,427.054,3.2539999999999623
2022-07-15,426.609,-0.4449999999999932
2022-07-22,422.086,-4.522999999999968
2022-07-29,426.553,4.4669999999999845
2022-08-05,432.01,5.456999999999994
2022-08-12,424.954,-7.055999999999983
2022-08-19,421.672,-3.2819999999999823
2022-08-26,418.346,-3.326000000000022
2022-09-02,427.191,8.84499999999997
2022-09-09,429.633,2.4420000000000073
2022-09-16,430.774,1.1410000000000196
2022-09-23,430.559,-0.214999999999975
2022-09-30,429.203,-1.3560000000000514
2022-10-07,439.082,9.879000000000019
2022-10-14,437.357,-1.724999999999966
2022-10-21,439.945,2.5879999999999654
2022-10-28,436.83,-3.115000000000009
2022-11-04,440.755,3.9250000000000114
2022-11-11,435.355,-5.399999999999977
2022-11-18,431.665,-3.6899999999999977
2022-11-25,419.084,-12.581000000000017
2022-12-02,413.898,-5.185999999999979
2022-12-09,424.129,10.230999999999995
2022-12-16,418.234,-5.895000000000039
2022-12-23,418.952,0.7180000000000177
2022-12-30,420.646,1.6940000000000168
2023-01-06,439.607,18.961000000000013
2023-01-13,448.015,8.407999999999959
2023-01-20,448.548,0.5330000000000155
2023-01-27,452.688,4.139999999999986
2023-02-03,455.111,2.423000000000002
2023-02-10,471.394,16.283000000000015
2023-02-17,479.041,7.646999999999991
2023-02-24,480.207,1.1659999999999968
2023-03-03,478.513,-1.6940000000000168
2023-03-10,480.063,1.5500000000000114
2023-03-17,481.18,1.1170000000000186
2023-03-24,473.691,-7.489000000000033
2023-03-31,469.952,-3.738999999999976
2023-04-07,470.549,0.59699999999998
2023-04-14,465.968,-4.58099999999996
2023-04-21,460.914,-5.0540000000000305
2023-04-28,459.633,-1.281000000000006
2023-05-05,462.584,2.951000000000022
2023-05-12,467.624,5.0400000000000205
2023-05-19,455.168,-12.456000000000017
2023-05-26,459.657,4.488999999999976
2023-06-02,459.205,-0.4519999999999982
2023-06-09,467.124,7.91900000000004
2023-06-16,463.293,-3.8310000000000173
2023-06-23,453.69,-9.603000000000009
2023-06-30,452.182,-1.5079999999999814
2023-07-07,458.128,5.9459999999999695
2023-07-14,457.42,-0.70799999999997
2023-07-21,456.82,-0.6000000000000227
2023-07-28,439.771,-17.048999999999978
2023-08-04,445.622,5.850999999999999
2023-08-11,439.662,-5.960000000000036
2023-08-18,433.528,-6.133999999999958
2023-08-25,422.944,-10.584000000000003
2023-09-01,416.637,-6.307000000000016
2023-09-08,420.592,3.954999999999984
2023-09-15,418.456,-2.1359999999999673
2023-09-22,416.287,-2.1690000000000396
2023-09-29,414.063,-2.2239999999999895
2023-10-06,424.239,10.175999999999988
2023-10-13,419.748,-4.4909999999999854
2023-10-20,421.12,1.372000000000014
2023-10-27,421.893,0.7729999999999677
2023-11-03,435.762,13.869000000000028
2023-11-10,439.354,3.5919999999999845
2023-11-17,448.054,8.699999999999989
2023-11-24,449.664,1.6100000000000136
2023-12-01,445.031,-4.632999999999981
2023-12-08,440.773,-4.257999999999981
2023-12-15,443.682,2.908999999999992
2023-12-22,436.568,-7.114000000000033
2023-12-29,431.065,-5.502999999999986
2024-01-05,432.403,1.3380000000000223
2024-01-12,429.911,-2.4920000000000186
2024-01-19,420.678,-9.233000000000004
2024-01-26,421.912,1.2339999999999804
2024-02-02,427.432,5.520000000000039
2024-02-09,439.45,12.017999999999972
2024-02-16,442.964,3.51400000000001
2024-02-23,447.163,4.199000000000012
2024-03-01,448.53,1.3669999999999618
2024-03-08,446.994,-1.5359999999999445
2024-03-15,445.042,-1.952000000000055
2024-03-22,448.207,3.1650000000000205
2024-03-29,451.417,3.2099999999999795
2024-04-05,457.258,5.841000000000008
2024-04-12,459.993,2.7350000000000136
2024-04-19,453.625,-6.367999999999995
2024-04-26,460.89,7.264999999999986
2024-05-03,459.528,-1.3619999999999663
2024-05-10,457.02,-2.508000000000038
2024-05-17,458.845,1.8250000000000455
2024-05-24,454.689,-4.156000000000006
2024-05-31,455.922,1.233000000000004
2024-06-07,459.652,3.7299999999999613
2024-06-14,457.105,-2.5469999999999686
2024-06-21,460.696,3.591000000000008
2024-06-28,448.539,-12.157000000000039
2024-07-05,445.096,-3.4429999999999836
2024-07-12,440.226,-4.8700000000000045
2024-07-19,436.485,-3.7409999999999854
2024-07-26,433.049,-3.4360000000000355
2024-08-02,429.321,-3.727999999999952
2024-08-09,430.678,1.356999999999971
2024-08-16,426.029,-4.649000000000001
2024-08-23,425.183,-0.8460000000000036
2024-08-30,418.31,-6.8729999999999905
2024-09-06,419.143,0.83299999999997
2024-09-13,417.513,-1.6299999999999955
2024-09-20,413.042,-4.471000000000004
2024-09-27,416.931,3.88900000000001
2024-10-04,422.741,5.810000000000002
2024-10-11,420.55,-2.190999999999974
2024-10-18,426.024,5.4739999999999895
2024-10-25,425.509,-0.5149999999999864
2024-11-01,427.658,2.149000000000001
2024-11-08,429.747,2.0889999999999986
2024-11-15,430.292,0.5449999999999591
2024-11-22,428.448,-1.843999999999994
2024-11-29,423.375,-5.072999999999979
2024-12-06,421.95,-1.4250000000000114
2024-12-13,421.016,-0.9339999999999691
2024-12-20,416.779,-4.237000000000023
2024-12-27,415.601,-1.1779999999999973
2025-01-03,414.642,-0.9590000000000032
2025-01-10,412.68,-1.961999999999989
2025-01-17,411.663,-1.016999999999996
2025-01-24,415.126,3.4629999999999654
2025-01-31,423.79,8.664000000000044
2025-02-07,427.86,4.069999999999993
2025-02-14,432.493,4.632999999999981
2025-02-21,430.161,-2.3319999999999936
2025-02-28,433.775,3.613999999999976
2025-03-07,435.223,1.448000000000036
2025-03-14,436.968,1.7450000000000045
2025-03-21,433.627,-3.341000000000008
2025-03-28,439.792,6.164999999999964
2025-04-04,442.345,2.553000000000054
2025-04-11,442.86,0.5149999999999864
2025-04-18,443.104,0.24399999999997135
2025-04-25,440.408,-2.6959999999999695
2025-05-02,438.376,-2.032000000000039
2025-05-09,441.83,3.4540000000000077
2025-05-16,443.158,1.3280000000000314
2025-05-23,440.363,-2.795000000000016
2025-05-30,436.059,-4.303999999999974
2025-06-06,432.415,-3.6440000000000055
2025-06-13,420.942,-11.473000000000013
2025-06-20,415.106,-5.836000000000013
2025-06-27,418.951,3.8450000000000273
2025-07-04,426.021,7.069999999999993
2025-07-11,422.162,-3.8590000000000373
2025-07-18,418.993,-3.1689999999999827
2025-07-25,426.691,7.697999999999979
2025-08-01,423.662,-3.0289999999999964
2025-08-08,426.698,3.0360000000000014
2025-08-15,420.684,-6.013999999999953
2025-08-22,418.292,-2.3920000000000528
2025-08-29,420.707,2.4150000000000205
2025-09-05,424.646,3.9390000000000214
2025-09-12,415.361,-9.285000000000025
2025-09-19,414.754,-0.6069999999999709
2025-09-26,416.546,1.7919999999999732
2025-10-03,420.261,3.715000000000032
2025-10-10,423.785,3.524000000000001
2025-10-17,422.824,-0.9610000000000127
2025-10-24,415.966,-6.858000000000004
2025-10-31,421.168,5.201999999999998
2025-11-07,427.581,6.413000000000011
2025-11-14,424.155,-3.4260000000000446
2025-11-21,426.929,2.774000000000001
2025-11-28,427.503,0.5740000000000123
2025-12-05,425.691,-1.8120000000000118
2025-12-12,424.417,-1.274000000000001
2025-12-19,424.822,0.40500000000002956
2025-12-26,422.888,-1.934000000000026
2026-01-02,419.056,-3.8319999999999936
2026-01-09,422.447,3.3910000000000196
2026-01-16,426.049,3.6019999999999754
2026-01-23,423.754,-2.294999999999959
2026-01-30,420.299,-3.455000000000041
2026-02-06,428.829,8.53000000000003
2026-02-13,419.815,-9.01400000000001
2026-02-20,435.804,15.988999999999976
2026-02-27,439.279,3.4750000000000227
2026-03-06,443.103,3.8240000000000123
2026-03-13,449.259,6.156000000000006
2026-03-20,456.185,6.925999999999988
2026-03-27,461.636,5.451000000000022
2026-04-03,464.717,3.0809999999999604
2026-04-10,463.804,-0.9130000000000109
