period,distillates_million_bbl,distillates_million_bbl_change
1982-08-20,149.415,
1982-08-27,154.589,5.174000000000007
1982-09-24,158.684,4.094999999999999
1982-10-01,154.461,-4.222999999999985
1982-10-08,158.242,3.7809999999999775
1982-10-15,161.578,3.3360000000000127
1982-10-22,162.934,1.3559999999999945
1982-10-29,163.615,0.6810000000000116
1982-11-05,167.788,4.173000000000002
1982-11-12,171.476,3.687999999999988
1982-11-19,176.408,4.931999999999988
1982-11-26,177.22,0.8120000000000118
1982-12-03,183.739,6.5190000000000055
1982-12-10,186.012,2.272999999999996
1982-12-17,180.5,-5.5120000000000005
1982-12-24,182.191,1.6910000000000025
1982-12-31,181.32,-0.8710000000000093
1983-01-07,177.776,-3.5439999999999827
1983-01-14,175.056,-2.719999999999999
1983-01-21,170.674,-4.382000000000005
1983-01-28,169.335,-1.3389999999999986
1983-02-04,164.14,-5.195000000000022
1983-02-11,156.851,-7.288999999999987
1983-02-18,151.762,-5.088999999999999
1983-02-25,147.669,-4.092999999999989
1983-03-04,143.232,-4.437000000000012
1983-03-11,140.328,-2.9039999999999964
1983-03-18,134.386,-5.942000000000007
1983-03-25,130.691,-3.694999999999993
1983-04-01,120.716,-9.975000000000009
1983-04-08,113.374,-7.341999999999999
1983-04-15,108.005,-5.369
1983-04-29,103.591,-4.4140000000000015
1983-05-13,105.353,1.7620000000000005
1983-05-20,105.66,0.30700000000000216
1983-06-03,106.526,0.8659999999999997
1983-06-10,110.887,4.361000000000004
1983-06-17,110.489,-0.39799999999999613
1983-06-24,110.184,-0.3050000000000068
1983-07-01,111.977,1.7930000000000064
1983-07-08,118.492,6.515000000000001
1983-07-15,122.288,3.7959999999999923
1983-07-22,125.013,2.7250000000000085
1983-07-29,129.243,4.22999999999999
1983-08-05,131.4,2.1570000000000107
1983-08-12,134.269,2.8689999999999998
1983-08-19,137.558,3.2889999999999873
1983-08-26,138.537,0.9790000000000134
1983-09-02,142.766,4.228999999999985
1983-09-09,146.674,3.9080000000000155
1983-09-16,150.449,3.7750000000000057
1983-09-23,153.838,3.3889999999999816
1983-09-30,153.527,-0.31100000000000705
1983-10-07,157.008,3.481000000000023
1983-10-14,157.722,0.7139999999999986
1983-10-21,161.612,3.8899999999999864
1983-10-28,163.626,2.01400000000001
1983-11-04,160.034,-3.592000000000013
1983-11-11,162.11,2.076000000000022
1983-11-18,160.733,-1.3770000000000095
1983-11-25,160.547,-0.18600000000000705
1983-12-02,162.001,1.4540000000000077
1983-12-09,159.824,-2.1769999999999925
1983-12-16,157.021,-2.8030000000000257
1983-12-23,157.436,0.41500000000002046
1983-12-30,144.425,-13.010999999999996
1984-01-06,138.558,-5.867000000000019
1984-01-13,132.425,-6.132999999999981
1984-01-20,124.411,-8.01400000000001
1984-01-27,118.97,-5.4410000000000025
1984-02-03,116.726,-2.2439999999999998
1984-02-10,117.705,0.9789999999999992
1984-02-17,125.895,8.189999999999998
1984-02-24,132.867,6.971999999999994
1984-03-02,129.907,-2.9599999999999795
1984-03-09,127.991,-1.916000000000011
1984-03-16,121.019,-6.971999999999994
1984-03-23,115.454,-5.565000000000012
1984-03-30,112.58,-2.8739999999999952
1984-04-06,104.946,-7.634
1984-04-13,101.387,-3.5589999999999975
1984-04-20,98.783,-2.603999999999999
1984-04-27,99.22,0.4369999999999976
1984-05-04,98.671,-0.5489999999999924
1984-05-11,97.136,-1.5350000000000108
1984-05-18,95.694,-1.441999999999993
1984-05-25,94.254,-1.4399999999999977
1984-06-01,99.267,5.012999999999991
1984-06-08,102.953,3.686000000000007
1984-06-15,104.657,1.7039999999999935
1984-06-22,111.756,7.099000000000004
1984-06-29,113.277,1.5210000000000008
1984-07-06,115.533,2.2560000000000002
1984-07-13,119.185,3.652000000000001
1984-07-20,122.417,3.2319999999999993
1984-07-27,123.507,1.0900000000000034
1984-08-03,126.057,2.549999999999997
1984-08-10,128.721,2.6640000000000015
1984-08-17,132.176,3.454999999999984
1984-08-24,133.575,1.399000000000001
1984-08-31,136.038,2.4630000000000223
1984-09-07,140.575,4.536999999999978
1984-09-14,139.605,-0.9699999999999989
1984-09-21,141.027,1.421999999999997
1984-09-28,141.939,0.9120000000000061
1984-10-05,143.191,1.2520000000000095
1984-10-12,148.298,5.106999999999999
1984-10-19,152.974,4.675999999999988
1984-10-26,155.641,2.6670000000000016
1984-11-02,154.929,-0.7119999999999891
1984-11-09,157.501,2.5720000000000027
1984-11-16,157.133,-0.367999999999995
1984-11-23,159.417,2.283999999999992
1984-11-30,161.646,2.228999999999985
1984-12-07,158.118,-3.5279999999999916
1984-12-14,155.273,-2.844999999999999
1984-12-21,155.58,0.30700000000001637
1984-12-28,159.499,3.9189999999999827
1985-01-04,162.841,3.342000000000013
1985-01-11,162.711,-0.12999999999999545
1985-01-18,155.146,-7.565000000000026
1985-01-25,145.689,-9.456999999999994
1985-02-01,143.35,-2.3389999999999986
1985-02-08,139.186,-4.163999999999987
1985-02-15,133.574,-5.611999999999995
1985-02-22,126.365,-7.209000000000017
1985-03-01,123.669,-2.695999999999998
1985-03-08,117.561,-6.10799999999999
1985-03-15,109.99,-7.571000000000012
1985-03-22,103.819,-6.170999999999992
1985-03-29,98.539,-5.280000000000001
1985-04-05,98.195,-0.3440000000000083
1985-04-12,97.25,-0.9449999999999932
1985-04-19,96.263,-0.9869999999999948
1985-04-26,95.906,-0.3569999999999993
1985-05-03,96.584,0.6779999999999973
1985-05-10,97.349,0.7650000000000006
1985-05-17,99.311,1.9620000000000033
1985-05-24,100.847,1.5359999999999872
1985-05-31,105.001,4.154000000000011
1985-06-07,105.288,0.28699999999999193
1985-06-14,106.951,1.6629999999999967
1985-06-21,107.828,0.8770000000000095
1985-06-28,107.941,0.11299999999999955
1985-07-05,110.986,3.0450000000000017
1985-07-12,112.515,1.5289999999999964
1985-07-19,115.151,2.6359999999999957
1985-07-26,118.36,3.209000000000003
1985-08-02,115.667,-2.692999999999998
1985-08-09,116.301,0.6340000000000003
1985-08-16,117.813,1.5120000000000005
1985-08-23,116.902,-0.9110000000000014
1985-08-30,114.127,-2.7750000000000057
1985-09-06,115.71,1.5829999999999984
1985-09-13,115.807,0.09700000000000841
1985-09-20,114.625,-1.1820000000000022
1985-09-27,115.197,0.5720000000000027
1985-10-04,114.396,-0.8010000000000019
1985-10-11,116.264,1.867999999999995
1985-10-18,116.398,0.13400000000000034
1985-10-25,120.726,4.328000000000003
1985-11-01,121.971,1.2450000000000045
1985-11-08,123.068,1.0969999999999942
1985-11-15,129.291,6.222999999999999
1985-11-22,131.966,2.6750000000000114
1985-11-29,136.011,4.0449999999999875
1985-12-06,141.37,5.359000000000009
1985-12-13,141.618,0.24799999999999045
1985-12-20,139.919,-1.6989999999999839
1985-12-27,143.344,3.424999999999983
1986-01-03,145.08,1.7360000000000184
1986-01-10,146.695,1.6149999999999807
1986-01-17,145.73,-0.9650000000000034
1986-01-24,143.604,-2.1259999999999764
1986-01-31,138.675,-4.929000000000002
1986-02-07,135.529,-3.146000000000015
1986-02-14,129.003,-6.5260000000000105
1986-02-21,123.415,-5.58799999999998
1986-02-28,114.417,-8.998000000000005
1986-03-07,108.817,-5.6000000000000085
1986-03-14,100.875,-7.941999999999993
1986-03-21,98.526,-2.3490000000000038
1986-03-28,97.845,-0.6809999999999974
1986-04-04,98.896,1.051000000000002
1986-04-11,97.733,-1.1629999999999967
1986-04-18,96.523,-1.210000000000008
1986-04-25,97.241,0.7180000000000035
1986-05-02,95.321,-1.9200000000000017
1986-05-09,94.524,-0.796999999999997
1986-05-16,93.294,-1.230000000000004
1986-05-23,92.691,-0.6029999999999944
1986-05-30,97.589,4.897999999999996
1986-06-06,98.596,1.007000000000005
1986-06-13,100.581,1.9849999999999994
1986-06-20,103.791,3.2099999999999937
1986-06-27,104.308,0.5170000000000101
1986-07-04,106.458,2.1499999999999915
1986-07-11,107.558,1.1000000000000085
1986-07-18,111.223,3.664999999999992
1986-07-25,111.673,0.45000000000000284
1986-08-01,118.894,7.221000000000004
1986-08-08,120.734,1.8399999999999892
1986-08-15,121.528,0.7940000000000111
1986-08-22,128.999,7.470999999999989
1986-08-29,132.858,3.859000000000009
1986-09-05,137.082,4.2239999999999895
1986-09-12,143.584,6.5020000000000095
1986-09-19,145.849,2.2649999999999864
1986-09-26,148.492,2.6430000000000007
1986-10-03,150.834,2.342000000000013
1986-10-10,153.728,2.8940000000000055
1986-10-17,151.815,-1.913000000000011
1986-10-24,152.171,0.35599999999999454
1986-10-31,151.896,-0.2750000000000057
1986-11-07,153.723,1.8270000000000266
1986-11-14,154.088,0.3649999999999807
1986-11-21,152.461,-1.6269999999999811
1986-11-28,152.632,0.17099999999999227
1986-12-05,154.533,1.900999999999982
1986-12-12,155.991,1.4580000000000268
1986-12-19,154.341,-1.6500000000000057
1986-12-26,155.124,0.782999999999987
1987-01-02,155.83,0.7060000000000173
1987-01-09,155.298,-0.5320000000000107
1987-01-16,151.33,-3.9679999999999893
1987-01-23,147.992,-3.3380000000000223
1987-01-30,143.598,-4.393999999999977
1987-02-06,138.733,-4.865000000000009
1987-02-13,136.263,-2.469999999999999
1987-02-20,131.798,-4.465000000000003
1987-02-27,128.37,-3.4279999999999973
1987-03-06,119.593,-8.777000000000001
1987-03-13,112.039,-7.554000000000002
1987-03-20,108.793,-3.245999999999995
1987-03-27,106.906,-1.8870000000000005
1987-04-03,106.854,-0.05200000000000671
1987-04-10,105.764,-1.0900000000000034
1987-04-17,104.866,-0.8979999999999961
1987-04-24,103.623,-1.242999999999995
1987-05-01,99.823,-3.8000000000000114
1987-05-08,97.865,-1.9579999999999984
1987-05-15,95.243,-2.622
1987-05-22,95.885,0.6420000000000101
1987-05-29,100.667,4.7819999999999965
1987-06-05,99.287,-1.3799999999999955
1987-06-12,99.45,0.1629999999999967
1987-06-19,102.666,3.215999999999994
1987-06-26,103.561,0.8950000000000102
1987-07-03,104.988,1.4269999999999925
1987-07-10,109.265,4.277000000000001
1987-07-17,111.275,2.010000000000005
1987-07-24,113.447,2.171999999999997
1987-07-31,113.663,0.21599999999999397
1987-08-07,114.395,0.7319999999999993
1987-08-14,119.819,5.424000000000007
1987-08-21,121.36,1.5409999999999968
1987-08-28,122.472,1.1119999999999948
1987-09-04,122.354,-0.117999999999995
1987-09-11,126.626,4.272000000000006
1987-09-18,125.585,-1.041000000000011
1987-09-25,128.599,3.013999999999996
1987-10-02,128.681,0.08200000000002206
1987-10-09,128.017,-0.6640000000000157
1987-10-16,124.975,-3.0420000000000016
1987-10-23,123.177,-1.7979999999999876
1987-10-30,122.894,-0.28300000000000125
1987-11-06,120.537,-2.3569999999999993
1987-11-13,124.785,4.2479999999999905
1987-11-20,123.92,-0.8649999999999949
1987-11-27,122.311,-1.6089999999999947
1987-12-04,127.749,5.437999999999988
1987-12-11,126.77,-0.9789999999999992
1987-12-18,127.849,1.0790000000000077
1987-12-25,131.127,3.278000000000006
1988-01-01,137.169,6.042000000000002
1988-01-08,135.783,-1.386000000000024
1988-01-15,132.064,-3.718999999999994
1988-01-22,128.517,-3.546999999999997
1988-01-29,126.67,-1.8469999999999942
1988-02-05,123.132,-3.5379999999999967
1988-02-12,117.145,-5.987000000000009
1988-02-19,113.358,-3.786999999999992
1988-02-26,111.688,-1.6700000000000017
1988-03-04,108.209,-3.478999999999999
1988-03-11,102.749,-5.460000000000008
1988-03-18,99.11,-3.638999999999996
1988-03-25,94.866,-4.244
1988-04-01,91.965,-2.9009999999999962
1988-04-08,92.65,0.6850000000000023
1988-04-15,94.967,2.316999999999993
1988-04-22,93.475,-1.4920000000000044
1988-04-29,94.899,1.4240000000000066
1988-05-06,95.317,0.41799999999999216
1988-05-13,97.503,2.186000000000007
1988-05-20,97.961,0.4579999999999984
1988-05-27,99.817,1.8559999999999945
1988-06-03,103.804,3.987000000000009
1988-06-10,108.435,4.631
1988-06-17,109.966,1.5309999999999917
1988-06-24,110.636,0.6700000000000017
1988-07-01,112.184,1.5480000000000018
1988-07-08,116.214,4.030000000000001
1988-07-15,117.214,1.0
1988-07-22,117.481,0.2669999999999959
1988-07-29,118.668,1.1870000000000118
1988-08-05,119.571,0.9029999999999916
1988-08-12,120.998,1.4270000000000067
1988-08-19,123.661,2.6629999999999967
1988-08-26,122.162,-1.4989999999999952
1988-09-02,125.585,3.4229999999999876
1988-09-09,131.772,6.186999999999998
1988-09-16,133.801,2.0289999999999964
1988-09-23,134.913,1.1120000000000232
1988-09-30,134.735,-0.17799999999999727
1988-10-07,134.05,-0.6850000000000023
1988-10-14,133.318,-0.7319999999999993
1988-10-21,128.848,-4.469999999999999
1988-10-28,130.645,1.796999999999997
1988-11-04,129.711,-0.9339999999999975
1988-11-11,127.212,-2.4990000000000094
1988-11-18,128.162,0.9500000000000028
1988-11-25,127.762,-0.4000000000000057
1988-12-02,128.88,1.117999999999995
1988-12-09,127.34,-1.539999999999992
1988-12-16,126.916,-0.4240000000000066
1988-12-23,124.749,-2.1670000000000016
1988-12-30,125.548,0.7990000000000066
1989-01-06,126.817,1.2689999999999912
1989-01-13,125.053,-1.7639999999999958
1989-01-20,120.024,-5.028999999999996
1989-01-27,119.772,-0.25199999999999534
1989-02-03,118.01,-1.7620000000000005
1989-02-10,116.267,-1.7430000000000092
1989-02-17,112.651,-3.6159999999999997
1989-02-24,110.541,-2.1099999999999994
1989-03-03,108.402,-2.138999999999996
1989-03-10,102.556,-5.846000000000004
1989-03-17,100.216,-2.3400000000000034
1989-03-24,96.586,-3.6299999999999955
1989-03-31,98.147,1.561000000000007
1989-04-07,97.887,-0.2600000000000051
1989-04-14,99.216,1.3289999999999935
1989-04-21,97.782,-1.4339999999999975
1989-04-28,96.738,-1.043999999999997
1989-05-05,95.953,-0.7849999999999966
1989-05-12,96.832,0.8789999999999907
1989-05-19,94.553,-2.2789999999999964
1989-05-26,94.986,0.43300000000000693
1989-06-02,99.019,4.033000000000001
1989-06-09,98.669,-0.3500000000000085
1989-06-16,97.76,-0.9089999999999918
1989-06-23,98.421,0.6610000000000014
1989-06-30,100.092,1.6709999999999923
1989-07-07,104.81,4.7180000000000035
1989-07-14,109.731,4.920999999999992
1989-07-21,108.828,-0.9029999999999916
1989-07-28,113.217,4.388999999999996
1989-08-04,115.812,2.594999999999999
1989-08-11,116.476,0.6640000000000015
1989-08-18,118.002,1.5259999999999962
1989-08-25,116.487,-1.5150000000000006
1989-09-01,116.231,-0.2560000000000002
1989-09-08,118.891,2.660000000000011
1989-09-15,120.684,1.7929999999999922
1989-09-22,121.919,1.2349999999999994
1989-09-29,122.375,0.45600000000000307
1989-10-06,121.136,-1.2390000000000043
1989-10-13,120.163,-0.972999999999999
1989-10-20,119.898,-0.26500000000000057
1989-10-27,119.032,-0.8659999999999997
1989-11-03,119.158,0.12600000000000477
1989-11-10,122.191,3.0330000000000013
1989-11-17,118.85,-3.341000000000008
1989-11-24,121.163,2.3130000000000024
1989-12-01,121.911,0.7480000000000047
1989-12-08,118.134,-3.777000000000001
1989-12-15,115.782,-2.352000000000004
1989-12-22,111.143,-4.638999999999996
1989-12-29,106.744,-4.399000000000001
1990-01-05,109.207,2.462999999999994
1990-01-12,109.516,0.3090000000000117
1990-01-19,114.347,4.830999999999989
1990-01-26,119.922,5.575000000000003
1990-02-02,122.954,3.0319999999999965
1990-02-09,122.229,-0.7249999999999943
1990-02-16,120.413,-1.8160000000000025
1990-02-23,118.477,-1.9359999999999928
1990-03-02,115.706,-2.771000000000001
1990-03-09,110.772,-4.9339999999999975
1990-03-16,107.077,-3.6950000000000074
1990-03-23,103.187,-3.8900000000000006
1990-03-30,102.203,-0.9839999999999947
1990-04-06,98.96,-3.243000000000009
1990-04-13,98.14,-0.8199999999999932
1990-04-20,96.385,-1.7549999999999955
1990-04-27,96.581,0.19599999999999795
1990-05-04,96.669,0.08799999999999386
1990-05-11,97.054,0.3850000000000051
1990-05-18,98.93,1.8760000000000048
1990-05-25,100.713,1.782999999999987
1990-06-01,103.054,2.341000000000008
1990-06-08,105.527,2.472999999999999
1990-06-15,108.385,2.858000000000004
1990-06-22,109.58,1.1949999999999932
1990-06-29,110.964,1.3840000000000003
1990-07-06,113.826,2.8619999999999948
1990-07-13,117.826,4.0
1990-07-20,120.499,2.673000000000002
1990-07-27,122.438,1.9390000000000072
1990-08-03,122.138,-0.29999999999999716
1990-08-10,122.994,0.8559999999999945
1990-08-17,124.943,1.948999999999998
1990-08-24,126.34,1.3970000000000056
1990-08-31,129.733,3.3930000000000007
1990-09-07,134.435,4.701999999999998
1990-09-14,135.971,1.5360000000000014
1990-09-21,137.983,2.0120000000000005
1990-09-28,136.899,-1.0840000000000032
1990-10-05,134.007,-2.891999999999996
1990-10-12,136.646,2.6389999999999816
1990-10-19,136.997,0.3510000000000275
1990-10-26,138.549,1.5519999999999925
1990-11-02,137.892,-0.6570000000000107
1990-11-09,136.16,-1.7319999999999993
1990-11-16,134.642,-1.5180000000000007
1990-11-23,134.566,-0.0759999999999934
1990-11-30,134.44,-0.12600000000000477
1990-12-07,133.203,-1.2369999999999948
1990-12-14,132.331,-0.8720000000000141
1990-12-21,129.581,-2.75
1990-12-28,129.846,0.2650000000000148
1991-01-04,129.423,-0.4230000000000018
1991-01-11,126.956,-2.4669999999999987
1991-01-18,117.98,-8.975999999999999
1991-01-25,115.089,-2.8910000000000053
1991-02-01,110.89,-4.198999999999998
1991-02-08,108.705,-2.1850000000000023
1991-02-15,105.147,-3.5579999999999927
1991-02-22,104.337,-0.8100000000000023
1991-03-01,102.276,-2.061000000000007
1991-03-08,101.071,-1.2049999999999983
1991-03-15,96.815,-4.256
1991-03-22,97.42,0.605000000000004
1991-03-29,97.028,-0.3919999999999959
1991-04-05,96.007,-1.0210000000000008
1991-04-12,96.949,0.9419999999999931
1991-04-19,98.364,1.4150000000000063
1991-04-26,100.598,2.2339999999999947
1991-05-03,101.538,0.9399999999999977
1991-05-10,103.025,1.487000000000009
1991-05-17,102.361,-0.6640000000000015
1991-05-24,102.974,0.6129999999999995
1991-05-31,108.2,5.225999999999999
1991-06-07,108.069,-0.13100000000000023
1991-06-14,111.17,3.100999999999999
1991-06-21,113.705,2.5349999999999966
1991-06-28,113.216,-0.4890000000000043
1991-07-05,113.605,0.38900000000001
1991-07-12,120.095,6.489999999999995
1991-07-19,120.306,0.21099999999999852
1991-07-26,122.55,2.2439999999999998
1991-08-02,125.04,2.490000000000009
1991-08-09,126.356,1.3159999999999883
1991-08-16,126.038,-0.31799999999999784
1991-08-23,127.749,1.7109999999999985
1991-08-30,129.67,1.9209999999999923
1991-09-06,132.645,2.9750000000000227
1991-09-13,135.574,2.929000000000002
1991-09-20,139.631,4.056999999999988
1991-09-27,140.645,1.01400000000001
1991-10-04,138.759,-1.886000000000024
1991-10-11,139.319,0.5600000000000023
1991-10-18,137.65,-1.6689999999999827
1991-10-25,137.73,0.07999999999998408
1991-11-01,139.775,2.045000000000016
1991-11-08,137.673,-2.102000000000004
1991-11-15,138.604,0.9310000000000116
1991-11-22,140.153,1.5489999999999782
1991-11-29,142.65,2.497000000000014
1991-12-06,143.692,1.0420000000000016
1991-12-13,144.896,1.2039999999999793
1991-12-20,142.48,-2.415999999999997
1991-12-27,144.71,2.230000000000018
1992-01-03,145.185,0.4749999999999943
1992-01-10,142.876,-2.3089999999999975
1992-01-17,137.967,-4.908999999999992
1992-01-24,132.738,-5.229000000000013
1992-01-31,127.538,-5.200000000000003
1992-02-07,122.891,-4.646999999999991
1992-02-14,115.61,-7.281000000000006
1992-02-21,112.456,-3.1539999999999964
1992-02-28,109.417,-3.0390000000000015
1992-03-06,104.078,-5.338999999999999
1992-03-13,104.819,0.7409999999999997
1992-03-20,100.852,-3.9669999999999987
1992-03-27,98.451,-2.4010000000000105
1992-04-03,94.498,-3.9529999999999887
1992-04-10,91.386,-3.112000000000009
1992-04-17,91.902,0.5160000000000053
1992-04-24,92.789,0.8870000000000005
1992-05-01,91.954,-0.835000000000008
1992-05-08,89.512,-2.441999999999993
1992-05-15,89.423,-0.08899999999999864
1992-05-22,90.18,0.757000000000005
1992-05-29,95.444,5.263999999999996
1992-06-05,95.003,-0.4410000000000025
1992-06-12,97.795,2.7920000000000016
1992-06-19,98.645,0.8499999999999943
1992-06-26,104.397,5.7520000000000095
1992-07-03,106.237,1.8399999999999892
1992-07-10,109.622,3.385000000000005
1992-07-17,110.287,0.6650000000000063
1992-07-24,114.479,4.191999999999993
1992-07-31,116.511,2.0319999999999965
1992-08-07,120.25,3.7390000000000043
1992-08-14,123.014,2.763999999999996
1992-08-21,125.21,2.195999999999998
1992-08-28,126.477,1.2670000000000101
1992-09-04,125.169,-1.308000000000007
1992-09-11,131.943,6.774000000000015
1992-09-18,132.124,0.18099999999998317
1992-09-25,133.111,0.9869999999999948
1992-10-02,131.957,-1.1539999999999964
1992-10-09,131.99,0.03300000000001546
1992-10-16,131.208,-0.7820000000000107
1992-10-23,134.151,2.943000000000012
1992-10-30,136.144,1.992999999999995
1992-11-06,137.682,1.5379999999999825
1992-11-13,141.058,3.3760000000000048
1992-11-20,138.62,-2.437999999999988
1992-11-27,140.003,1.3829999999999814
1992-12-04,144.763,4.760000000000019
1992-12-11,141.632,-3.1310000000000002
1992-12-18,137.699,-3.9329999999999927
1992-12-25,138.918,1.218999999999994
1993-01-01,141.903,2.984999999999985
1993-01-08,143.645,1.7420000000000186
1993-01-15,141.743,-1.9020000000000152
1993-01-22,137.63,-4.1129999999999995
1993-01-29,131.446,-6.1839999999999975
1993-02-05,124.373,-7.072999999999993
1993-02-12,120.707,-3.666000000000011
1993-02-19,117.065,-3.641999999999996
1993-02-26,111.818,-5.247
1993-03-05,104.081,-7.736999999999995
1993-03-12,102.238,-1.8430000000000035
1993-03-19,99.817,-2.4210000000000065
1993-03-26,96.51,-3.306999999999988
1993-04-02,97.317,0.806999999999988
1993-04-09,98.606,1.2890000000000015
1993-04-16,97.07,-1.5360000000000014
1993-04-23,100.234,3.1640000000000015
1993-04-30,98.888,-1.3459999999999894
1993-05-07,101.227,2.3389999999999986
1993-05-14,99.764,-1.463000000000008
1993-05-21,100.658,0.8940000000000055
1993-05-28,102.48,1.8220000000000027
1993-06-04,101.178,-1.3020000000000067
1993-06-11,104.105,2.9270000000000067
1993-06-18,106.827,2.721999999999994
1993-06-25,106.993,0.16599999999999682
1993-07-02,110.497,3.504000000000005
1993-07-09,116.09,5.5930000000000035
1993-07-16,118.568,2.4779999999999944
1993-07-23,120.335,1.766999999999996
1993-07-30,121.335,1.0
1993-08-06,121.806,0.47100000000000364
1993-08-13,122.918,1.112000000000009
1993-08-20,125.49,2.5719999999999885
1993-08-27,124.544,-0.945999999999998
1993-09-03,127.238,2.6940000000000026
1993-09-10,130.732,3.4939999999999998
1993-09-17,131.296,0.563999999999993
1993-09-24,131.457,0.16100000000000136
1993-10-01,131.065,-0.3919999999999959
1993-10-08,132.914,1.8489999999999895
1993-10-15,133.43,0.5160000000000196
1993-10-22,134.378,0.9479999999999791
1993-10-29,139.109,4.731000000000023
1993-11-05,137.564,-1.545000000000016
1993-11-12,138.384,0.8199999999999932
1993-11-19,138.781,0.3970000000000198
1993-11-26,141.767,2.98599999999999
1993-12-03,146.209,4.442000000000007
1993-12-10,144.663,-1.5459999999999923
1993-12-17,140.788,-3.875
1993-12-24,142.473,1.6850000000000023
1993-12-31,144.694,2.220999999999975
1994-01-07,140.003,-4.6910000000000025
1994-01-14,134.605,-5.397999999999996
1994-01-21,125.677,-8.927999999999983
1994-01-28,116.709,-8.968000000000004
1994-02-04,108.25,-8.459000000000003
1994-02-11,104.666,-3.584000000000003
1994-02-18,102.495,-2.1709999999999923
1994-02-25,101.361,-1.1340000000000003
1994-03-04,99.097,-2.26400000000001
1994-03-11,99.466,0.3689999999999998
1994-03-18,98.771,-0.6949999999999932
1994-03-25,97.215,-1.5559999999999974
1994-04-01,99.172,1.9569999999999936
1994-04-08,97.442,-1.730000000000004
1994-04-15,99.302,1.8600000000000136
1994-04-22,97.913,-1.38900000000001
1994-04-29,101.258,3.344999999999999
1994-05-06,102.692,1.4339999999999975
1994-05-13,106.128,3.436000000000007
1994-05-20,104.418,-1.7099999999999937
1994-05-27,107.136,2.7179999999999893
1994-06-03,111.284,4.14800000000001
1994-06-10,113.247,1.9629999999999939
1994-06-17,116.909,3.662000000000006
1994-06-24,117.228,0.3189999999999884
1994-07-01,120.076,2.847999999999999
1994-07-08,125.133,5.057000000000002
1994-07-15,127.666,2.5330000000000013
1994-07-22,129.199,1.5330000000000155
1994-07-29,132.315,3.1159999999999854
1994-08-05,132.895,0.5800000000000125
1994-08-12,134.435,1.539999999999992
1994-08-19,137.256,2.820999999999998
1994-08-26,134.858,-2.397999999999996
1994-09-02,138.328,3.469999999999999
1994-09-09,141.767,3.438999999999993
1994-09-16,145.413,3.646000000000015
1994-09-23,144.496,-0.9170000000000016
1994-09-30,144.818,0.32200000000000273
1994-10-07,146.951,2.1329999999999814
1994-10-14,145.17,-1.781000000000006
1994-10-21,146.331,1.1610000000000014
1994-10-28,143.73,-2.600999999999999
1994-11-04,141.964,-1.7659999999999911
1994-11-11,141.934,-0.030000000000001137
1994-11-18,140.02,-1.9139999999999873
1994-11-25,143.608,3.587999999999994
1994-12-02,145.01,1.4019999999999868
1994-12-09,141.539,-3.4710000000000036
1994-12-16,141.222,-0.31699999999997885
1994-12-23,139.266,-1.9560000000000173
1994-12-30,142.265,2.9989999999999952
1995-01-06,142.731,0.4660000000000082
1995-01-13,141.844,-0.8870000000000005
1995-01-20,141.064,-0.7800000000000011
1995-01-27,136.626,-4.437999999999988
1995-02-03,134.993,-1.6330000000000098
1995-02-10,129.519,-5.4739999999999895
1995-02-17,123.966,-5.5530000000000115
1995-02-24,121.206,-2.759999999999991
1995-03-03,119.974,-1.2319999999999993
1995-03-10,117.126,-2.847999999999999
1995-03-17,117.534,0.40800000000000125
1995-03-24,117.708,0.17399999999999238
1995-03-31,119.081,1.3730000000000047
1995-04-07,115.073,-4.00800000000001
1995-04-14,111.837,-3.23599999999999
1995-04-21,113.601,1.7639999999999958
1995-04-28,114.444,0.8430000000000035
1995-05-05,112.323,-2.1210000000000093
1995-05-12,113.359,1.0360000000000014
1995-05-19,112.511,-0.847999999999999
1995-05-26,114.253,1.7420000000000044
1995-06-02,116.107,1.8539999999999992
1995-06-09,115.804,-0.30299999999999727
1995-06-16,117.323,1.5189999999999912
1995-06-23,116.322,-1.0009999999999906
1995-06-30,116.458,0.13599999999999568
1995-07-07,119.134,2.676000000000002
1995-07-14,122.603,3.468999999999994
1995-07-21,121.931,-0.671999999999997
1995-07-28,122.628,0.6970000000000027
1995-08-04,124.4,1.7720000000000056
1995-08-11,124.739,0.33899999999999864
1995-08-18,124.388,-0.3509999999999991
1995-08-25,124.377,-0.01100000000000989
1995-09-01,127.31,2.933000000000007
1995-09-08,129.905,2.594999999999999
1995-09-15,133.639,3.734000000000009
1995-09-22,131.694,-1.9450000000000216
1995-09-29,132.005,0.31100000000000705
1995-10-06,131.434,-0.570999999999998
1995-10-13,133.528,2.093999999999994
1995-10-20,131.632,-1.8959999999999866
1995-10-27,128.734,-2.897999999999996
1995-11-03,130.05,1.3160000000000025
1995-11-10,131.011,0.9609999999999843
1995-11-17,130.504,-0.507000000000005
1995-11-24,133.426,2.921999999999997
1995-12-01,134.885,1.4590000000000032
1995-12-08,133.613,-1.2719999999999914
1995-12-15,129.379,-4.234000000000009
1995-12-22,126.452,-2.9269999999999925
1995-12-29,128.268,1.8160000000000025
1996-01-05,130.131,1.8629999999999995
1996-01-12,125.364,-4.766999999999996
1996-01-19,121.184,-4.180000000000007
1996-01-26,116.922,-4.2620000000000005
1996-02-02,111.644,-5.277999999999992
1996-02-09,102.876,-8.768
1996-02-16,98.416,-4.460000000000008
1996-02-23,98.896,0.480000000000004
1996-03-01,96.81,-2.0859999999999985
1996-03-08,96.882,0.07200000000000273
1996-03-15,92.696,-4.186000000000007
1996-03-22,88.281,-4.414999999999992
1996-03-29,89.008,0.7269999999999897
1996-04-05,87.627,-1.3810000000000002
1996-04-12,88.394,0.7670000000000101
1996-04-19,87.153,-1.2409999999999997
1996-04-26,87.737,0.583999999999989
1996-05-03,89.442,1.7049999999999983
1996-05-10,90.494,1.0520000000000067
1996-05-17,90.406,-0.08799999999999386
1996-05-24,92.907,2.5009999999999906
1996-05-31,96.069,3.162000000000006
1996-06-07,96.339,0.269999999999996
1996-06-14,99.386,3.046999999999997
1996-06-21,99.833,0.44700000000000273
1996-06-28,100.441,0.6080000000000041
1996-07-05,102.874,2.4329999999999927
1996-07-12,104.383,1.5090000000000003
1996-07-19,104.28,-0.10299999999999443
1996-07-26,102.629,-1.6509999999999962
1996-08-02,104.053,1.4239999999999924
1996-08-09,103.69,-0.36299999999999955
1996-08-16,104.848,1.1580000000000013
1996-08-23,105.535,0.6869999999999976
1996-08-30,109.025,3.490000000000009
1996-09-06,111.522,2.497
1996-09-13,112.289,0.7669999999999959
1996-09-20,111.771,-0.5180000000000007
1996-09-27,110.974,-0.796999999999997
1996-10-04,112.259,1.2849999999999966
1996-10-11,111.374,-0.8850000000000051
1996-10-18,111.265,-0.10899999999999466
1996-10-25,114.978,3.712999999999994
1996-11-01,114.463,-0.5150000000000006
1996-11-08,114.146,-0.31699999999999307
1996-11-15,113.22,-0.9260000000000019
1996-11-22,114.49,1.269999999999996
1996-11-29,118.372,3.882000000000005
1996-12-06,120.753,2.3810000000000002
1996-12-13,120.544,-0.20900000000000318
1996-12-20,119.024,-1.519999999999996
1996-12-27,123.135,4.111000000000004
1997-01-03,126.155,3.019999999999996
1997-01-10,125.807,-0.347999999999999
1997-01-17,121.001,-4.805999999999997
1997-01-24,118.478,-2.5230000000000103
1997-01-31,114.237,-4.241
1997-02-07,109.425,-4.811999999999998
1997-02-14,105.766,-3.658999999999992
1997-02-21,105.28,-0.4860000000000042
1997-02-28,106.41,1.1299999999999955
1997-03-07,106.03,-0.37999999999999545
1997-03-14,102.794,-3.236000000000004
1997-03-21,100.213,-2.581000000000003
1997-03-28,97.884,-2.3289999999999935
1997-04-04,96.847,-1.0370000000000061
1997-04-11,98.392,1.5450000000000017
1997-04-18,95.728,-2.6640000000000015
1997-04-25,94.098,-1.6299999999999955
1997-05-02,96.765,2.6670000000000016
1997-05-09,96.365,-0.4000000000000057
1997-05-16,98.787,2.4220000000000113
1997-05-23,102.184,3.3969999999999914
1997-05-30,108.039,5.855000000000004
1997-06-06,110.49,2.4509999999999934
1997-06-13,111.731,1.2409999999999997
1997-06-20,113.491,1.7600000000000051
1997-06-27,116.23,2.7390000000000043
1997-07-04,116.592,0.36199999999999477
1997-07-11,121.445,4.852999999999994
1997-07-18,120.542,-0.9029999999999916
1997-07-25,120.642,0.09999999999999432
1997-08-01,122.61,1.9680000000000035
1997-08-08,121.988,-0.6219999999999999
1997-08-15,124.521,2.5330000000000013
1997-08-22,126.255,1.7339999999999947
1997-08-29,128.76,2.5049999999999955
1997-09-05,133.859,5.099000000000018
1997-09-12,133.998,0.13899999999998158
1997-09-19,135.5,1.5020000000000095
1997-09-26,135.753,0.2529999999999859
1997-10-03,135.746,-0.0069999999999765805
1997-10-10,136.242,0.4959999999999809
1997-10-17,136.91,0.6680000000000064
1997-10-24,135.023,-1.8870000000000005
1997-10-31,134.273,-0.75
1997-11-07,135.455,1.1820000000000164
1997-11-14,134.252,-1.203000000000003
1997-11-21,133.967,-0.2849999999999966
1997-11-28,133.161,-0.8060000000000116
1997-12-05,135.517,2.3559999999999945
1997-12-12,135.548,0.03100000000000591
1997-12-19,133.477,-2.070999999999998
1997-12-26,131.063,-2.4140000000000157
1998-01-02,136.956,5.893000000000001
1998-01-09,139.236,2.280000000000001
1998-01-16,136.776,-2.4599999999999795
1998-01-23,133.652,-3.1240000000000236
1998-01-30,131.374,-2.2779999999999916
1998-02-06,129.556,-1.8179999999999836
1998-02-13,128.948,-0.6080000000000041
1998-02-20,127.045,-1.9030000000000058
1998-02-27,126.615,-0.4300000000000068
1998-03-06,126.572,-0.042999999999992156
1998-03-13,124.898,-1.6740000000000066
1998-03-20,123.577,-1.320999999999998
1998-03-27,121.244,-2.3329999999999984
1998-04-03,120.571,-0.6730000000000018
1998-04-10,122.396,1.8250000000000028
1998-04-17,122.439,0.042999999999992156
1998-04-24,121.821,-0.617999999999995
1998-05-01,122.52,0.6989999999999981
1998-05-08,124.05,1.5300000000000011
1998-05-15,123.259,-0.7909999999999968
1998-05-22,126.329,3.069999999999993
1998-05-29,131.37,5.041000000000011
1998-06-05,130.454,-0.9159999999999968
1998-06-12,131.231,0.7769999999999868
1998-06-19,131.957,0.7259999999999991
1998-06-26,131.676,-0.2810000000000059
1998-07-03,133.695,2.0190000000000055
1998-07-10,135.707,2.0120000000000005
1998-07-17,140.135,4.427999999999997
1998-07-24,143.345,3.210000000000008
1998-07-31,144.032,0.6870000000000118
1998-08-07,144.002,-0.030000000000001137
1998-08-14,144.831,0.8289999999999793
1998-08-21,144.93,0.09900000000001796
1998-08-28,143.647,-1.2830000000000155
1998-09-04,144.689,1.0420000000000016
1998-09-11,148.689,4.0
1998-09-18,149.684,0.9950000000000045
1998-09-25,152.563,2.8789999999999907
1998-10-02,152.101,-0.4619999999999891
1998-10-09,149.284,-2.8170000000000073
1998-10-16,147.428,-1.8559999999999945
1998-10-23,147.214,-0.21399999999999864
1998-10-30,145.118,-2.0960000000000036
1998-11-06,145.151,0.03300000000001546
1998-11-13,145.91,0.7589999999999861
1998-11-20,145.268,-0.6419999999999959
1998-11-27,147.996,2.7280000000000086
1998-12-04,149.556,1.5600000000000023
1998-12-11,152.754,3.197999999999979
1998-12-18,151.195,-1.5589999999999975
1998-12-25,152.532,1.3370000000000175
1999-01-01,153.929,1.3969999999999914
1999-01-08,154.236,0.30699999999998795
1999-01-15,147.748,-6.4879999999999995
1999-01-22,144.253,-3.4950000000000045
1999-01-29,144.134,-0.11899999999999977
1999-02-05,142.894,-1.2399999999999807
1999-02-12,143.281,0.38700000000000045
1999-02-19,141.4,-1.8810000000000002
1999-02-26,140.153,-1.247000000000014
1999-03-05,136.371,-3.7819999999999823
1999-03-12,131.943,-4.427999999999997
1999-03-19,126.88,-5.063000000000017
1999-03-26,122.106,-4.774000000000001
1999-04-02,124.458,2.352000000000004
1999-04-09,129.208,4.75
1999-04-16,125.886,-3.3220000000000027
1999-04-23,127.675,1.7890000000000015
1999-04-30,127.434,-0.24099999999999966
1999-05-07,127.311,-0.12299999999999045
1999-05-14,128.194,0.8829999999999814
1999-05-21,130.493,2.2990000000000066
1999-05-28,131.664,1.1709999999999923
1999-06-04,131.277,-0.38700000000000045
1999-06-11,133.578,2.301000000000016
1999-06-18,130.411,-3.1670000000000016
1999-06-25,130.676,0.26499999999998636
1999-07-02,130.772,0.09600000000000364
1999-07-09,134.597,3.825000000000017
1999-07-16,136.057,1.4599999999999795
1999-07-23,136.863,0.8060000000000116
1999-07-30,136.901,0.038000000000010914
1999-08-06,135.889,-1.0120000000000005
1999-08-13,137.593,1.7039999999999793
1999-08-20,139.736,2.1430000000000007
1999-08-27,141.615,1.879000000000019
1999-09-03,141.096,-0.5190000000000055
1999-09-10,142.659,1.5629999999999882
1999-09-17,143.717,1.0580000000000211
1999-09-24,145.944,2.2269999999999754
1999-10-01,144.885,-1.0589999999999975
1999-10-08,143.767,-1.117999999999995
1999-10-15,143.261,-0.5060000000000002
1999-10-22,139.845,-3.415999999999997
1999-10-29,137.974,-1.8710000000000093
1999-11-05,134.042,-3.931999999999988
1999-11-12,132.011,-2.031000000000006
1999-11-19,129.432,-2.5790000000000077
1999-11-26,131.538,2.106000000000023
1999-12-03,134.773,3.234999999999985
1999-12-10,131.816,-2.9569999999999936
1999-12-17,128.879,-2.937000000000012
1999-12-24,123.147,-5.731999999999985
1999-12-31,119.659,-3.4879999999999995
2000-01-07,122.685,3.0259999999999962
2000-01-14,118.825,-3.8599999999999994
2000-01-21,110.647,-8.177999999999997
2000-01-28,106.497,-4.150000000000006
2000-02-04,99.621,-6.876000000000005
2000-02-11,99.465,-0.1559999999999917
2000-02-18,99.273,-0.19200000000000728
2000-02-25,101.005,1.7319999999999993
2000-03-03,102.656,1.6510000000000105
2000-03-10,102.679,0.022999999999996135
2000-03-17,101.573,-1.1060000000000088
2000-03-24,98.911,-2.661999999999992
2000-03-31,97.259,-1.652000000000001
2000-04-07,96.666,-0.5930000000000035
2000-04-14,92.84,-3.8259999999999934
2000-04-21,93.723,0.8829999999999956
2000-04-28,96.433,2.710000000000008
2000-05-05,95.768,-0.6650000000000063
2000-05-12,96.134,0.36599999999999966
2000-05-19,97.422,1.2879999999999967
2000-05-26,98.075,0.6530000000000058
2000-06-02,102.54,4.465000000000003
2000-06-09,104.943,2.4029999999999916
2000-06-16,103.444,-1.4989999999999952
2000-06-23,103.772,0.32800000000000296
2000-06-30,103.748,-0.02400000000000091
2000-07-07,108.48,4.731999999999999
2000-07-14,109.263,0.7830000000000013
2000-07-21,110.409,1.1460000000000008
2000-07-28,110.72,0.31099999999999284
2000-08-04,110.192,-0.5280000000000058
2000-08-11,111.475,1.2830000000000013
2000-08-18,112.399,0.9240000000000066
2000-08-25,112.427,0.028000000000005798
2000-09-01,112.317,-0.11000000000001364
2000-09-08,114.584,2.26700000000001
2000-09-15,115.937,1.3529999999999944
2000-09-22,114.941,-0.9959999999999951
2000-09-29,114.194,-0.7469999999999999
2000-10-06,113.691,-0.5030000000000001
2000-10-13,112.799,-0.8919999999999959
2000-10-20,112.211,-0.5880000000000081
2000-10-27,113.556,1.3449999999999989
2000-11-03,115.71,2.1539999999999964
2000-11-10,115.161,-0.5489999999999924
2000-11-17,114.934,-0.22700000000000387
2000-11-24,116.609,1.6749999999999972
2000-12-01,120.045,3.436000000000007
2000-12-08,115.29,-4.7549999999999955
2000-12-15,116.188,0.8979999999999961
2000-12-22,114.693,-1.4950000000000045
2000-12-29,116.064,1.3709999999999951
2001-01-05,116.761,0.6970000000000027
2001-01-12,115.174,-1.586999999999989
2001-01-19,116.151,0.9769999999999897
2001-01-26,114.469,-1.6820000000000022
2001-02-02,115.339,0.8700000000000045
2001-02-09,116.147,0.8080000000000069
2001-02-16,117.706,1.5589999999999975
2001-02-23,116.611,-1.0949999999999989
2001-03-02,115.644,-0.9669999999999987
2001-03-09,114.313,-1.331000000000003
2001-03-16,110.693,-3.6200000000000045
2001-03-23,107.898,-2.7950000000000017
2001-03-30,104.013,-3.884999999999991
2001-04-06,101.93,-2.0829999999999984
2001-04-13,102.333,0.4029999999999916
2001-04-20,101.71,-0.6230000000000047
2001-04-27,102.75,1.0400000000000063
2001-05-04,103.058,0.30800000000000693
2001-05-11,102.944,-0.11400000000000432
2001-05-18,102.129,-0.8149999999999977
2001-05-25,104.298,2.168999999999997
2001-06-01,108.131,3.8329999999999984
2001-06-08,107.435,-0.695999999999998
2001-06-15,109.111,1.676000000000002
2001-06-22,111.191,2.0799999999999983
2001-06-29,112.783,1.5919999999999987
2001-07-06,116.413,3.6299999999999955
2001-07-13,119.064,2.6509999999999962
2001-07-20,120.571,1.507000000000005
2001-07-27,121.539,0.9680000000000035
2001-08-03,121.671,0.132000000000005
2001-08-10,120.823,-0.8480000000000132
2001-08-17,120.869,0.04600000000000648
2001-08-24,120.737,-0.132000000000005
2001-08-31,120.383,-0.3539999999999992
2001-09-07,121.258,0.875
2001-09-14,123.349,2.091000000000008
2001-09-21,121.735,-1.6140000000000043
2001-09-28,122.658,0.9230000000000018
2001-10-05,124.602,1.9440000000000026
2001-10-12,126.56,1.9579999999999984
2001-10-19,127.456,0.8960000000000008
2001-10-26,127.931,0.4749999999999943
2001-11-02,128.217,0.2860000000000156
2001-11-09,130.744,2.526999999999987
2001-11-16,130.533,-0.21100000000001273
2001-11-23,135.638,5.105000000000018
2001-11-30,137.974,2.3359999999999843
2001-12-07,140.284,2.3100000000000023
2001-12-14,138.701,-1.5829999999999984
2001-12-21,137.041,-1.6599999999999966
2001-12-28,137.642,0.6009999999999991
2002-01-04,142.247,4.605000000000018
2002-01-11,141.942,-0.3050000000000068
2002-01-18,139.013,-2.929000000000002
2002-01-25,138.842,-0.17099999999999227
2002-02-01,137.335,-1.507000000000005
2002-02-08,137.531,0.19599999999999795
2002-02-15,135.683,-1.8480000000000132
2002-02-22,132.702,-2.9809999999999945
2002-03-01,130.84,-1.8619999999999948
2002-03-08,127.987,-2.8530000000000086
2002-03-15,125.476,-2.5109999999999957
2002-03-22,122.525,-2.9509999999999934
2002-03-29,119.675,-2.8500000000000085
2002-04-05,121.161,1.4860000000000042
2002-04-12,120.086,-1.0750000000000028
2002-04-19,119.718,-0.367999999999995
2002-04-26,120.191,0.472999999999999
2002-05-03,121.497,1.3059999999999974
2002-05-10,122.454,0.9569999999999936
2002-05-17,123.915,1.4610000000000127
2002-05-24,124.93,1.0150000000000006
2002-05-31,127.479,2.5489999999999924
2002-06-07,129.215,1.7360000000000042
2002-06-14,129.49,0.2750000000000057
2002-06-21,128.645,-0.8449999999999989
2002-06-28,128.297,-0.3480000000000132
2002-07-05,131.376,3.0790000000000077
2002-07-12,133.471,2.094999999999999
2002-07-19,133.267,-0.20400000000000773
2002-07-26,134.446,1.179000000000002
2002-08-02,135.092,0.646000000000015
2002-08-09,133.96,-1.132000000000005
2002-08-16,133.385,-0.575000000000017
2002-08-23,131.575,-1.8100000000000023
2002-08-30,129.635,-1.9399999999999977
2002-09-06,133.567,3.9320000000000164
2002-09-13,131.385,-2.1820000000000164
2002-09-20,129.82,-1.5649999999999977
2002-09-27,130.066,0.24600000000000932
2002-10-04,127.357,-2.709000000000003
2002-10-11,125.426,-1.9309999999999974
2002-10-18,125.577,0.15099999999999625
2002-10-25,123.752,-1.8250000000000028
2002-11-01,121.897,-1.8549999999999898
2002-11-08,121.436,-0.4609999999999985
2002-11-15,122.851,1.414999999999992
2002-11-22,119.961,-2.8900000000000006
2002-11-29,119.838,-0.12300000000000466
2002-12-06,123.261,3.423000000000002
2002-12-13,124.738,1.4770000000000039
2002-12-20,124.919,0.18099999999999739
2002-12-27,126.823,1.9039999999999964
2003-01-03,129.748,2.924999999999997
2003-01-10,132.294,2.5460000000000207
2003-01-17,129.24,-3.054000000000002
2003-01-24,122.386,-6.854000000000013
2003-01-31,112.056,-10.329999999999998
2003-02-07,108.22,-3.8359999999999985
2003-02-14,103.581,-4.638999999999996
2003-02-21,99.053,-4.528000000000006
2003-02-28,96.539,-2.513999999999996
2003-03-07,98.317,1.7779999999999916
2003-03-14,97.226,-1.090999999999994
2003-03-21,99.478,2.2519999999999953
2003-03-28,97.892,-1.5859999999999985
2003-04-04,96.12,-1.7719999999999914
2003-04-11,95.721,-0.3990000000000009
2003-04-18,96.063,0.34199999999999875
2003-04-25,95.862,-0.20100000000000762
2003-05-02,97.303,1.4410000000000025
2003-05-09,99.878,2.575000000000003
2003-05-16,102.701,2.8229999999999933
2003-05-23,101.519,-1.181999999999988
2003-05-30,104.514,2.9949999999999903
2003-06-06,107.331,2.8170000000000073
2003-06-13,109.419,2.087999999999994
2003-06-20,109.41,-0.009000000000000341
2003-06-27,109.727,0.3170000000000073
2003-07-04,109.192,-0.5350000000000108
2003-07-11,114.685,5.493000000000009
2003-07-18,115.199,0.5139999999999958
2003-07-25,117.388,2.189000000000007
2003-08-01,119.051,1.6629999999999967
2003-08-08,119.918,0.8670000000000044
2003-08-15,121.129,1.2109999999999985
2003-08-22,121.786,0.6569999999999965
2003-08-29,124.732,2.945999999999998
2003-09-05,128.39,3.657999999999987
2003-09-12,131.332,2.9420000000000073
2003-09-19,131.235,-0.09699999999997999
2003-09-26,131.273,0.03799999999998249
2003-10-03,131.46,0.18700000000001182
2003-10-10,129.839,-1.6210000000000093
2003-10-17,132.449,2.6100000000000136
2003-10-24,134.013,1.563999999999993
2003-10-31,132.693,-1.3199999999999932
2003-11-07,131.191,-1.5020000000000095
2003-11-14,128.908,-2.2830000000000155
2003-11-21,128.304,-0.603999999999985
2003-11-28,131.084,2.780000000000001
2003-12-05,132.118,1.0339999999999918
2003-12-12,130.747,-1.370999999999981
2003-12-19,128.435,-2.312000000000012
2003-12-26,129.145,0.710000000000008
2004-01-02,135.515,6.369999999999976
2004-01-09,138.321,2.8060000000000116
2004-01-16,135.469,-2.852000000000004
2004-01-23,131.023,-4.445999999999998
2004-01-30,124.152,-6.870999999999995
2004-02-06,118.258,-5.8940000000000055
2004-02-13,112.47,-5.787999999999997
2004-02-20,111.38,-1.0900000000000034
2004-02-27,111.309,-0.07099999999999795
2004-03-05,112.747,1.4380000000000024
2004-03-12,111.767,-0.980000000000004
2004-03-19,110.415,-1.3519999999999897
2004-03-26,109.739,-0.6760000000000019
2004-04-02,105.185,-4.554000000000002
2004-04-09,103.896,-1.2890000000000015
2004-04-16,104.632,0.7360000000000042
2004-04-23,104.787,0.15500000000000114
2004-04-30,107.219,2.431999999999988
2004-05-07,107.527,0.30800000000000693
2004-05-14,109.178,1.6509999999999962
2004-05-21,108.667,-0.5109999999999957
2004-05-28,108.936,0.26900000000000546
2004-06-04,108.331,-0.605000000000004
2004-06-11,109.758,1.4269999999999925
2004-06-18,110.389,0.6310000000000002
2004-06-25,110.918,0.5290000000000106
2004-07-02,114.024,3.1059999999999945
2004-07-09,116.729,2.7049999999999983
2004-07-16,118.421,1.6920000000000073
2004-07-23,119.091,0.6699999999999875
2004-07-30,121.152,2.061000000000007
2004-08-06,122.49,1.3379999999999939
2004-08-13,124.567,2.076999999999998
2004-08-20,125.05,0.4830000000000041
2004-08-27,126.355,1.3050000000000068
2004-09-03,126.649,0.29399999999999693
2004-09-10,128.321,1.671999999999997
2004-09-17,126.817,-1.5040000000000049
2004-09-24,125.487,-1.3299999999999983
2004-10-01,123.36,-2.1269999999999953
2004-10-08,120.923,-2.4369999999999976
2004-10-15,119.02,-1.9030000000000058
2004-10-22,116.576,-2.4440000000000026
2004-10-29,115.715,-0.86099999999999
2004-11-05,115.578,-0.13700000000000045
2004-11-12,114.577,-1.0010000000000048
2004-11-19,115.607,1.0300000000000011
2004-11-26,117.922,2.3149999999999977
2004-12-03,119.299,1.3770000000000095
2004-12-10,119.336,0.03699999999999193
2004-12-17,119.92,0.5840000000000032
2004-12-24,119.129,-0.7909999999999968
2004-12-31,121.099,1.9699999999999989
2005-01-07,122.98,1.8810000000000002
2005-01-14,123.764,0.7839999999999918
2005-01-21,121.485,-2.2789999999999964
2005-01-28,118.598,-2.8870000000000005
2005-02-04,115.607,-2.9909999999999997
2005-02-11,112.516,-3.090999999999994
2005-02-18,111.76,-0.7560000000000002
2005-02-25,110.022,-1.7379999999999995
2005-03-04,109.212,-0.8100000000000023
2005-03-11,107.273,-1.9390000000000072
2005-03-18,104.514,-2.7590000000000003
2005-03-25,103.438,-1.0759999999999934
2005-04-01,104.11,0.671999999999997
2005-04-08,103.993,-0.11700000000000443
2005-04-15,104.044,0.05100000000000193
2005-04-22,102.601,-1.4429999999999978
2005-04-29,102.283,-0.31799999999999784
2005-05-06,103.978,1.6949999999999932
2005-05-13,103.759,-0.2189999999999941
2005-05-20,105.655,1.8960000000000008
2005-05-27,106.438,0.7830000000000013
2005-06-03,107.729,1.2909999999999968
2005-06-10,110.156,2.4270000000000067
2005-06-17,111.53,1.3739999999999952
2005-06-24,113.166,1.6359999999999957
2005-07-01,117.233,4.067000000000007
2005-07-08,120.426,3.192999999999998
2005-07-15,122.652,2.225999999999999
2005-07-22,125.789,3.1370000000000005
2005-07-29,127.274,1.4849999999999994
2005-08-05,129.872,2.598000000000013
2005-08-12,131.063,1.190999999999974
2005-08-19,132.489,1.4260000000000161
2005-08-26,135.234,2.7450000000000045
2005-09-02,134.418,-0.8160000000000025
2005-09-09,133.313,-1.1050000000000182
2005-09-16,134.133,0.8200000000000216
2005-09-23,133.56,-0.5730000000000075
2005-09-30,128.034,-5.5260000000000105
2005-10-07,124.627,-3.4069999999999965
2005-10-14,122.712,-1.914999999999992
2005-10-21,121.09,-1.6219999999999999
2005-10-28,120.931,-0.15900000000000603
2005-11-04,120.847,-0.08400000000000318
2005-11-11,123.374,2.527000000000001
2005-11-18,124.539,1.1650000000000063
2005-11-25,127.852,3.3130000000000024
2005-12-02,130.589,2.7369999999999948
2005-12-09,130.501,-0.08799999999999386
2005-12-16,127.68,-2.820999999999998
2005-12-23,126.79,-0.8900000000000006
2005-12-30,128.904,2.11399999999999
2006-01-06,133.766,4.861999999999995
2006-01-13,134.677,0.9110000000000014
2006-01-20,136.466,1.7890000000000157
2006-01-27,136.268,-0.1980000000000075
2006-02-03,135.955,-0.3129999999999882
2006-02-10,136.862,0.9069999999999823
2006-02-17,135.602,-1.259999999999991
2006-02-24,134.096,-1.5060000000000002
2006-03-03,131.436,-2.6599999999999966
2006-03-10,127.542,-3.8940000000000055
2006-03-17,126.672,-0.8700000000000045
2006-03-24,124.172,-2.5
2006-03-31,121.608,-2.563999999999993
2006-04-07,117.368,-4.240000000000009
2006-04-14,114.58,-2.7879999999999967
2006-04-21,115.596,1.0160000000000053
2006-04-28,114.53,-1.0660000000000025
2006-05-05,114.7,0.1700000000000017
2006-05-12,114.58,-0.12000000000000455
2006-05-19,117.057,2.477000000000004
2006-05-26,118.892,1.8349999999999937
2006-06-02,120.653,1.76100000000001
2006-06-09,122.759,2.1059999999999945
2006-06-16,124.45,1.6910000000000025
2006-06-23,126.287,1.8370000000000033
2006-06-30,127.323,1.0359999999999872
2006-07-07,129.899,2.5760000000000076
2006-07-14,131.098,1.1990000000000123
2006-07-21,131.897,0.7989999999999782
2006-07-28,132.558,0.6610000000000014
2006-08-04,132.422,-0.13599999999999568
2006-08-11,133.17,0.7479999999999905
2006-08-18,135.481,2.311000000000007
2006-08-25,136.845,1.3640000000000043
2006-09-01,139.947,3.102000000000004
2006-09-08,144.588,4.640999999999991
2006-09-15,148.67,4.081999999999994
2006-09-22,151.288,2.6180000000000234
2006-09-29,151.466,0.17799999999999727
2006-10-06,149.946,-1.5200000000000102
2006-10-13,145.399,-4.546999999999997
2006-10-20,143.981,-1.4180000000000064
2006-10-27,141.258,-2.7229999999999848
2006-11-03,138.583,-2.6750000000000114
2006-11-10,135.018,-3.5649999999999977
2006-11-17,133.82,-1.1980000000000075
2006-11-24,132.818,-1.0019999999999811
2006-12-01,132.359,-0.4590000000000032
2006-12-08,131.914,-0.4450000000000216
2006-12-15,133.12,1.2060000000000173
2006-12-22,133.592,0.4720000000000084
2006-12-29,135.563,1.9709999999999752
2007-01-05,140.965,5.402000000000015
2007-01-12,141.875,0.9099999999999966
2007-01-19,142.625,0.75
2007-01-26,139.977,-2.647999999999996
2007-02-02,136.345,-3.632000000000005
2007-02-09,133.327,-3.0180000000000007
2007-02-16,128.29,-5.037000000000006
2007-02-23,124.503,-3.786999999999992
2007-03-02,123.172,-1.331000000000003
2007-03-09,120.439,-2.733000000000004
2007-03-16,118.729,-1.7099999999999937
2007-03-23,118.029,-0.7000000000000028
2007-03-30,117.952,-0.07699999999999818
2007-04-06,118.122,0.1700000000000017
2007-04-13,117.327,-0.7950000000000017
2007-04-20,117.332,0.0049999999999954525
2007-04-27,117.134,-0.1979999999999933
2007-05-04,118.764,1.6299999999999955
2007-05-11,119.756,0.9920000000000044
2007-05-18,120.268,0.5120000000000005
2007-05-25,120.415,0.14700000000000557
2007-06-01,122.279,1.86399999999999
2007-06-08,122.566,0.28700000000000614
2007-06-15,122.723,0.15699999999999648
2007-06-22,120.448,-2.2750000000000057
2007-06-29,121.61,1.1620000000000061
2007-07-06,122.37,0.7600000000000051
2007-07-13,122.225,-0.14500000000001023
2007-07-20,123.653,1.4280000000000115
2007-07-27,126.542,2.888999999999996
2007-08-03,127.516,0.9740000000000038
2007-08-10,127.669,0.1529999999999916
2007-08-17,129.025,1.3560000000000088
2007-08-24,129.914,0.8889999999999816
2007-08-31,132.17,2.2560000000000002
2007-09-07,133.963,1.7930000000000064
2007-09-14,135.527,1.563999999999993
2007-09-21,137.06,1.5330000000000155
2007-09-28,135.887,-1.1730000000000018
2007-10-05,135.324,-0.5629999999999882
2007-10-12,136.318,0.9939999999999998
2007-10-19,134.471,-1.8470000000000084
2007-10-26,135.279,0.8079999999999927
2007-11-02,135.377,0.09800000000001319
2007-11-09,133.412,-1.9650000000000034
2007-11-16,131.005,-2.4070000000000107
2007-11-23,130.916,-0.08899999999999864
2007-11-30,132.344,1.4279999999999973
2007-12-07,131.534,-0.8100000000000023
2007-12-14,129.376,-2.157999999999987
2007-12-21,126.608,-2.7680000000000007
2007-12-28,127.177,0.5690000000000026
2008-01-04,128.693,1.5160000000000053
2008-01-11,129.845,1.1519999999999868
2008-01-18,128.543,-1.3019999999999925
2008-01-25,127.004,-1.5390000000000015
2008-02-01,127.139,0.1349999999999909
2008-02-08,126.973,-0.16599999999999682
2008-02-15,122.527,-4.445999999999998
2008-02-22,119.952,-2.575000000000003
2008-02-29,117.625,-2.326999999999998
2008-03-07,116.4,-1.2249999999999943
2008-03-14,113.49,-2.910000000000011
2008-03-21,111.349,-2.140999999999991
2008-03-28,109.72,-1.6290000000000049
2008-04-04,106.027,-3.692999999999998
2008-04-11,106.079,0.0519999999999925
2008-04-18,104.702,-1.3769999999999953
2008-04-25,105.831,1.1290000000000049
2008-05-02,105.724,-0.10699999999999932
2008-05-09,107.062,1.3379999999999939
2008-05-16,107.79,0.7280000000000086
2008-05-23,109.431,1.6409999999999911
2008-05-30,111.704,2.272999999999996
2008-06-06,113.981,2.277000000000001
2008-06-13,116.598,2.6170000000000044
2008-06-20,119.421,2.8230000000000075
2008-06-27,120.685,1.2639999999999958
2008-07-04,122.501,1.8160000000000025
2008-07-11,125.69,3.188999999999993
2008-07-18,128.109,2.419000000000011
2008-07-25,130.505,2.3959999999999866
2008-08-01,133.346,2.841000000000008
2008-08-08,131.587,-1.7590000000000146
2008-08-15,132.068,0.48100000000002296
2008-08-22,132.125,0.05699999999998795
2008-08-29,131.712,-0.4130000000000109
2008-09-05,130.46,-1.2519999999999811
2008-09-12,129.625,-0.835000000000008
2008-09-19,125.449,-4.176000000000002
2008-09-26,123.09,-2.3589999999999947
2008-10-03,122.601,-0.4890000000000043
2008-10-10,122.148,-0.45300000000000296
2008-10-17,124.304,2.156000000000006
2008-10-24,126.629,2.325000000000003
2008-10-31,127.835,1.2059999999999889
2008-11-07,128.351,0.5160000000000053
2008-11-14,126.88,-1.4710000000000036
2008-11-21,126.694,-0.18599999999999284
2008-11-28,124.973,-1.7210000000000036
2008-12-05,130.587,5.61399999999999
2008-12-12,133.523,2.936000000000007
2008-12-19,135.337,1.813999999999993
2008-12-26,136.031,0.6940000000000168
2009-01-02,137.821,1.789999999999992
2009-01-09,144.167,6.346000000000004
2009-01-16,144.957,0.789999999999992
2009-01-23,143.952,-1.0049999999999955
2009-01-30,142.591,-1.36099999999999
2009-02-06,141.565,-1.0260000000000105
2009-02-13,140.752,-0.8129999999999882
2009-02-20,141.634,0.8819999999999766
2009-02-27,143.296,1.6620000000000061
2009-03-06,145.404,2.108000000000004
2009-03-13,145.516,0.11199999999999477
2009-03-20,143.932,-1.5840000000000032
2009-03-27,144.153,0.22100000000000364
2009-04-03,140.799,-3.353999999999985
2009-04-10,139.629,-1.170000000000016
2009-04-17,142.311,2.6820000000000164
2009-04-24,144.105,1.7939999999999827
2009-05-01,146.533,2.4279999999999973
2009-05-08,147.455,0.9220000000000255
2009-05-15,148.127,0.671999999999997
2009-05-22,148.375,0.24799999999999045
2009-05-29,150.036,1.6610000000000014
2009-06-05,149.718,-0.31800000000001205
2009-06-12,150.026,0.30800000000002115
2009-06-19,152.103,2.076999999999998
2009-06-26,154.999,2.8959999999999866
2009-07-03,158.738,3.7390000000000043
2009-07-10,159.291,0.5529999999999973
2009-07-17,160.509,1.2179999999999893
2009-07-24,162.617,2.108000000000004
2009-07-31,161.481,-1.1359999999999957
2009-08-07,162.267,0.7860000000000014
2009-08-14,161.617,-0.6500000000000057
2009-08-21,162.384,0.7669999999999959
2009-08-28,163.563,1.179000000000002
2009-09-04,165.556,1.9930000000000234
2009-09-11,167.793,2.2369999999999948
2009-09-18,170.754,2.9609999999999843
2009-09-25,171.077,0.3230000000000075
2009-10-02,171.756,0.679000000000002
2009-10-09,170.672,-1.0840000000000032
2009-10-16,169.888,-0.7839999999999918
2009-10-23,167.754,-2.1340000000000146
2009-10-30,167.376,-0.3779999999999859
2009-11-06,167.725,0.34899999999998954
2009-11-13,167.397,-0.32800000000000296
2009-11-20,166.868,-0.5289999999999964
2009-11-27,165.698,-1.1699999999999875
2009-12-04,167.317,1.6189999999999998
2009-12-11,164.363,-2.9540000000000077
2009-12-18,161.336,-3.026999999999987
2009-12-25,159.281,-2.055000000000007
2010-01-01,159.048,-0.2330000000000041
2010-01-08,160.401,1.3530000000000086
2010-01-15,157.138,-3.2630000000000052
2010-01-22,157.496,0.3580000000000041
2010-01-29,156.548,-0.9480000000000075
2010-02-05,156.192,-0.35599999999999454
2010-02-12,153.255,-2.937000000000012
2010-02-19,152.664,-0.5910000000000082
2010-02-26,151.821,-0.8429999999999893
2010-03-05,149.604,-2.2169999999999845
2010-03-12,148.113,-1.4910000000000139
2010-03-19,145.691,-2.421999999999997
2010-03-26,144.606,-1.085000000000008
2010-04-02,145.68,1.0740000000000123
2010-04-09,146.787,1.1069999999999993
2010-04-16,148.883,2.0960000000000036
2010-04-23,151.82,2.9369999999999834
2010-04-30,152.393,0.5730000000000075
2010-05-07,153.789,1.3959999999999866
2010-05-14,152.81,-0.978999999999985
2010-05-21,152.543,-0.2669999999999959
2010-05-28,152.988,0.4449999999999932
2010-06-04,154.824,1.8360000000000127
2010-06-11,156.622,1.7980000000000018
2010-06-18,156.919,0.29699999999999704
2010-06-25,159.376,2.4569999999999936
2010-07-02,159.697,0.32099999999999795
2010-07-09,162.64,2.9429999999999836
2010-07-16,166.575,3.9350000000000023
2010-07-23,167.513,0.9380000000000166
2010-07-30,169.686,2.173000000000002
2010-08-06,173.142,3.455999999999989
2010-08-13,174.211,1.0690000000000168
2010-08-20,175.974,1.7629999999999768
2010-08-27,175.235,-0.7389999999999759
2010-09-03,174.847,-0.38800000000000523
2010-09-10,174.507,-0.3400000000000034
2010-09-17,174.854,0.3470000000000084
2010-09-24,173.589,-1.2650000000000148
2010-10-01,172.465,-1.1239999999999952
2010-10-08,172.21,-0.25499999999999545
2010-10-15,170.055,-2.155000000000001
2010-10-22,168.442,-1.6129999999999995
2010-10-29,164.874,-3.568000000000012
2010-11-05,159.902,-4.972000000000008
2010-11-12,158.792,-1.1099999999999852
2010-11-19,158.251,-0.5409999999999968
2010-11-26,158.057,-0.19400000000001683
2010-12-03,160.211,2.154000000000025
2010-12-10,161.305,1.093999999999994
2010-12-17,160.716,-0.5889999999999986
2010-12-24,160.959,0.242999999999995
2010-12-31,162.107,1.1479999999999961
2011-01-07,164.759,2.651999999999987
2011-01-14,165.797,1.038000000000011
2011-01-21,165.657,-0.13999999999998636
2011-01-28,164.078,-1.5790000000000077
2011-02-04,164.366,0.2880000000000109
2011-02-11,161.27,-3.0960000000000036
2011-02-18,159.937,-1.3329999999999984
2011-02-25,159.186,-0.7510000000000048
2011-03-04,155.209,-3.977000000000004
2011-03-11,152.608,-2.600999999999999
2011-03-18,152.615,0.007000000000005002
2011-03-25,153.325,0.7099999999999795
2011-04-01,153.52,0.1950000000000216
2011-04-08,150.839,-2.6810000000000116
2011-04-15,148.335,-2.5039999999999907
2011-04-22,146.53,-1.8050000000000068
2011-04-29,145.132,-1.3979999999999961
2011-05-06,144.289,-0.8430000000000177
2011-05-13,143.132,-1.1569999999999823
2011-05-20,141.092,-2.039999999999992
2011-05-27,140.116,-0.9759999999999991
2011-06-03,140.926,0.8099999999999739
2011-06-10,140.821,-0.10499999999998977
2011-06-17,141.994,1.1730000000000018
2011-06-24,142.252,0.2580000000000098
2011-07-01,142.061,-0.1910000000000025
2011-07-08,145.028,2.9669999999999845
2011-07-15,148.46,3.4320000000000164
2011-07-22,151.845,3.384999999999991
2011-07-29,152.254,0.4089999999999918
2011-08-05,151.517,-0.7369999999999948
2011-08-12,153.966,2.4490000000000123
2011-08-19,155.697,1.7309999999999945
2011-08-26,156.06,0.36299999999999955
2011-09-02,156.769,0.7090000000000032
2011-09-09,158.48,1.7109999999999843
2011-09-16,157.606,-0.8739999999999952
2011-09-23,157.678,0.07200000000000273
2011-09-30,156.934,-0.7439999999999998
2011-10-07,154.005,-2.929000000000002
2011-10-14,149.739,-4.265999999999991
2011-10-21,145.464,-4.275000000000006
2011-10-28,141.889,-3.5749999999999886
2011-11-04,135.869,-6.02000000000001
2011-11-11,133.733,-2.1359999999999957
2011-11-18,132.963,-0.7700000000000102
2011-11-25,138.489,5.5260000000000105
2011-12-02,141.022,2.532999999999987
2011-12-09,141.502,0.4800000000000182
2011-12-16,139.149,-2.3530000000000086
2011-12-23,140.354,1.2050000000000125
2011-12-30,143.578,3.2239999999999895
2012-01-06,147.563,3.984999999999985
2012-01-13,148.001,0.4380000000000166
2012-01-20,145.545,-2.4560000000000173
2012-01-27,145.41,-0.1349999999999909
2012-02-03,146.584,1.1740000000000066
2012-02-10,143.717,-2.8669999999999902
2012-02-17,143.509,-0.20800000000002683
2012-02-24,141.44,-2.0689999999999884
2012-03-02,139.496,-1.9439999999999884
2012-03-09,134.814,-4.682000000000016
2012-03-16,136.577,1.7630000000000052
2012-03-23,135.866,-0.7109999999999843
2012-03-30,135.885,0.018999999999977035
2012-04-06,131.885,-4.0
2012-04-13,128.977,-2.907999999999987
2012-04-20,125.925,-3.0520000000000067
2012-04-27,124.022,-1.9029999999999916
2012-05-04,120.771,-3.2510000000000048
2012-05-11,119.802,-0.9689999999999941
2012-05-18,119.493,-0.3090000000000117
2012-05-25,117.784,-1.708999999999989
2012-06-01,120.037,2.253
2012-06-08,119.974,-0.06300000000000239
2012-06-15,121.13,1.1559999999999917
2012-06-22,118.851,-2.2789999999999964
2012-06-29,117.8,-1.051000000000002
2012-07-06,120.912,3.112000000000009
2012-07-13,123.531,2.6189999999999998
2012-07-20,125.239,1.7079999999999984
2012-07-27,124.265,-0.9740000000000038
2012-08-03,123.541,-0.7240000000000038
2012-08-10,124.218,0.6770000000000067
2012-08-17,125.21,0.9919999999999902
2012-08-24,126.083,0.8730000000000047
2012-08-31,127.076,0.992999999999995
2012-09-07,128.552,1.475999999999999
2012-09-14,128.23,-0.32200000000000273
2012-09-21,127.748,-0.4819999999999851
2012-09-28,124.059,-3.689000000000007
2012-10-05,120.882,-3.1769999999999925
2012-10-12,118.664,-2.2180000000000035
2012-10-19,118.018,-0.6460000000000008
2012-10-26,117.925,-0.09300000000000352
2012-11-02,118.056,0.13100000000000023
2012-11-09,115.517,-2.5390000000000015
2012-11-16,112.842,-2.674999999999997
2012-11-23,112.042,-0.7999999999999972
2012-11-30,115.069,3.027000000000001
2012-12-07,118.055,2.986000000000004
2012-12-14,116.97,-1.085000000000008
2012-12-21,119.393,2.423000000000002
2012-12-28,123.967,4.573999999999998
2013-01-04,130.744,6.777000000000001
2013-01-11,132.43,1.686000000000007
2013-01-18,132.938,0.5079999999999814
2013-01-25,130.623,-2.3149999999999977
2013-02-01,129.581,-1.0420000000000016
2013-02-08,125.904,-3.6769999999999925
2013-02-15,123.627,-2.277000000000001
2013-02-22,124.184,0.5570000000000022
2013-03-01,120.354,-3.8299999999999983
2013-03-08,120.437,0.08299999999999841
2013-03-15,119.765,-0.671999999999997
2013-03-22,115.252,-4.513000000000005
2013-03-29,112.986,-2.265999999999991
2013-04-05,112.817,-0.16900000000001114
2013-04-12,115.181,2.3640000000000043
2013-04-19,115.278,0.09700000000000841
2013-04-26,115.752,0.47399999999998954
2013-05-03,117.564,1.8119999999999976
2013-05-10,119.864,2.3000000000000114
2013-05-17,118.812,-1.0520000000000067
2013-05-24,120.663,1.850999999999999
2013-05-31,123.274,2.611000000000004
2013-06-07,122.111,-1.1629999999999967
2013-06-14,121.622,-0.4890000000000043
2013-06-21,123.189,1.566999999999993
2013-06-28,120.771,-2.417999999999992
2013-07-05,123.809,3.0379999999999967
2013-07-12,127.679,3.8700000000000045
2013-07-19,126.452,-1.2270000000000039
2013-07-26,125.986,-0.465999999999994
2013-08-02,126.455,0.4689999999999941
2013-08-09,128.482,2.027000000000001
2013-08-16,129.353,0.8710000000000093
2013-08-23,129.037,-0.3160000000000025
2013-08-30,129.586,0.5490000000000066
2013-09-06,132.172,2.5859999999999843
2013-09-13,131.093,-1.0790000000000077
2013-09-20,130.859,-0.23399999999998045
2013-09-27,129.179,-1.6800000000000068
2013-10-04,126.038,-3.1410000000000053
2013-10-11,124.237,-1.801000000000002
2013-10-18,125.774,1.5370000000000061
2013-10-25,122.716,-3.058000000000007
2013-11-01,117.817,-4.899000000000001
2013-11-08,117.336,-0.48099999999999454
2013-11-15,112.541,-4.795000000000002
2013-11-22,110.875,-1.6659999999999968
2013-11-29,113.524,2.649000000000001
2013-12-06,118.065,4.540999999999997
2013-12-13,115.955,-2.1099999999999994
2013-12-20,114.105,-1.8499999999999943
2013-12-27,119.147,5.042000000000002
2014-01-03,124.973,5.825999999999993
2014-01-10,123.95,-1.0229999999999961
2014-01-17,120.738,-3.2120000000000033
2014-01-24,116.154,-4.584000000000003
2014-01-31,113.794,-2.3599999999999994
2014-02-07,113.063,-0.7309999999999945
2014-02-14,112.724,-0.33899999999999864
2014-02-21,113.062,0.33799999999999386
2014-02-28,114.476,1.4140000000000015
2014-03-07,113.943,-0.5330000000000013
2014-03-14,110.846,-3.096999999999994
2014-03-21,112.401,1.5549999999999926
2014-03-28,112.955,0.554000000000002
2014-04-04,113.194,0.23900000000000432
2014-04-11,111.916,-1.2780000000000058
2014-04-18,112.513,0.5970000000000084
2014-04-25,114.449,1.9359999999999928
2014-05-02,114.002,-0.44700000000000273
2014-05-09,112.878,-1.1239999999999952
2014-05-16,116.277,3.399000000000001
2014-05-23,116.081,-0.19599999999999795
2014-05-30,118.093,2.0120000000000005
2014-06-06,118.953,0.8599999999999994
2014-06-13,119.389,0.43599999999999284
2014-06-20,120.566,1.1770000000000067
2014-06-27,121.541,0.9749999999999943
2014-07-04,121.768,0.22700000000000387
2014-07-11,124.296,2.528000000000006
2014-07-18,125.932,1.6359999999999957
2014-07-25,126.721,0.7890000000000015
2014-08-01,124.923,-1.7980000000000018
2014-08-08,122.502,-2.4210000000000065
2014-08-15,121.542,-0.9599999999999937
2014-08-22,122.794,1.2519999999999953
2014-08-29,123.399,0.605000000000004
2014-09-05,127.493,4.093999999999994
2014-09-12,127.772,0.2790000000000106
2014-09-19,128.595,0.8229999999999933
2014-09-26,125.701,-2.8940000000000055
2014-10-03,126.14,0.43900000000000716
2014-10-10,124.622,-1.5180000000000007
2014-10-17,125.671,1.0490000000000066
2014-10-24,120.377,-5.294000000000011
2014-10-31,119.653,-0.7239999999999895
2014-11-07,116.85,-2.8030000000000115
2014-11-14,114.794,-2.0559999999999974
2014-11-21,113.146,-1.6479999999999961
2014-11-28,116.174,3.028000000000006
2014-12-05,121.751,5.576999999999998
2014-12-12,121.544,-0.20700000000000784
2014-12-19,123.847,2.3029999999999973
2014-12-26,125.721,1.8740000000000094
2015-01-02,136.926,11.204999999999984
2015-01-09,139.851,2.9250000000000114
2015-01-16,136.579,-3.2719999999999914
2015-01-23,132.687,-3.891999999999996
2015-01-30,134.475,1.7879999999999825
2015-02-06,131.223,-3.251999999999981
2015-02-13,127.409,-3.814000000000007
2015-02-20,124.698,-2.7110000000000127
2015-02-27,122.976,-1.7219999999999942
2015-03-06,125.503,2.527000000000001
2015-03-13,125.883,0.37999999999999545
2015-03-20,125.849,-0.033999999999991815
2015-03-27,127.174,1.3250000000000028
2015-04-03,126.924,-0.25
2015-04-10,128.941,2.016999999999996
2015-04-17,129.336,0.39500000000001023
2015-04-24,129.27,-0.0660000000000025
2015-05-01,130.773,1.502999999999986
2015-05-08,128.27,-2.502999999999986
2015-05-15,127.724,-0.5460000000000065
2015-05-22,128.839,1.1149999999999949
2015-05-29,132.612,3.772999999999996
2015-06-05,133.477,0.8650000000000091
2015-06-12,133.591,0.11400000000000432
2015-06-19,135.428,1.836999999999989
2015-06-26,135.82,0.3919999999999959
2015-07-03,137.461,1.6410000000000196
2015-07-10,141.28,3.8189999999999884
2015-07-17,141.515,0.23499999999998522
2015-07-24,144.103,2.5880000000000223
2015-07-31,144.812,0.7090000000000032
2015-08-07,147.806,2.9939999999999998
2015-08-14,148.4,0.5939999999999941
2015-08-21,149.836,1.436000000000007
2015-08-28,149.951,0.11499999999998067
2015-09-04,150.903,0.9519999999999982
2015-09-11,153.963,3.0600000000000023
2015-09-18,151.875,-2.087999999999994
2015-09-25,151.608,-0.2669999999999959
2015-10-02,149.15,-2.4579999999999984
2015-10-09,147.63,-1.5200000000000102
2015-10-16,145.008,-2.6219999999999857
2015-10-23,142.057,-2.951000000000022
2015-10-30,140.757,-1.299999999999983
2015-11-06,141.109,0.35200000000000387
2015-11-13,140.318,-0.7909999999999968
2015-11-20,141.364,1.0459999999999923
2015-11-27,144.415,3.0509999999999877
2015-12-04,149.413,4.998000000000019
2015-12-11,151.976,2.562999999999988
2015-12-18,151.315,-0.6610000000000014
2015-12-25,153.11,1.795000000000016
2016-01-01,159.418,6.307999999999993
2016-01-08,165.554,6.135999999999996
2016-01-15,164.529,-1.0250000000000057
2016-01-22,160.472,-4.056999999999988
2016-01-29,159.695,-0.7770000000000152
2016-02-05,160.976,1.281000000000006
2016-02-12,162.375,1.399000000000001
2016-02-19,160.715,-1.6599999999999966
2016-02-26,163.597,2.882000000000005
2016-03-04,162.478,-1.1189999999999998
2016-03-11,161.343,-1.1350000000000193
2016-03-18,162.26,0.9170000000000016
2016-03-25,161.185,-1.0749999999999886
2016-04-01,162.984,1.7990000000000066
2016-04-08,163.489,0.5049999999999955
2016-04-15,159.935,-3.554000000000002
2016-04-22,158.24,-1.6949999999999932
2016-04-29,156.979,-1.2609999999999957
2016-05-06,155.332,-1.6470000000000198
2016-05-13,152.162,-3.1699999999999875
2016-05-20,150.878,-1.2840000000000202
2016-05-27,149.623,-1.2549999999999955
2016-06-03,151.377,1.754000000000019
2016-06-10,152.163,0.7860000000000014
2016-06-17,152.314,0.15099999999998204
2016-06-24,150.513,-1.8009999999999877
2016-07-01,148.939,-1.5740000000000123
2016-07-08,152.997,4.058000000000021
2016-07-15,152.783,-0.21400000000002706
2016-07-22,152.003,-0.7800000000000011
2016-07-29,153.155,1.1520000000000152
2016-08-05,151.196,-1.9590000000000032
2016-08-12,153.135,1.938999999999993
2016-08-19,153.257,0.1220000000000141
2016-08-26,154.753,1.495999999999981
2016-09-02,158.135,3.382000000000005
2016-09-09,162.754,4.619
2016-09-16,164.992,2.2379999999999995
2016-09-23,163.077,-1.914999999999992
2016-09-30,160.718,-2.359000000000009
2016-10-07,156.972,-3.745999999999981
2016-10-14,155.732,-1.240000000000009
2016-10-21,152.378,-3.3540000000000134
2016-10-28,150.55,-1.8279999999999745
2016-11-04,148.602,-1.9480000000000075
2016-11-11,148.912,0.3100000000000023
2016-11-18,149.239,0.3269999999999982
2016-11-25,154.196,4.956999999999994
2016-12-02,156.697,2.5010000000000048
2016-12-09,155.935,-0.7620000000000005
2016-12-16,153.515,-2.420000000000016
2016-12-23,151.634,-1.8810000000000002
2016-12-30,161.685,10.051000000000016
2017-01-06,170.041,8.355999999999995
2017-01-13,169.073,-0.9679999999999893
2017-01-20,169.149,0.0759999999999934
2017-01-27,170.717,1.568000000000012
2017-02-03,170.746,0.028999999999996362
2017-02-10,170.057,-0.6890000000000214
2017-02-17,165.133,-4.923999999999978
2017-02-24,164.208,-0.9250000000000114
2017-03-03,161.532,-2.6759999999999877
2017-03-10,157.303,-4.229000000000013
2017-03-17,155.393,-1.9099999999999966
2017-03-24,152.91,-2.483000000000004
2017-03-31,152.374,-0.5360000000000014
2017-04-07,150.221,-2.1529999999999916
2017-04-14,148.266,-1.9550000000000125
2017-04-21,150.917,2.6510000000000105
2017-04-28,150.355,-0.5620000000000118
2017-05-05,148.768,-1.586999999999989
2017-05-12,146.824,-1.9439999999999884
2017-05-19,146.339,-0.48500000000001364
2017-05-26,146.733,0.39400000000000546
2017-06-02,151.088,4.35499999999999
2017-06-09,151.416,0.32800000000000296
2017-06-16,152.495,1.0790000000000077
2017-06-23,152.272,-0.2230000000000132
2017-06-30,150.422,-1.8499999999999943
2017-07-07,153.553,3.1310000000000002
2017-07-14,151.416,-2.1370000000000005
2017-07-21,149.564,-1.8520000000000039
2017-07-28,149.414,-0.15000000000000568
2017-08-04,147.685,-1.728999999999985
2017-08-11,148.387,0.7019999999999982
2017-08-18,148.415,0.027999999999991587
2017-08-25,149.163,0.7480000000000189
2017-09-01,147.767,-1.396000000000015
2017-09-08,144.552,-3.2150000000000034
2017-09-15,138.859,-5.692999999999984
2017-09-22,138.045,-0.8140000000000214
2017-09-29,135.439,-2.6059999999999945
2017-10-06,133.959,-1.4799999999999898
2017-10-13,134.487,0.5279999999999916
2017-10-20,129.241,-5.245999999999981
2017-10-27,128.921,-0.3200000000000216
2017-11-03,125.562,-3.3589999999999947
2017-11-10,124.763,-0.7989999999999924
2017-11-17,125.032,0.26899999999999125
2017-11-24,127.779,2.747
2017-12-01,129.446,1.6670000000000016
2017-12-08,128.076,-1.3700000000000045
2017-12-15,128.845,0.7690000000000055
2017-12-22,129.935,1.0900000000000034
2017-12-29,138.834,8.899000000000001
2018-01-05,143.088,4.253999999999991
2018-01-12,139.201,-3.8870000000000005
2018-01-19,139.84,0.63900000000001
2018-01-26,137.9,-1.9399999999999977
2018-02-02,141.826,3.9259999999999877
2018-02-09,141.367,-0.4590000000000032
2018-02-16,138.945,-2.421999999999997
2018-02-23,137.985,-0.9599999999999795
2018-03-02,137.426,-0.5590000000000259
2018-03-09,133.066,-4.359999999999985
2018-03-16,131.044,-2.0219999999999914
2018-03-23,128.954,-2.0900000000000034
2018-03-30,129.491,0.5370000000000061
2018-04-06,128.447,-1.0440000000000111
2018-04-13,125.34,-3.1069999999999993
2018-04-20,122.729,-2.611000000000004
2018-04-27,118.829,-3.9000000000000057
2018-05-04,115.038,-3.790999999999997
2018-05-11,114.946,-0.09199999999999875
2018-05-18,113.995,-0.9509999999999934
2018-05-25,114.629,0.6340000000000003
2018-06-01,116.794,2.164999999999992
2018-06-08,114.693,-2.100999999999999
2018-06-15,117.408,2.7150000000000034
2018-06-22,117.423,0.015000000000000568
2018-06-29,117.557,0.13400000000000034
2018-07-06,121.682,4.125
2018-07-13,121.311,-0.3709999999999951
2018-07-20,121.21,-0.1010000000000133
2018-07-27,124.193,2.983000000000004
2018-08-03,125.423,1.230000000000004
2018-08-10,128.989,3.5660000000000025
2018-08-17,130.838,1.8489999999999895
2018-08-24,130.001,-0.8369999999999891
2018-08-31,133.12,3.1189999999999998
2018-09-07,139.283,6.1629999999999825
2018-09-14,140.122,0.8390000000000271
2018-09-21,137.881,-2.241000000000014
2018-09-28,136.131,-1.75
2018-10-05,133.465,-2.665999999999997
2018-10-12,132.638,-0.8269999999999982
2018-10-19,130.376,-2.2620000000000005
2018-10-26,126.322,-4.054000000000002
2018-11-02,122.857,-3.4650000000000034
2018-11-09,119.268,-3.5889999999999986
2018-11-16,119.191,-0.07699999999999818
2018-11-23,121.801,2.6099999999999994
2018-11-30,125.612,3.810999999999993
2018-12-07,124.137,-1.4749999999999943
2018-12-14,119.9,-4.236999999999995
2018-12-21,119.902,0.001999999999995339
2018-12-28,129.431,9.52900000000001
2019-01-04,140.042,10.61099999999999
2019-01-11,143.009,2.9669999999999845
2019-01-18,142.392,-0.6169999999999902
2019-01-25,141.27,-1.1219999999999857
2019-02-01,139.013,-2.257000000000005
2019-02-08,140.2,1.1869999999999834
2019-02-15,138.683,-1.516999999999996
2019-02-22,138.379,-0.30400000000000205
2019-03-01,135.986,-2.3930000000000007
2019-03-08,136.369,0.3830000000000098
2019-03-15,132.242,-4.1270000000000095
2019-03-22,130.167,-2.0749999999999886
2019-03-29,128.169,-1.9979999999999905
2019-04-05,128.053,-0.11600000000001387
2019-04-12,127.691,-0.36199999999999477
2019-04-19,127.029,-0.6620000000000061
2019-04-26,125.722,-1.3070000000000022
2019-05-03,125.563,-0.15899999999999181
2019-05-10,125.647,0.08400000000000318
2019-05-17,126.415,0.7680000000000007
2019-05-24,124.8,-1.615000000000009
2019-05-31,129.372,4.572000000000017
2019-06-07,128.372,-1.0
2019-06-14,127.821,-0.5510000000000161
2019-06-21,125.38,-2.4410000000000025
2019-06-28,126.788,1.4080000000000013
2019-07-05,130.517,3.728999999999999
2019-07-12,136.203,5.686000000000007
2019-07-19,136.816,0.6129999999999995
2019-07-26,135.922,-0.8940000000000055
2019-08-02,137.451,1.5289999999999964
2019-08-09,135.513,-1.9379999999999882
2019-08-16,138.123,2.609999999999985
2019-08-23,136.06,-2.062999999999988
2019-08-30,133.522,-2.538000000000011
2019-09-06,136.226,2.7040000000000077
2019-09-13,136.663,0.4370000000000118
2019-09-20,133.685,-2.9780000000000086
2019-09-27,131.267,-2.4180000000000064
2019-10-04,127.324,-3.942999999999998
2019-10-11,123.501,-3.8229999999999933
2019-10-18,120.786,-2.7150000000000034
2019-10-25,119.754,-1.0319999999999965
2019-11-01,119.132,-0.6219999999999999
2019-11-08,116.655,-2.477000000000004
2019-11-15,115.681,-0.9740000000000038
2019-11-22,116.406,0.7250000000000085
2019-11-29,119.469,3.062999999999988
2019-12-06,123.587,4.118000000000009
2019-12-13,125.096,1.5090000000000003
2019-12-20,124.944,-0.15200000000000102
2019-12-27,133.72,8.775999999999996
2020-01-03,139.05,5.3300000000000125
2020-01-10,147.221,8.170999999999992
2020-01-17,146.036,-1.1850000000000023
2020-01-24,144.747,-1.2889999999999873
2020-01-31,143.235,-1.5120000000000005
2020-02-07,141.222,-2.0130000000000052
2020-02-14,140.587,-0.6350000000000193
2020-02-21,138.472,-2.1149999999999807
2020-02-28,134.464,-4.00800000000001
2020-03-06,128.06,-6.403999999999996
2020-03-13,125.12,-2.9399999999999977
2020-03-20,124.442,-0.6780000000000115
2020-03-27,122.248,-2.1939999999999884
2020-04-03,122.724,0.4759999999999991
2020-04-10,129.004,6.279999999999987
2020-04-17,136.88,7.876000000000005
2020-04-24,141.972,5.092000000000013
2020-05-01,151.49,9.518
2020-05-08,155.001,3.5109999999999957
2020-05-15,158.832,3.830999999999989
2020-05-22,164.327,5.4950000000000045
2020-05-29,174.261,9.933999999999997
2020-06-05,175.829,1.568000000000012
2020-06-12,174.471,-1.358000000000004
2020-06-19,174.72,0.24899999999999523
2020-06-26,174.127,-0.5929999999999893
2020-07-03,177.262,3.134999999999991
2020-07-10,176.809,-0.45300000000000296
2020-07-17,177.883,1.0740000000000123
2020-07-24,178.386,0.5029999999999859
2020-07-31,179.977,1.5910000000000082
2020-08-07,177.655,-2.3220000000000027
2020-08-14,177.807,0.1519999999999868
2020-08-21,179.195,1.3880000000000052
2020-08-28,177.52,-1.674999999999983
2020-09-04,175.845,-1.6750000000000114
2020-09-11,179.306,3.4610000000000127
2020-09-18,175.942,-3.3640000000000043
2020-09-25,172.758,-3.1839999999999975
2020-10-02,171.796,-0.9620000000000175
2020-10-09,164.551,-7.2450000000000045
2020-10-16,160.719,-3.8319999999999936
2020-10-23,156.228,-4.4909999999999854
2020-10-30,154.644,-1.5840000000000032
2020-11-06,149.289,-5.355000000000018
2020-11-13,144.073,-5.21599999999998
2020-11-20,142.632,-1.4410000000000025
2020-11-27,145.87,3.2379999999999995
2020-12-04,151.092,5.222000000000008
2020-12-11,151.259,0.16699999999997317
2020-12-18,148.934,-2.3249999999999886
2020-12-25,152.029,3.094999999999999
2021-01-01,158.419,6.390000000000015
2021-01-08,163.205,4.786000000000001
2021-01-15,163.662,0.45699999999999363
2021-01-22,162.847,-0.8149999999999977
2021-01-29,162.838,-0.009000000000014552
2021-02-05,161.106,-1.7319999999999993
2021-02-12,157.684,-3.421999999999997
2021-02-19,152.715,-4.968999999999994
2021-02-26,142.996,-9.718999999999994
2021-03-05,137.492,-5.504000000000019
2021-03-12,137.747,0.2550000000000239
2021-03-19,141.553,3.805999999999983
2021-03-26,144.095,2.5420000000000016
2021-04-02,145.547,1.4519999999999982
2021-04-09,143.464,-2.0829999999999984
2021-04-16,142.391,-1.0730000000000075
2021-04-23,139.049,-3.3419999999999845
2021-04-30,136.153,-2.896000000000015
2021-05-07,134.419,-1.7339999999999804
2021-05-14,132.095,-2.3240000000000123
2021-05-21,129.082,-3.0130000000000052
2021-05-28,132.802,3.719999999999999
2021-06-04,137.214,4.412000000000006
2021-06-11,136.191,-1.0229999999999961
2021-06-18,137.945,1.7539999999999907
2021-06-25,137.076,-0.8689999999999998
2021-07-02,138.692,1.6160000000000139
2021-07-09,142.349,3.6569999999999823
2021-07-16,141.0,-1.3489999999999895
2021-07-23,137.912,-3.087999999999994
2021-07-30,138.744,0.8319999999999936
2021-08-06,140.511,1.766999999999996
2021-08-13,137.814,-2.6970000000000027
2021-08-20,138.459,0.6450000000000102
2021-08-27,136.727,-1.7319999999999993
2021-09-03,133.586,-3.140999999999991
2021-09-10,131.897,-1.6890000000000214
2021-09-17,129.343,-2.554000000000002
2021-09-24,129.727,0.38400000000001455
2021-10-01,129.331,-0.396000000000015
2021-10-08,129.307,-0.02400000000000091
2021-10-15,125.394,-3.9129999999999825
2021-10-22,124.962,-0.43200000000000216
2021-10-29,127.122,2.1599999999999966
2021-11-05,124.509,-2.6129999999999995
2021-11-12,123.685,-0.8239999999999981
2021-11-19,121.717,-1.9680000000000035
2021-11-26,123.877,2.1599999999999966
2021-12-03,126.61,2.733000000000004
2021-12-10,123.758,-2.852000000000004
2021-12-17,124.154,0.3960000000000008
2021-12-24,122.428,-1.725999999999999
2021-12-31,126.846,4.418000000000006
2022-01-07,129.383,2.537000000000006
2022-01-14,127.952,-1.4310000000000116
2022-01-21,125.154,-2.798000000000002
2022-01-28,122.744,-2.4099999999999966
2022-02-04,121.814,-0.9300000000000068
2022-02-11,120.262,-1.5519999999999925
2022-02-18,119.678,-0.5840000000000032
2022-02-25,119.104,-0.5739999999999981
2022-03-04,113.874,-5.230000000000004
2022-03-11,114.206,0.33200000000000784
2022-03-18,112.135,-2.070999999999998
2022-03-25,113.53,1.394999999999996
2022-04-01,114.301,0.7710000000000008
2022-04-08,111.399,-2.902000000000001
2022-04-15,108.735,-2.6640000000000015
2022-04-22,107.286,-1.448999999999998
2022-04-29,104.942,-2.3440000000000083
2022-05-06,104.029,-0.9129999999999967
2022-05-13,105.264,1.2349999999999994
2022-05-20,106.921,1.6570000000000107
2022-05-27,106.392,-0.5290000000000106
2022-06-03,108.984,2.5919999999999987
2022-06-10,109.709,0.7250000000000085
2022-06-17,109.842,0.13299999999999557
2022-06-24,112.401,2.5589999999999975
2022-07-01,111.135,-1.2659999999999911
2022-07-08,113.803,2.667999999999992
2022-07-15,112.508,-1.2950000000000017
2022-07-22,111.724,-0.7839999999999918
2022-07-29,109.324,-2.4000000000000057
2022-08-05,111.49,2.165999999999997
2022-08-12,112.256,0.7660000000000053
2022-08-19,111.594,-0.6620000000000061
2022-08-26,111.706,0.11200000000000898
2022-09-02,111.801,0.09499999999999886
2022-09-09,116.02,4.218999999999994
2022-09-16,117.25,1.230000000000004
2022-09-23,114.359,-2.8910000000000053
2022-09-30,110.916,-3.442999999999998
2022-10-07,106.063,-4.852999999999994
2022-10-14,106.187,0.12399999999999523
2022-10-21,106.357,0.1700000000000017
2022-10-28,106.784,0.4270000000000067
2022-11-04,106.263,-0.5210000000000008
2022-11-11,107.383,1.1199999999999903
2022-11-18,109.101,1.7180000000000035
2022-11-25,112.648,3.546999999999997
2022-12-02,118.807,6.159000000000006
2022-12-09,120.171,1.3640000000000043
2022-12-16,119.929,-0.24200000000000443
2022-12-23,120.212,0.28300000000000125
2022-12-30,118.785,-1.4270000000000067
2023-01-06,117.716,-1.0690000000000026
2023-01-13,115.777,-1.938999999999993
2023-01-20,115.27,-0.507000000000005
2023-01-27,117.59,2.3200000000000074
2023-02-03,120.522,2.932000000000002
2023-02-10,119.237,-1.2850000000000108
2023-02-17,121.935,2.6980000000000075
2023-02-24,122.114,0.17900000000000205
2023-03-03,122.252,0.13799999999999102
2023-03-10,119.715,-2.536999999999992
2023-03-17,116.402,-3.3130000000000024
2023-03-24,116.683,0.2810000000000059
2023-03-31,113.051,-3.632000000000005
2023-04-07,112.445,-0.6060000000000088
2023-04-14,112.09,-0.35499999999998977
2023-04-21,111.513,-0.5769999999999982
2023-04-28,110.323,-1.190000000000012
2023-05-05,106.153,-4.1699999999999875
2023-05-12,106.233,0.0799999999999983
2023-05-19,105.672,-0.561000000000007
2023-05-26,106.657,0.9849999999999994
2023-06-02,111.731,5.073999999999998
2023-06-09,113.854,2.1230000000000047
2023-06-16,114.288,0.4339999999999975
2023-06-23,114.411,0.12300000000000466
2023-06-30,113.366,-1.0450000000000017
2023-07-07,118.181,4.814999999999998
2023-07-14,118.194,0.01300000000000523
2023-07-21,117.949,-0.24500000000000455
2023-07-28,117.153,-0.7959999999999923
2023-08-04,115.447,-1.706000000000003
2023-08-11,115.743,0.29599999999999227
2023-08-18,116.688,0.9450000000000074
2023-08-25,117.923,1.2349999999999994
2023-09-01,118.602,0.679000000000002
2023-09-08,122.533,3.9309999999999974
2023-09-15,119.666,-2.8670000000000044
2023-09-22,120.064,0.39799999999999613
2023-09-29,118.795,-1.2689999999999912
2023-10-06,116.958,-1.8370000000000033
2023-10-13,113.773,-3.1850000000000023
2023-10-20,112.087,-1.6859999999999928
2023-10-27,111.295,-0.7920000000000016
2023-11-03,108.001,-3.293999999999997
2023-11-10,106.579,-1.4220000000000113
2023-11-17,105.561,-1.0179999999999865
2023-11-24,110.778,5.216999999999999
2023-12-01,112.045,1.266999999999996
2023-12-08,113.539,1.4939999999999998
2023-12-15,115.024,1.4849999999999994
2023-12-22,115.765,0.7409999999999997
2023-12-29,125.855,10.090000000000003
2024-01-05,132.383,6.528000000000006
2024-01-12,134.753,2.369999999999976
2024-01-19,133.336,-1.4169999999999732
2024-01-26,130.795,-2.5410000000000252
2024-02-02,127.574,-3.2209999999999894
2024-02-09,125.659,-1.914999999999992
2024-02-16,121.651,-4.00800000000001
2024-02-23,121.141,-0.5099999999999909
2024-03-01,117.01,-4.131
2024-03-08,117.898,0.887999999999991
2024-03-15,118.522,0.6240000000000094
2024-03-22,117.337,-1.1850000000000023
2024-03-29,116.069,-1.2680000000000007
2024-04-05,117.728,1.6589999999999918
2024-04-12,114.968,-2.759999999999991
2024-04-19,116.582,1.61399999999999
2024-04-26,115.85,-0.7319999999999993
2024-05-03,116.41,0.5600000000000023
2024-05-10,116.365,-0.045000000000001705
2024-05-17,116.744,0.3790000000000049
2024-05-24,119.288,2.543999999999997
2024-05-31,122.485,3.1970000000000027
2024-06-07,123.366,0.8810000000000002
2024-06-14,121.64,-1.725999999999999
2024-06-21,121.263,-0.37699999999999534
2024-06-28,119.728,-1.5350000000000108
2024-07-05,124.612,4.884
2024-07-12,128.066,3.4540000000000077
2024-07-19,125.313,-2.753
2024-07-26,126.847,1.5339999999999918
2024-08-02,127.796,0.9490000000000123
2024-08-09,126.123,-1.6730000000000018
2024-08-16,122.811,-3.3119999999999976
2024-08-23,123.086,0.2749999999999915
2024-08-30,122.715,-0.3709999999999951
2024-09-06,125.023,2.3079999999999927
2024-09-13,125.148,0.125
2024-09-20,122.921,-2.2269999999999897
2024-09-27,121.637,-1.284000000000006
2024-10-04,118.513,-3.1239999999999952
2024-10-11,114.979,-3.534000000000006
2024-10-18,113.839,-1.1400000000000006
2024-10-25,112.862,-0.9770000000000039
2024-11-01,115.809,2.9470000000000027
2024-11-08,114.415,-1.3939999999999912
2024-11-15,114.301,-0.11400000000000432
2024-11-22,114.717,0.4159999999999968
2024-11-29,118.1,3.3829999999999956
2024-12-06,121.335,3.2349999999999994
2024-12-13,118.155,-3.1799999999999926
2024-12-20,116.461,-1.6940000000000026
2024-12-27,122.867,6.406000000000006
2025-01-03,128.938,6.070999999999984
2025-01-10,132.015,3.076999999999998
2025-01-17,128.945,-3.069999999999993
2025-01-24,123.951,-4.994
2025-01-31,118.48,-5.470999999999989
2025-02-07,118.615,0.1349999999999909
2025-02-14,116.564,-2.051000000000002
2025-02-21,120.472,3.9080000000000013
2025-02-28,119.154,-1.3179999999999978
2025-03-07,117.595,-1.5589999999999975
2025-03-14,114.783,-2.8119999999999976
2025-03-21,114.362,-0.4210000000000065
2025-03-28,114.626,0.26400000000001
2025-04-04,111.082,-3.544000000000011
2025-04-11,109.231,-1.850999999999999
2025-04-18,106.878,-2.3529999999999944
2025-04-25,107.815,0.9369999999999976
2025-05-02,106.708,-1.1069999999999993
2025-05-09,103.553,-3.155000000000001
2025-05-16,104.132,0.5790000000000077
2025-05-23,103.408,-0.7240000000000038
2025-05-30,107.638,4.230000000000004
2025-06-06,108.884,1.2459999999999951
2025-06-13,109.398,0.5139999999999958
2025-06-20,105.332,-4.0660000000000025
2025-06-27,103.622,-1.7099999999999937
2025-07-04,102.797,-0.8250000000000028
2025-07-11,106.97,4.173000000000002
2025-07-18,109.901,2.9309999999999974
2025-07-25,113.536,3.635000000000005
2025-08-01,112.971,-0.5649999999999977
2025-08-08,113.685,0.7139999999999986
2025-08-15,116.028,2.3430000000000035
2025-08-22,114.242,-1.7860000000000014
2025-08-29,115.923,1.6809999999999974
2025-09-05,120.638,4.715000000000003
2025-09-12,124.684,4.045999999999992
2025-09-19,122.999,-1.6850000000000023
2025-09-26,123.577,0.578000000000003
2025-10-03,121.559,-2.0180000000000007
2025-10-10,117.03,-4.528999999999996
2025-10-17,115.551,-1.4789999999999992
2025-10-24,112.189,-3.362000000000009
2025-10-31,111.546,-0.6429999999999865
2025-11-07,110.909,-0.6370000000000005
2025-11-14,111.08,0.17099999999999227
2025-11-21,112.227,1.1470000000000056
2025-11-28,114.286,2.0589999999999975
2025-12-05,116.788,2.5019999999999953
2025-12-12,118.5,1.7120000000000033
2025-12-19,118.702,0.20199999999999818
2025-12-26,123.679,4.977000000000004
2026-01-02,129.273,5.593999999999994
2026-01-09,129.244,-0.028999999999996362
2026-01-16,132.592,3.348000000000013
2026-01-23,132.921,0.3289999999999793
2026-01-30,127.368,-5.552999999999997
2026-02-06,124.665,-2.7029999999999887
2026-02-13,120.099,-4.5660000000000025
2026-02-20,120.351,0.25199999999999534
2026-02-27,120.78,0.42900000000000205
2026-03-06,119.431,-1.3490000000000038
2026-03-13,116.904,-2.527000000000001
2026-03-20,119.936,3.0320000000000107
2026-03-27,117.825,-2.111000000000004
2026-04-03,114.681,-3.1440000000000055
2026-04-10,111.559,-3.122
