period,gasoline_million_bbl,gasoline_million_bbl_change
1990-01-05,210.982,
1990-01-12,215.395,4.413000000000011
1990-01-19,219.221,3.8259999999999934
1990-01-26,229.695,10.47399999999999
1990-02-02,234.249,4.554000000000002
1990-02-09,242.038,7.789000000000016
1990-02-16,243.212,1.1739999999999782
1990-02-23,249.028,5.8160000000000025
1990-03-02,251.074,2.0460000000000207
1990-03-09,247.348,-3.725999999999999
1990-03-16,245.224,-2.1240000000000236
1990-03-23,236.805,-8.418999999999983
1990-03-30,230.975,-5.8300000000000125
1990-04-06,227.448,-3.526999999999987
1990-04-13,226.077,-1.3710000000000093
1990-04-20,224.206,-1.8710000000000093
1990-04-27,223.25,-0.9559999999999889
1990-05-04,222.618,-0.632000000000005
1990-05-11,217.528,-5.090000000000003
1990-05-18,217.047,-0.48099999999999454
1990-05-25,218.532,1.4850000000000136
1990-06-01,222.014,3.4819999999999993
1990-06-08,219.308,-2.7060000000000173
1990-06-15,220.061,0.7530000000000143
1990-06-22,218.97,-1.0910000000000082
1990-06-29,218.597,-0.37299999999999045
1990-07-06,217.055,-1.5420000000000016
1990-07-13,218.063,1.0079999999999814
1990-07-20,218.705,0.6420000000000243
1990-07-27,217.799,-0.9060000000000059
1990-08-03,220.195,2.3959999999999866
1990-08-10,213.725,-6.469999999999999
1990-08-17,216.819,3.093999999999994
1990-08-24,211.198,-5.620999999999981
1990-08-31,210.922,-0.27600000000001046
1990-09-07,212.665,1.742999999999995
1990-09-14,219.164,6.498999999999995
1990-09-21,222.16,2.9960000000000093
1990-09-28,222.735,0.575000000000017
1990-10-05,225.934,3.198999999999984
1990-10-12,225.997,0.0630000000000166
1990-10-19,221.043,-4.954000000000008
1990-10-26,222.384,1.3409999999999798
1990-11-02,222.223,-0.16099999999997294
1990-11-09,219.499,-2.724000000000018
1990-11-16,217.04,-2.459000000000003
1990-11-23,217.639,0.599000000000018
1990-11-30,218.889,1.25
1990-12-07,220.01,1.120999999999981
1990-12-14,224.219,4.209000000000003
1990-12-21,222.043,-2.1759999999999877
1990-12-28,221.695,-0.3480000000000132
1991-01-04,221.194,-0.5010000000000048
1991-01-11,217.923,-3.2709999999999866
1991-01-18,216.098,-1.8249999999999886
1991-01-25,219.581,3.4829999999999757
1991-02-01,222.223,2.6420000000000243
1991-02-08,224.079,1.8559999999999945
1991-02-15,226.459,2.3799999999999955
1991-02-22,226.026,-0.4329999999999927
1991-03-01,221.438,-4.588000000000022
1991-03-08,218.986,-2.451999999999998
1991-03-15,215.67,-3.3160000000000025
1991-03-22,211.379,-4.290999999999997
1991-03-29,212.087,0.7079999999999984
1991-04-05,207.908,-4.179000000000002
1991-04-12,205.51,-2.397999999999996
1991-04-19,205.046,-0.46399999999999864
1991-04-26,205.66,0.6140000000000043
1991-05-03,207.496,1.8360000000000127
1991-05-10,208.673,1.1769999999999925
1991-05-17,211.69,3.016999999999996
1991-05-24,213.387,1.6970000000000027
1991-05-31,215.678,2.290999999999997
1991-06-07,217.713,2.0349999999999966
1991-06-14,220.528,2.8149999999999977
1991-06-21,219.835,-0.6929999999999836
1991-06-28,218.757,-1.078000000000003
1991-07-05,215.024,-3.733000000000004
1991-07-12,213.411,-1.6129999999999995
1991-07-19,213.887,0.4759999999999991
1991-07-26,212.122,-1.7649999999999864
1991-08-02,210.814,-1.3080000000000211
1991-08-09,208.356,-2.4579999999999984
1991-08-16,207.689,-0.6670000000000016
1991-08-23,210.098,2.4090000000000202
1991-08-30,211.068,0.9699999999999989
1991-09-06,214.68,3.6119999999999948
1991-09-13,215.242,0.5619999999999834
1991-09-20,214.984,-0.25799999999998136
1991-09-27,215.217,0.2330000000000041
1991-10-04,217.173,1.9559999999999889
1991-10-11,213.971,-3.201999999999998
1991-10-18,209.834,-4.1370000000000005
1991-10-25,205.774,-4.060000000000002
1991-11-01,204.354,-1.4199999999999875
1991-11-08,199.744,-4.610000000000014
1991-11-15,198.464,-1.2800000000000011
1991-11-22,203.568,5.104000000000013
1991-11-29,207.008,3.4399999999999977
1991-12-06,212.278,5.269999999999982
1991-12-13,215.414,3.1359999999999957
1991-12-20,216.625,1.2110000000000127
1991-12-27,217.337,0.7119999999999891
1992-01-03,222.483,5.146000000000015
1992-01-10,225.305,2.8220000000000027
1992-01-17,228.58,3.2750000000000057
1992-01-24,228.073,-0.507000000000005
1992-01-31,227.909,-0.1640000000000157
1992-02-07,227.243,-0.6659999999999968
1992-02-14,230.868,3.625
1992-02-21,230.336,-0.5319999999999823
1992-02-28,231.955,1.6189999999999998
1992-03-06,227.662,-4.293000000000006
1992-03-13,227.891,0.228999999999985
1992-03-20,224.373,-3.5180000000000007
1992-03-27,222.766,-1.6069999999999993
1992-04-03,222.186,-0.5799999999999841
1992-04-10,217.422,-4.76400000000001
1992-04-17,221.157,3.7350000000000136
1992-04-24,221.128,-0.029000000000024784
1992-05-01,218.51,-2.617999999999995
1992-05-08,218.142,-0.367999999999995
1992-05-15,219.307,1.164999999999992
1992-05-22,220.76,1.453000000000003
1992-05-29,217.988,-2.7719999999999914
1992-06-05,221.738,3.75
1992-06-12,225.535,3.796999999999997
1992-06-19,227.811,2.2760000000000105
1992-06-26,228.449,0.6380000000000052
1992-07-03,227.444,-1.0050000000000239
1992-07-10,226.355,-1.0889999999999986
1992-07-17,225.184,-1.1709999999999923
1992-07-24,222.592,-2.5919999999999845
1992-07-31,221.461,-1.1310000000000002
1992-08-07,217.173,-4.288000000000011
1992-08-14,213.43,-3.742999999999995
1992-08-21,210.106,-3.3240000000000123
1992-08-28,206.548,-3.5579999999999927
1992-09-04,202.427,-4.121000000000009
1992-09-11,204.731,2.304000000000002
1992-09-18,206.719,1.9879999999999995
1992-09-25,207.727,1.0080000000000098
1992-10-02,209.718,1.9909999999999854
1992-10-09,207.854,-1.863999999999976
1992-10-16,208.652,0.7979999999999734
1992-10-23,208.033,-0.6189999999999998
1992-10-30,204.65,-3.3829999999999814
1992-11-06,209.557,4.906999999999982
1992-11-13,209.701,0.14400000000000546
1992-11-20,210.574,0.8730000000000189
1992-11-27,212.692,2.117999999999995
1992-12-04,212.367,-0.32500000000001705
1992-12-11,213.282,0.9150000000000205
1992-12-18,213.169,-0.11299999999999955
1992-12-25,212.969,-0.20000000000001705
1993-01-01,216.561,3.592000000000013
1993-01-08,221.306,4.7450000000000045
1993-01-15,226.954,5.647999999999996
1993-01-22,229.754,2.799999999999983
1993-01-29,236.128,6.373999999999995
1993-02-05,234.121,-2.0069999999999766
1993-02-12,236.87,2.7489999999999952
1993-02-19,239.134,2.2639999999999816
1993-02-26,239.086,-0.0479999999999734
1993-03-05,237.243,-1.8430000000000177
1993-03-12,236.477,-0.7659999999999911
1993-03-19,232.213,-4.26400000000001
1993-03-26,229.323,-2.8899999999999864
1993-04-02,228.289,-1.0340000000000202
1993-04-09,227.603,-0.6859999999999786
1993-04-16,225.814,-1.7890000000000157
1993-04-23,224.438,-1.3760000000000048
1993-04-30,221.834,-2.603999999999985
1993-05-07,221.33,-0.5039999999999907
1993-05-14,218.162,-3.1680000000000064
1993-05-21,218.431,0.26900000000000546
1993-05-28,229.887,11.455999999999989
1993-06-04,226.781,-3.1059999999999945
1993-06-11,224.637,-2.1440000000000055
1993-06-18,224.796,0.15899999999999181
1993-06-25,222.719,-2.076999999999998
1993-07-02,220.348,-2.370999999999981
1993-07-09,220.802,0.4539999999999793
1993-07-16,216.794,-4.007999999999981
1993-07-23,214.341,-2.453000000000003
1993-07-30,214.965,0.6239999999999952
1993-08-06,209.07,-5.89500000000001
1993-08-13,207.716,-1.353999999999985
1993-08-20,202.045,-5.671000000000021
1993-08-27,201.221,-0.8239999999999839
1993-09-03,202.354,1.1330000000000098
1993-09-10,201.269,-1.085000000000008
1993-09-17,204.378,3.1089999999999804
1993-09-24,208.036,3.6580000000000155
1993-10-01,208.245,0.20900000000000318
1993-10-08,209.116,0.8710000000000093
1993-10-15,208.432,-0.6840000000000259
1993-10-22,207.949,-0.48299999999997567
1993-10-29,209.067,1.117999999999995
1993-11-05,208.14,-0.9270000000000209
1993-11-12,210.759,2.6189999999999998
1993-11-19,213.301,2.5420000000000016
1993-11-26,217.591,4.2900000000000205
1993-12-03,222.584,4.992999999999995
1993-12-10,222.11,-0.47399999999998954
1993-12-17,223.106,0.9959999999999809
1993-12-24,224.655,1.5490000000000066
1993-12-31,225.013,0.3580000000000041
1994-01-07,228.804,3.790999999999997
1994-01-14,230.806,2.0020000000000095
1994-01-21,230.603,-0.20300000000000296
1994-01-28,234.542,3.938999999999993
1994-02-04,233.869,-0.6730000000000018
1994-02-11,230.508,-3.36099999999999
1994-02-18,229.691,-0.8170000000000073
1994-02-25,229.471,-0.21999999999999886
1994-03-04,226.08,-3.390999999999991
1994-03-11,224.966,-1.1140000000000043
1994-03-18,221.918,-3.048000000000002
1994-03-25,216.977,-4.9410000000000025
1994-04-01,213.868,-3.109000000000009
1994-04-08,211.837,-2.031000000000006
1994-04-15,210.367,-1.4699999999999989
1994-04-22,215.827,5.460000000000008
1994-04-29,215.173,-0.6539999999999964
1994-05-06,220.806,5.63300000000001
1994-05-13,221.215,0.4089999999999918
1994-05-20,217.833,-3.382000000000005
1994-05-27,214.405,-3.4279999999999973
1994-06-03,216.725,2.319999999999993
1994-06-10,216.815,0.09000000000000341
1994-06-17,215.44,-1.375
1994-06-24,214.928,-0.5120000000000005
1994-07-01,213.577,-1.350999999999999
1994-07-08,213.607,0.030000000000001137
1994-07-15,210.786,-2.820999999999998
1994-07-22,210.34,-0.44599999999999795
1994-07-29,208.515,-1.825000000000017
1994-08-05,208.802,0.28700000000000614
1994-08-12,204.759,-4.043000000000006
1994-08-19,204.822,0.0630000000000166
1994-08-26,206.501,1.679000000000002
1994-09-02,203.398,-3.1030000000000086
1994-09-09,207.682,4.283999999999992
1994-09-16,207.967,0.285000000000025
1994-09-23,207.262,-0.7050000000000125
1994-09-30,208.167,0.9050000000000011
1994-10-07,208.597,0.4300000000000068
1994-10-14,206.013,-2.584000000000003
1994-10-21,202.644,-3.3689999999999998
1994-10-28,197.671,-4.973000000000013
1994-11-04,200.812,3.1410000000000196
1994-11-11,202.319,1.5069999999999766
1994-11-18,206.074,3.755000000000024
1994-11-25,208.845,2.7709999999999866
1994-12-02,214.685,5.840000000000003
1994-12-09,212.28,-2.405000000000001
1994-12-16,212.555,0.2750000000000057
1994-12-23,210.269,-2.2860000000000014
1994-12-30,210.379,0.10999999999998522
1995-01-06,213.545,3.165999999999997
1995-01-13,215.577,2.0320000000000107
1995-01-20,217.341,1.76400000000001
1995-01-27,220.092,2.7510000000000048
1995-02-03,222.808,2.7159999999999798
1995-02-10,224.086,1.27800000000002
1995-02-17,225.627,1.5409999999999968
1995-02-24,224.867,-0.7600000000000193
1995-03-03,226.427,1.5600000000000023
1995-03-10,225.052,-1.375
1995-03-17,221.863,-3.188999999999993
1995-03-24,219.388,-2.4749999999999943
1995-03-31,212.188,-7.200000000000017
1995-04-07,211.126,-1.0619999999999834
1995-04-14,209.23,-1.896000000000015
1995-04-21,207.445,-1.7849999999999966
1995-04-28,208.167,0.7220000000000084
1995-05-05,208.961,0.7940000000000111
1995-05-12,209.092,0.13100000000000023
1995-05-19,207.135,-1.957000000000022
1995-05-26,209.982,2.8470000000000084
1995-06-02,208.602,-1.3799999999999955
1995-06-09,207.887,-0.7150000000000034
1995-06-16,210.28,2.3930000000000007
1995-06-23,208.332,-1.9480000000000075
1995-06-30,207.619,-0.7129999999999939
1995-07-07,207.854,0.23500000000001364
1995-07-14,208.28,0.4259999999999877
1995-07-21,207.955,-0.32499999999998863
1995-07-28,207.406,-0.5490000000000066
1995-08-04,204.7,-2.7060000000000173
1995-08-11,203.559,-1.1409999999999911
1995-08-18,199.666,-3.8930000000000007
1995-08-25,196.058,-3.608000000000004
1995-09-01,197.186,1.1280000000000143
1995-09-08,196.62,-0.5660000000000025
1995-09-15,194.93,-1.6899999999999977
1995-09-22,196.796,1.8659999999999854
1995-09-29,202.806,6.010000000000019
1995-10-06,201.137,-1.6690000000000111
1995-10-13,198.72,-2.4170000000000016
1995-10-20,199.377,0.6570000000000107
1995-10-27,197.584,-1.7930000000000064
1995-11-03,195.596,-1.9879999999999995
1995-11-10,190.148,-5.4480000000000075
1995-11-17,192.278,2.1299999999999955
1995-11-24,193.076,0.7980000000000018
1995-12-01,196.904,3.828000000000003
1995-12-08,196.587,-0.3170000000000073
1995-12-15,198.69,2.1030000000000086
1995-12-22,197.873,-0.8170000000000073
1995-12-29,203.744,5.871000000000009
1996-01-05,203.56,-0.1839999999999975
1996-01-12,205.546,1.98599999999999
1996-01-19,210.659,5.1129999999999995
1996-01-26,211.887,1.2280000000000086
1996-02-02,214.405,2.5180000000000007
1996-02-09,213.627,-0.7779999999999916
1996-02-16,212.443,-1.1839999999999975
1996-02-23,210.443,-2.0
1996-03-01,213.605,3.1619999999999777
1996-03-08,209.769,-3.8359999999999843
1996-03-15,209.171,-0.5980000000000132
1996-03-22,205.883,-3.2879999999999825
1996-03-29,203.802,-2.0810000000000173
1996-04-05,201.988,-1.813999999999993
1996-04-12,201.051,-0.9370000000000118
1996-04-19,203.88,2.8290000000000077
1996-04-26,204.218,0.33799999999999386
1996-05-03,204.185,-0.03299999999998704
1996-05-10,202.692,-1.492999999999995
1996-05-17,204.906,2.2139999999999986
1996-05-24,205.722,0.8160000000000025
1996-05-31,206.134,0.4119999999999777
1996-06-07,205.584,-0.549999999999983
1996-06-14,205.494,-0.09000000000000341
1996-06-21,206.541,1.046999999999997
1996-06-28,202.987,-3.554000000000002
1996-07-05,201.677,-1.3100000000000023
1996-07-12,200.373,-1.304000000000002
1996-07-19,198.977,-1.3959999999999866
1996-07-26,197.609,-1.367999999999995
1996-08-02,196.821,-0.7880000000000109
1996-08-09,198.222,1.4010000000000105
1996-08-16,198.433,0.2109999999999843
1996-08-23,196.254,-2.179000000000002
1996-08-30,192.908,-3.3460000000000036
1996-09-06,191.733,-1.174999999999983
1996-09-13,192.0,0.2669999999999959
1996-09-20,193.526,1.5260000000000105
1996-09-27,197.717,4.1910000000000025
1996-10-04,197.019,-0.6980000000000075
1996-10-11,194.41,-2.609000000000009
1996-10-18,190.525,-3.884999999999991
1996-10-25,189.283,-1.2420000000000186
1996-11-01,191.956,2.673000000000002
1996-11-08,190.18,-1.775999999999982
1996-11-15,188.595,-1.585000000000008
1996-11-22,187.261,-1.3340000000000032
1996-11-29,190.483,3.2220000000000084
1996-12-06,194.748,4.264999999999986
1996-12-13,191.42,-3.328000000000003
1996-12-20,191.053,-0.3669999999999902
1996-12-27,192.014,0.9610000000000127
1997-01-03,198.239,6.224999999999994
1997-01-10,199.994,1.7549999999999955
1997-01-17,201.457,1.4629999999999939
1997-01-24,203.639,2.1820000000000164
1997-01-31,206.951,3.3119999999999834
1997-02-07,210.991,4.0400000000000205
1997-02-14,209.302,-1.6890000000000214
1997-02-21,205.464,-3.837999999999994
1997-02-28,203.206,-2.2580000000000098
1997-03-07,203.693,0.4870000000000232
1997-03-14,199.745,-3.9480000000000075
1997-03-21,198.774,-0.9710000000000036
1997-03-28,196.93,-1.843999999999994
1997-04-04,195.697,-1.233000000000004
1997-04-11,195.928,0.23099999999999454
1997-04-18,195.927,-0.0010000000000047748
1997-04-25,196.025,0.09800000000001319
1997-05-02,193.561,-2.4639999999999986
1997-05-09,198.261,4.699999999999989
1997-05-16,198.672,0.41100000000000136
1997-05-23,199.831,1.1589999999999918
1997-05-30,200.728,0.8970000000000198
1997-06-06,203.327,2.5989999999999895
1997-06-13,205.177,1.8499999999999943
1997-06-20,205.512,0.33500000000000796
1997-06-27,204.006,-1.5060000000000002
1997-07-04,203.747,-0.25899999999998613
1997-07-11,199.751,-3.9960000000000093
1997-07-18,197.484,-2.266999999999996
1997-07-25,193.695,-3.7890000000000157
1997-08-01,190.575,-3.1200000000000045
1997-08-08,189.078,-1.4969999999999857
1997-08-15,186.197,-2.8810000000000002
1997-08-22,187.035,0.8379999999999939
1997-08-29,185.563,-1.4720000000000084
1997-09-05,187.167,1.6040000000000134
1997-09-12,189.628,2.4609999999999843
1997-09-19,194.289,4.661000000000001
1997-09-26,195.544,1.2550000000000239
1997-10-03,197.648,2.103999999999985
1997-10-10,196.796,-0.8520000000000039
1997-10-17,196.969,0.17300000000000182
1997-10-24,197.561,0.592000000000013
1997-10-31,197.629,0.06799999999998363
1997-11-07,196.54,-1.0889999999999986
1997-11-14,197.638,1.0980000000000132
1997-11-21,196.59,-1.0480000000000018
1997-11-28,199.44,2.8499999999999943
1997-12-05,198.579,-0.86099999999999
1997-12-12,201.916,3.336999999999989
1997-12-19,201.609,-0.30699999999998795
1997-12-26,204.93,3.320999999999998
1998-01-02,210.22,5.289999999999992
1998-01-09,216.176,5.955999999999989
1998-01-16,217.925,1.7490000000000236
1998-01-23,217.464,-0.46100000000001273
1998-01-30,217.934,0.46999999999999886
1998-02-06,220.625,2.6910000000000025
1998-02-13,218.239,-2.3859999999999957
1998-02-20,218.785,0.5459999999999923
1998-02-27,219.852,1.0670000000000073
1998-03-06,218.013,-1.8389999999999986
1998-03-13,214.2,-3.8130000000000166
1998-03-20,215.334,1.1340000000000146
1998-03-27,214.76,-0.5740000000000123
1998-04-03,210.823,-3.9369999999999834
1998-04-10,210.377,-0.44599999999999795
1998-04-17,211.207,0.8299999999999841
1998-04-24,212.209,1.0020000000000095
1998-05-01,212.269,0.060000000000002274
1998-05-08,216.119,3.8499999999999943
1998-05-15,213.223,-2.8959999999999866
1998-05-22,215.208,1.9849999999999852
1998-05-29,218.181,2.973000000000013
1998-06-05,219.566,1.384999999999991
1998-06-12,220.053,0.48699999999999477
1998-06-19,222.74,2.687000000000012
1998-06-26,222.381,-0.35900000000000887
1998-07-03,218.243,-4.138000000000005
1998-07-10,221.489,3.2460000000000093
1998-07-17,218.84,-2.649000000000001
1998-07-24,219.06,0.21999999999999886
1998-07-31,215.752,-3.3079999999999927
1998-08-07,212.407,-3.344999999999999
1998-08-14,210.064,-2.3430000000000177
1998-08-21,208.848,-1.2159999999999798
1998-08-28,209.179,0.33099999999998886
1998-09-04,207.008,-2.1709999999999923
1998-09-11,205.691,-1.3170000000000073
1998-09-18,208.649,2.9579999999999984
1998-09-25,207.493,-1.156000000000006
1998-10-02,207.114,-0.3789999999999907
1998-10-09,199.486,-7.628000000000014
1998-10-16,201.383,1.8970000000000198
1998-10-23,199.734,-1.649000000000001
1998-10-30,200.204,0.46999999999999886
1998-11-06,201.825,1.620999999999981
1998-11-13,206.343,4.518000000000001
1998-11-20,205.683,-0.6599999999999966
1998-11-27,205.697,0.014000000000010004
1998-12-04,208.189,2.4919999999999902
1998-12-11,210.252,2.0630000000000166
1998-12-18,208.33,-1.921999999999997
1998-12-25,209.868,1.5379999999999825
1999-01-01,210.839,0.9710000000000036
1999-01-08,217.574,6.735000000000014
1999-01-15,221.987,4.4129999999999825
1999-01-22,220.885,-1.1020000000000039
1999-01-29,223.083,2.1980000000000075
1999-02-05,228.189,5.1059999999999945
1999-02-12,226.045,-2.1440000000000055
1999-02-19,229.3,3.255000000000024
1999-02-26,227.413,-1.8870000000000005
1999-03-05,226.726,-0.6870000000000118
1999-03-12,222.905,-3.820999999999998
1999-03-19,219.788,-3.1169999999999902
1999-03-26,214.52,-5.268000000000001
1999-04-02,214.306,-0.21399999999999864
1999-04-09,217.386,3.079999999999984
1999-04-16,216.866,-0.5199999999999818
1999-04-23,214.741,-2.125
1999-04-30,218.406,3.664999999999992
1999-05-07,222.885,4.478999999999985
1999-05-14,221.972,-0.9129999999999825
1999-05-21,221.589,-0.3830000000000098
1999-05-28,223.026,1.4370000000000118
1999-06-04,226.048,3.0219999999999914
1999-06-11,221.08,-4.967999999999989
1999-06-18,220.647,-0.43300000000002115
1999-06-25,217.966,-2.680999999999983
1999-07-02,214.637,-3.3290000000000077
1999-07-09,211.022,-3.615000000000009
1999-07-16,208.902,-2.1200000000000045
1999-07-23,205.424,-3.47799999999998
1999-07-30,204.179,-1.2450000000000045
1999-08-06,201.096,-3.0829999999999984
1999-08-13,202.026,0.9300000000000068
1999-08-20,202.168,0.1419999999999959
1999-08-27,200.462,-1.7060000000000173
1999-09-03,198.532,-1.9299999999999784
1999-09-10,200.464,1.931999999999988
1999-09-17,201.304,0.8400000000000034
1999-09-24,199.923,-1.3810000000000002
1999-10-01,201.114,1.1910000000000025
1999-10-08,203.234,2.1200000000000045
1999-10-15,202.656,-0.578000000000003
1999-10-22,199.785,-2.8710000000000093
1999-10-29,197.816,-1.968999999999994
1999-11-05,195.514,-2.3019999999999925
1999-11-12,191.45,-4.064000000000021
1999-11-19,190.202,-1.2479999999999905
1999-11-26,191.068,0.8660000000000139
1999-12-03,196.648,5.579999999999984
1999-12-10,195.581,-1.0670000000000073
1999-12-17,194.295,-1.2860000000000014
1999-12-24,192.797,-1.4979999999999905
1999-12-31,191.997,-0.799999999999983
2000-01-07,194.173,2.1759999999999877
2000-01-14,198.24,4.067000000000007
2000-01-21,200.815,2.5749999999999886
2000-01-28,201.447,0.632000000000005
2000-02-04,200.937,-0.5099999999999909
2000-02-11,199.593,-1.3440000000000225
2000-02-18,196.688,-2.905000000000001
2000-02-25,196.523,-0.16499999999999204
2000-03-03,200.97,4.447000000000003
2000-03-10,198.819,-2.1510000000000105
2000-03-17,199.255,0.43600000000000705
2000-03-24,201.12,1.865000000000009
2000-03-31,203.808,2.687999999999988
2000-04-07,203.566,-0.24199999999999022
2000-04-14,202.022,-1.5440000000000111
2000-04-21,200.684,-1.3379999999999939
2000-04-28,202.506,1.8220000000000027
2000-05-05,200.77,-1.73599999999999
2000-05-12,202.479,1.7090000000000032
2000-05-19,203.561,1.0819999999999936
2000-05-26,201.075,-2.4860000000000184
2000-06-02,201.348,0.27300000000002456
2000-06-09,202.699,1.350999999999999
2000-06-16,202.768,0.0689999999999884
2000-06-23,204.28,1.5120000000000005
2000-06-30,204.522,0.24199999999999022
2000-07-07,205.147,0.625
2000-07-14,205.638,0.49100000000001387
2000-07-21,206.907,1.2690000000000055
2000-07-28,206.253,-0.6540000000000248
2000-08-04,204.582,-1.6709999999999923
2000-08-11,202.442,-2.1399999999999864
2000-08-18,201.2,-1.2420000000000186
2000-08-25,196.372,-4.8279999999999745
2000-09-01,195.498,-0.8740000000000236
2000-09-08,191.795,-3.703000000000003
2000-09-15,187.566,-4.228999999999985
2000-09-22,190.559,2.992999999999995
2000-09-29,195.621,5.062000000000012
2000-10-06,195.84,0.2189999999999941
2000-10-13,193.261,-2.5790000000000077
2000-10-20,192.24,-1.0209999999999866
2000-10-27,188.097,-4.143000000000001
2000-11-03,186.147,-1.950000000000017
2000-11-10,189.003,2.8559999999999945
2000-11-17,188.941,-0.0619999999999834
2000-11-24,191.19,2.2489999999999952
2000-12-01,195.234,4.044000000000011
2000-12-08,196.568,1.3340000000000032
2000-12-15,198.983,2.414999999999992
2000-12-22,196.401,-2.5819999999999936
2000-12-29,193.771,-2.630000000000024
2001-01-05,195.663,1.8920000000000243
2001-01-12,198.713,3.049999999999983
2001-01-19,200.703,1.990000000000009
2001-01-26,205.882,5.179000000000002
2001-02-02,203.783,-2.099000000000018
2001-02-09,202.92,-0.8629999999999995
2001-02-16,204.595,1.6750000000000114
2001-02-23,204.546,-0.049000000000006594
2001-03-02,203.021,-1.5250000000000057
2001-03-09,201.582,-1.438999999999993
2001-03-16,198.193,-3.3889999999999816
2001-03-23,196.272,-1.9210000000000207
2001-03-30,193.035,-3.2369999999999948
2001-04-06,193.855,0.8199999999999932
2001-04-13,192.831,-1.024000000000001
2001-04-20,193.913,1.082000000000022
2001-04-27,198.975,5.061999999999983
2001-05-04,200.025,1.0500000000000114
2001-05-11,204.069,4.043999999999983
2001-05-18,203.706,-0.36299999999999955
2001-05-25,208.032,4.326000000000022
2001-06-01,210.265,2.2329999999999757
2001-06-08,216.01,5.7450000000000045
2001-06-15,219.666,3.656000000000006
2001-06-22,220.745,1.0790000000000077
2001-06-29,221.633,0.8880000000000052
2001-07-06,221.549,-0.08400000000000318
2001-07-13,217.832,-3.717000000000013
2001-07-20,214.521,-3.311000000000007
2001-07-27,211.313,-3.2079999999999984
2001-08-03,207.789,-3.524000000000001
2001-08-10,204.627,-3.1619999999999777
2001-08-17,202.069,-2.558000000000021
2001-08-24,195.874,-6.194999999999993
2001-08-31,194.69,-1.1839999999999975
2001-09-07,195.38,0.6899999999999977
2001-09-14,192.331,-3.0490000000000066
2001-09-21,200.823,8.492000000000019
2001-09-28,203.912,3.0889999999999986
2001-10-05,206.117,2.204999999999984
2001-10-12,208.339,2.2220000000000084
2001-10-19,208.908,0.5689999999999884
2001-10-26,208.308,-0.5999999999999943
2001-11-02,206.944,-1.3640000000000043
2001-11-09,205.335,-1.6089999999999804
2001-11-16,206.682,1.34699999999998
2001-11-23,207.701,1.0190000000000055
2001-11-30,212.099,4.397999999999996
2001-12-07,211.201,-0.8979999999999961
2001-12-14,210.32,-0.8810000000000002
2001-12-21,207.036,-3.283999999999992
2001-12-28,207.914,0.8779999999999859
2002-01-04,207.726,-0.18799999999998818
2002-01-11,210.5,2.774000000000001
2002-01-18,214.055,3.555000000000007
2002-01-25,216.656,2.600999999999999
2002-02-01,216.355,-0.30100000000001614
2002-02-08,217.358,1.0030000000000143
2002-02-15,216.883,-0.4749999999999943
2002-02-22,215.753,-1.1300000000000239
2002-03-01,212.674,-3.0789999999999793
2002-03-08,211.544,-1.1299999999999955
2002-03-15,209.08,-2.4639999999999986
2002-03-22,207.157,-1.9230000000000018
2002-03-29,211.521,4.363999999999976
2002-04-05,212.602,1.0810000000000173
2002-04-12,211.127,-1.4749999999999943
2002-04-19,210.555,-0.5720000000000027
2002-04-26,211.946,1.3909999999999911
2002-05-03,214.108,2.162000000000006
2002-05-10,217.207,3.0989999999999895
2002-05-17,216.094,-1.1129999999999995
2002-05-24,218.1,2.0060000000000002
2002-05-31,215.916,-2.1839999999999975
2002-06-07,214.362,-1.554000000000002
2002-06-14,215.229,0.8670000000000186
2002-06-21,216.405,1.1759999999999877
2002-06-28,216.434,0.028999999999996362
2002-07-05,214.72,-1.7139999999999986
2002-07-12,213.232,-1.4879999999999995
2002-07-19,212.591,-0.6409999999999911
2002-07-26,211.591,-1.0
2002-08-02,212.47,0.8789999999999907
2002-08-09,207.965,-4.5049999999999955
2002-08-16,208.743,0.7779999999999916
2002-08-23,206.761,-1.9819999999999993
2002-08-30,205.33,-1.4309999999999832
2002-09-06,205.598,0.2680000000000007
2002-09-13,204.987,-0.6110000000000184
2002-09-20,207.222,2.2350000000000136
2002-09-27,208.421,1.1989999999999839
2002-10-04,205.28,-3.140999999999991
2002-10-11,198.979,-6.300999999999988
2002-10-18,195.357,-3.622000000000014
2002-10-25,194.311,-1.0459999999999923
2002-11-01,192.146,-2.1650000000000205
2002-11-08,194.044,1.8980000000000246
2002-11-15,193.499,-0.5450000000000159
2002-11-22,197.419,3.920000000000016
2002-11-29,199.962,2.542999999999978
2002-12-06,203.24,3.27800000000002
2002-12-13,203.149,-0.09100000000000819
2002-12-20,205.37,2.2210000000000036
2002-12-27,204.956,-0.4140000000000157
2003-01-03,209.828,4.872000000000014
2003-01-10,215.582,5.753999999999991
2003-01-17,216.27,0.6880000000000166
2003-01-24,212.98,-3.2900000000000205
2003-01-31,209.613,-3.3669999999999902
2003-02-07,212.649,3.0360000000000014
2003-02-14,211.206,-1.443000000000012
2003-02-21,208.095,-3.11099999999999
2003-02-28,206.086,-2.008999999999986
2003-03-07,202.008,-4.078000000000003
2003-03-14,201.083,-0.9250000000000114
2003-03-21,198.977,-2.1059999999999945
2003-03-28,200.721,1.7439999999999998
2003-04-04,202.182,1.4609999999999843
2003-04-11,201.947,-0.23499999999998522
2003-04-18,201.174,-0.7729999999999961
2003-04-25,205.592,4.418000000000006
2003-05-02,207.794,2.201999999999998
2003-05-09,208.644,0.8499999999999943
2003-05-16,208.377,-0.2669999999999959
2003-05-23,205.034,-3.3430000000000177
2003-05-30,207.281,2.247000000000014
2003-06-06,209.853,2.5720000000000027
2003-06-13,209.124,-0.7290000000000134
2003-06-20,208.204,-0.9199999999999875
2003-06-27,204.96,-3.2439999999999998
2003-07-04,205.486,0.525999999999982
2003-07-11,209.422,3.936000000000007
2003-07-18,207.82,-1.6020000000000039
2003-07-25,204.496,-3.323999999999984
2003-08-01,201.784,-2.7120000000000175
2003-08-08,198.147,-3.6370000000000005
2003-08-15,196.85,-1.296999999999997
2003-08-22,191.179,-5.670999999999992
2003-08-29,191.898,0.7189999999999941
2003-09-05,192.579,0.6810000000000116
2003-09-12,195.322,2.742999999999995
2003-09-19,196.822,1.5
2003-09-26,199.174,2.352000000000004
2003-10-03,197.986,-1.1880000000000166
2003-10-10,194.579,-3.4069999999999823
2003-10-17,195.986,1.4069999999999823
2003-10-24,193.809,-2.1769999999999925
2003-10-31,191.334,-2.4749999999999943
2003-11-07,192.267,0.9329999999999927
2003-11-14,192.194,-0.0730000000000075
2003-11-21,193.653,1.4590000000000032
2003-11-28,197.11,3.457000000000022
2003-12-05,200.472,3.3619999999999948
2003-12-12,202.377,1.9050000000000011
2003-12-19,202.987,0.6099999999999852
2003-12-26,203.619,0.632000000000005
2004-01-02,206.308,2.688999999999993
2004-01-09,208.416,2.108000000000004
2004-01-16,209.484,1.068000000000012
2004-01-23,206.04,-3.444000000000017
2004-01-30,205.593,-0.44700000000000273
2004-02-06,204.417,-1.1759999999999877
2004-02-13,205.023,0.6059999999999945
2004-02-20,203.378,-1.6450000000000102
2004-02-27,202.014,-1.363999999999976
2004-03-05,200.42,-1.5940000000000225
2004-03-12,199.626,-0.7939999999999827
2004-03-19,199.523,-0.10300000000000864
2004-03-26,200.885,1.3619999999999948
2004-04-02,200.057,-0.828000000000003
2004-04-09,197.451,-2.6059999999999945
2004-04-16,199.083,1.632000000000005
2004-04-23,199.958,0.875
2004-04-30,203.996,4.038000000000011
2004-05-07,202.45,-1.5460000000000207
2004-05-14,203.674,1.224000000000018
2004-05-21,203.017,-0.6570000000000107
2004-05-28,204.279,1.2620000000000005
2004-06-04,206.432,2.1529999999999916
2004-06-11,205.943,-0.4889999999999759
2004-06-18,205.134,-0.8090000000000259
2004-06-25,205.148,0.014000000000010004
2004-07-02,206.108,0.960000000000008
2004-07-09,205.903,-0.2050000000000125
2004-07-16,208.42,2.516999999999996
2004-07-23,207.651,-0.768999999999977
2004-07-30,210.108,2.4569999999999936
2004-08-06,208.296,-1.8120000000000118
2004-08-13,205.742,-2.554000000000002
2004-08-20,205.743,0.0010000000000047748
2004-08-27,206.552,0.8089999999999975
2004-09-03,204.073,-2.478999999999985
2004-09-10,202.493,-1.5800000000000125
2004-09-17,199.654,-2.8389999999999986
2004-09-24,198.846,-0.8079999999999927
2004-10-01,199.429,0.5829999999999984
2004-10-08,200.616,1.1870000000000118
2004-10-15,199.883,-0.7330000000000041
2004-10-22,201.163,1.2800000000000011
2004-10-29,201.677,0.5139999999999816
2004-11-05,201.27,-0.40699999999998226
2004-11-12,200.879,-0.39100000000001955
2004-11-19,202.741,1.8620000000000232
2004-11-26,205.741,3.0
2004-12-03,208.096,2.3549999999999898
2004-12-10,209.616,1.5200000000000102
2004-12-17,211.381,1.7649999999999864
2004-12-24,212.251,0.8700000000000045
2004-12-31,214.327,2.0759999999999934
2005-01-07,215.333,1.0060000000000002
2005-01-14,216.969,1.6359999999999957
2005-01-21,214.712,-2.257000000000005
2005-01-28,216.342,1.6300000000000239
2005-02-04,216.757,0.41499999999999204
2005-02-11,221.678,4.920999999999992
2005-02-18,223.51,1.8319999999999936
2005-02-25,224.483,0.9730000000000132
2005-03-04,224.282,-0.2009999999999934
2005-03-11,221.352,-2.930000000000007
2005-03-18,217.293,-4.0589999999999975
2005-03-25,214.358,-2.9350000000000023
2005-04-01,212.252,-2.1059999999999945
2005-04-08,213.1,0.8479999999999848
2005-04-15,211.636,-1.4639999999999986
2005-04-22,211.306,-0.3299999999999841
2005-04-29,213.507,2.2009999999999934
2005-05-06,213.694,0.1869999999999834
2005-05-13,214.765,1.070999999999998
2005-05-20,215.374,0.6090000000000089
2005-05-27,216.678,1.304000000000002
2005-06-03,216.647,-0.03100000000000591
2005-06-10,215.742,-0.9050000000000011
2005-06-17,215.939,0.19700000000000273
2005-06-24,216.24,0.30100000000001614
2005-07-01,215.266,-0.974000000000018
2005-07-08,212.641,-2.625
2005-07-15,211.322,-1.3189999999999884
2005-07-22,209.194,-2.1280000000000143
2005-07-29,205.177,-4.016999999999996
2005-08-05,203.091,-2.0859999999999843
2005-08-12,198.122,-4.968999999999994
2005-08-19,194.877,-3.2450000000000045
2005-08-26,194.369,-0.5080000000000098
2005-09-02,190.067,-4.3019999999999925
2005-09-09,191.959,1.891999999999996
2005-09-16,195.431,3.4720000000000084
2005-09-23,199.831,4.399999999999977
2005-09-30,195.454,-4.376999999999981
2005-10-07,192.803,-2.6510000000000105
2005-10-14,195.71,2.9070000000000107
2005-10-21,195.869,0.15899999999999181
2005-10-28,196.904,1.0349999999999966
2005-11-04,201.127,4.223000000000013
2005-11-11,200.175,-0.9519999999999982
2005-11-18,200.413,0.23799999999999955
2005-11-25,199.868,-0.5450000000000159
2005-12-02,202.609,2.741000000000014
2005-12-09,204.375,1.7659999999999911
2005-12-16,204.074,-0.3009999999999877
2005-12-23,202.853,-1.2210000000000036
2005-12-30,204.259,1.4059999999999775
2006-01-06,208.778,4.5190000000000055
2006-01-13,211.635,2.8569999999999993
2006-01-20,214.763,3.1280000000000143
2006-01-27,219.044,4.281000000000006
2006-02-03,223.344,4.299999999999983
2006-02-10,225.459,2.115000000000009
2006-02-17,225.648,0.18899999999999295
2006-02-24,225.867,0.2189999999999941
2006-03-03,224.765,-1.1020000000000039
2006-03-10,223.884,-0.8810000000000002
2006-03-17,221.563,-2.320999999999998
2006-03-24,216.226,-5.336999999999989
2006-03-31,211.782,-4.443999999999988
2006-04-07,207.927,-3.855000000000018
2006-04-14,202.482,-5.444999999999993
2006-04-21,200.594,-1.8880000000000052
2006-04-28,202.708,2.1140000000000043
2006-05-05,205.05,2.342000000000013
2006-05-12,206.375,1.3249999999999886
2006-05-19,208.483,2.108000000000004
2006-05-26,209.277,0.7939999999999827
2006-06-02,210.331,1.054000000000002
2006-06-09,213.146,2.8149999999999977
2006-06-16,213.44,0.29400000000001114
2006-06-23,212.35,-1.0900000000000034
2006-06-30,213.077,0.7270000000000039
2006-07-07,212.651,-0.4259999999999877
2006-07-14,214.194,1.542999999999978
2006-07-21,211.03,-3.1639999999999873
2006-07-28,210.868,-0.16200000000000614
2006-08-04,207.659,-3.209000000000003
2006-08-11,205.393,-2.265999999999991
2006-08-18,205.795,0.4019999999999868
2006-08-25,206.162,0.36700000000001864
2006-09-01,206.88,0.7179999999999893
2006-09-08,206.994,0.11400000000000432
2006-09-15,207.554,0.5600000000000023
2006-09-22,213.899,6.344999999999999
2006-09-29,215.052,1.1529999999999916
2006-10-06,215.397,0.34499999999999886
2006-10-13,210.175,-5.22199999999998
2006-10-20,207.416,-2.7590000000000146
2006-10-27,204.617,-2.7990000000000066
2006-11-03,204.033,-0.5840000000000032
2006-11-10,200.252,-3.7809999999999775
2006-11-17,201.658,1.4059999999999775
2006-11-24,201.069,-0.5889999999999986
2006-12-01,200.031,-1.0379999999999825
2006-12-08,199.857,-0.1740000000000066
2006-12-15,200.915,1.0579999999999927
2006-12-22,203.853,2.9380000000000166
2006-12-29,209.532,5.679000000000002
2007-01-05,213.295,3.762999999999977
2007-01-12,216.786,3.491000000000014
2007-01-19,220.795,4.008999999999986
2007-01-26,224.614,3.819000000000017
2007-02-02,227.214,2.5999999999999943
2007-02-09,225.156,-2.0579999999999927
2007-02-16,222.115,-3.040999999999997
2007-02-23,220.175,-1.9399999999999977
2007-03-02,216.425,-3.75
2007-03-09,213.939,-2.4860000000000184
2007-03-16,210.489,-3.4499999999999886
2007-03-23,210.231,-0.2580000000000098
2007-03-30,205.201,-5.030000000000001
2007-04-06,199.725,-5.475999999999999
2007-04-13,197.007,-2.7179999999999893
2007-04-20,194.214,-2.7930000000000064
2007-04-27,193.099,-1.115000000000009
2007-05-04,193.471,0.3720000000000141
2007-05-11,195.235,1.76400000000001
2007-05-18,196.666,1.4309999999999832
2007-05-25,198.027,1.36099999999999
2007-06-01,201.537,3.5100000000000193
2007-06-08,201.54,0.002999999999985903
2007-06-15,203.331,1.7909999999999968
2007-06-22,202.582,-0.7489999999999952
2007-06-29,204.433,1.850999999999999
2007-07-06,205.576,1.1430000000000007
2007-07-13,203.341,-2.234999999999985
2007-07-20,204.134,0.792999999999978
2007-07-27,204.72,0.5860000000000127
2007-08-03,202.997,-1.7229999999999848
2007-08-10,201.94,-1.0570000000000164
2007-08-17,196.231,-5.709000000000003
2007-08-24,192.564,-3.6670000000000016
2007-08-31,191.083,-1.4809999999999945
2007-09-07,190.417,-0.6659999999999968
2007-09-14,190.834,0.4170000000000016
2007-09-21,191.366,0.5320000000000107
2007-09-28,191.325,-0.04100000000002524
2007-10-05,193.0,1.6750000000000114
2007-10-12,195.768,2.7680000000000007
2007-10-19,193.837,-1.9310000000000116
2007-10-26,195.132,1.295000000000016
2007-11-02,194.313,-0.8190000000000168
2007-11-09,195.027,0.7139999999999986
2007-11-16,195.19,0.16300000000001091
2007-11-23,196.628,1.4379999999999882
2007-11-30,200.623,3.9950000000000045
2007-12-07,202.241,1.6180000000000234
2007-12-14,205.221,2.9799999999999898
2007-12-21,205.857,0.6359999999999957
2007-12-28,207.842,1.9850000000000136
2008-01-04,213.063,5.220999999999975
2008-01-11,215.256,2.193000000000012
2008-01-18,220.341,5.085000000000008
2008-01-25,223.899,3.5579999999999927
2008-02-01,227.487,3.587999999999994
2008-02-08,229.236,1.7489999999999952
2008-02-15,230.264,1.02800000000002
2008-02-22,232.619,2.3549999999999898
2008-02-29,234.276,1.6570000000000107
2008-03-07,235.967,1.6910000000000025
2008-03-14,232.52,-3.4470000000000027
2008-03-21,229.235,-3.2849999999999966
2008-03-28,224.71,-4.525000000000006
2008-04-04,221.268,-3.4420000000000073
2008-04-11,215.751,-5.516999999999996
2008-04-18,212.572,-3.179000000000002
2008-04-25,211.089,-1.483000000000004
2008-05-02,211.883,0.7940000000000111
2008-05-09,210.168,-1.7150000000000034
2008-05-16,209.413,-0.7549999999999955
2008-05-23,206.155,-3.2580000000000098
2008-05-30,209.09,2.9350000000000023
2008-06-06,210.088,0.9979999999999905
2008-06-13,208.91,-1.1779999999999973
2008-06-20,208.757,-0.1529999999999916
2008-06-27,210.857,2.0999999999999943
2008-07-04,211.766,0.9089999999999918
2008-07-11,214.238,2.4720000000000084
2008-07-18,217.085,2.8470000000000084
2008-07-25,213.56,-3.5250000000000057
2008-08-01,209.216,-4.343999999999994
2008-08-08,202.822,-6.3940000000000055
2008-08-15,196.62,-6.201999999999998
2008-08-22,195.441,-1.179000000000002
2008-08-29,194.404,-1.0370000000000061
2008-09-05,187.942,-6.461999999999989
2008-09-12,184.634,-3.308000000000021
2008-09-19,178.739,-5.894999999999982
2008-09-26,179.64,0.900999999999982
2008-10-03,186.815,7.175000000000011
2008-10-10,193.788,6.973000000000013
2008-10-17,196.497,2.709000000000003
2008-10-24,194.99,-1.507000000000005
2008-10-31,196.113,1.1229999999999905
2008-11-07,198.095,1.9819999999999993
2008-11-14,198.634,0.5389999999999873
2008-11-21,200.476,1.842000000000013
2008-11-28,198.942,-1.5339999999999918
2008-12-05,202.664,3.72199999999998
2008-12-12,203.959,1.295000000000016
2008-12-19,207.295,3.3359999999999843
2008-12-26,208.103,0.8080000000000211
2009-01-02,211.437,3.334000000000003
2009-01-09,213.505,2.0679999999999836
2009-01-16,219.98,6.474999999999994
2009-01-23,219.859,-0.1209999999999809
2009-01-30,220.221,0.36199999999999477
2009-02-06,217.559,-2.662000000000006
2009-02-13,218.664,1.1049999999999898
2009-02-20,215.342,-3.3219999999999743
2009-02-27,215.51,0.16799999999997794
2009-03-06,212.517,-2.992999999999995
2009-03-13,215.712,3.194999999999993
2009-03-20,214.568,-1.143999999999977
2009-03-27,216.793,2.2249999999999943
2009-04-03,217.449,0.6560000000000059
2009-04-10,216.505,-0.9440000000000168
2009-04-17,217.307,0.8019999999999925
2009-04-24,212.612,-4.694999999999993
2009-05-01,212.445,-0.1670000000000016
2009-05-08,208.291,-4.153999999999996
2009-05-15,203.954,-4.336999999999989
2009-05-22,203.417,-0.5370000000000061
2009-05-29,203.202,-0.2150000000000034
2009-06-05,201.649,-1.5529999999999973
2009-06-12,205.034,3.384999999999991
2009-06-19,208.905,3.8710000000000093
2009-06-26,211.238,2.3329999999999984
2009-07-03,213.14,1.9019999999999868
2009-07-10,214.578,1.4380000000000166
2009-07-17,215.391,0.8129999999999882
2009-07-24,213.076,-2.3149999999999977
2009-07-31,212.858,-0.2179999999999893
2009-08-07,211.931,-0.9269999999999925
2009-08-14,209.754,-2.177000000000021
2009-08-21,208.054,-1.6999999999999886
2009-08-28,205.085,-2.968999999999994
2009-09-04,207.153,2.0679999999999836
2009-09-11,207.7,0.546999999999997
2009-09-18,213.109,5.40900000000002
2009-09-25,211.452,-1.6570000000000107
2009-10-02,214.389,2.937000000000012
2009-10-09,209.159,-5.230000000000018
2009-10-16,206.945,-2.2139999999999986
2009-10-23,208.564,1.6189999999999998
2009-10-30,208.277,-0.28700000000000614
2009-11-06,210.837,2.5600000000000023
2009-11-13,209.082,-1.7549999999999955
2009-11-20,210.085,1.0030000000000143
2009-11-27,214.081,3.995999999999981
2009-12-04,216.334,2.2530000000000143
2009-12-11,217.213,0.8789999999999907
2009-12-18,216.33,-0.8829999999999814
2009-12-25,215.964,-0.36600000000001387
2010-01-01,219.701,3.7369999999999948
2010-01-08,223.492,3.790999999999997
2010-01-15,227.442,3.950000000000017
2010-01-22,229.427,1.9849999999999852
2010-01-29,228.121,-1.3059999999999832
2010-02-05,230.445,2.323999999999984
2010-02-12,232.065,1.6200000000000045
2010-02-19,231.17,-0.8950000000000102
2010-02-26,231.943,0.7730000000000246
2010-03-05,228.984,-2.959000000000003
2010-03-12,227.274,-1.710000000000008
2010-03-19,224.559,-2.7150000000000034
2010-03-26,224.872,0.3130000000000166
2010-04-02,222.374,-2.498000000000019
2010-04-09,221.338,-1.0360000000000014
2010-04-16,224.925,3.5870000000000175
2010-04-23,223.685,-1.240000000000009
2010-04-30,224.942,1.257000000000005
2010-05-07,222.128,-2.8140000000000214
2010-05-14,221.834,-0.2939999999999827
2010-05-21,221.631,-0.20300000000000296
2010-05-28,218.984,-2.6469999999999914
2010-06-04,218.976,-0.008000000000009777
2010-06-11,218.34,-0.6359999999999957
2010-06-18,217.578,-0.7620000000000005
2010-06-25,218.115,0.5370000000000061
2010-07-02,219.435,1.3199999999999932
2010-07-09,221.036,1.600999999999999
2010-07-16,222.154,1.117999999999995
2010-07-23,222.245,0.09100000000000819
2010-07-30,222.974,0.728999999999985
2010-08-06,223.383,0.40900000000002024
2010-08-13,223.344,-0.03900000000001569
2010-08-20,225.617,2.272999999999996
2010-08-27,225.405,-0.21199999999998909
2010-09-03,225.162,-0.242999999999995
2010-09-10,224.468,-0.6940000000000168
2010-09-17,226.058,1.5900000000000034
2010-09-24,222.589,-3.468999999999994
2010-10-01,219.943,-2.6459999999999866
2010-10-08,218.174,-1.7690000000000055
2010-10-15,219.329,1.1550000000000011
2010-10-22,214.942,-4.3870000000000005
2010-10-29,212.253,-2.6890000000000214
2010-11-05,210.336,-1.9169999999999732
2010-11-12,207.679,-2.6570000000000107
2010-11-19,209.592,1.913000000000011
2010-11-26,210.153,0.5609999999999786
2010-12-03,213.964,3.811000000000007
2010-12-10,214.773,0.8089999999999975
2010-12-17,217.173,2.4000000000000057
2010-12-24,214.857,-2.3160000000000025
2010-12-31,218.146,3.2889999999999873
2011-01-07,223.227,5.081000000000017
2011-01-14,227.67,4.442999999999984
2011-01-21,230.074,2.404000000000025
2011-01-28,236.228,6.153999999999996
2011-02-04,240.891,4.6629999999999825
2011-02-11,241.096,0.2050000000000125
2011-02-18,238.298,-2.798000000000002
2011-02-25,234.708,-3.5900000000000034
2011-03-04,229.214,-5.494
2011-03-11,225.04,-4.174000000000007
2011-03-18,219.72,-5.319999999999993
2011-03-25,217.036,-2.6839999999999975
2011-04-01,216.679,-0.3569999999999993
2011-04-08,209.679,-7.0
2011-04-15,208.096,-1.5829999999999984
2011-04-22,205.588,-2.5080000000000098
2011-04-29,204.542,-1.0459999999999923
2011-05-06,205.817,1.2750000000000057
2011-05-13,205.936,0.11899999999999977
2011-05-20,209.73,3.7939999999999827
2011-05-27,212.283,2.5529999999999973
2011-06-03,214.492,2.209000000000003
2011-06-10,215.065,0.5730000000000075
2011-06-17,214.601,-0.46399999999999864
2011-06-24,213.173,-1.4279999999999973
2011-07-01,212.539,-0.6340000000000146
2011-07-08,211.699,-0.839999999999975
2011-07-15,212.456,0.7569999999999766
2011-07-22,213.478,1.0220000000000198
2011-07-29,215.179,1.7009999999999934
2011-08-05,213.591,-1.5879999999999939
2011-08-12,210.081,-3.5100000000000193
2011-08-19,211.436,1.3550000000000182
2011-08-26,208.641,-2.795000000000016
2011-09-02,208.84,0.19900000000001228
2011-09-09,210.78,1.9399999999999977
2011-09-16,214.075,3.2949999999999875
2011-09-23,214.866,0.7910000000000252
2011-09-30,213.729,-1.1370000000000005
2011-10-07,209.595,-4.1340000000000146
2011-10-14,206.271,-3.3240000000000123
2011-10-21,204.918,-1.3529999999999802
2011-10-28,206.274,1.3559999999999945
2011-11-04,204.167,-2.1069999999999993
2011-11-11,205.159,0.9919999999999902
2011-11-18,209.634,4.474999999999994
2011-11-25,209.847,0.21300000000002228
2011-12-02,214.994,5.146999999999991
2011-12-09,218.818,3.8240000000000123
2011-12-16,218.406,-0.41200000000000614
2011-12-23,217.714,-0.6920000000000073
2011-12-30,220.193,2.4790000000000134
2012-01-06,223.803,3.609999999999985
2012-01-13,227.52,3.717000000000013
2012-01-20,227.13,-0.3900000000000148
2012-01-27,230.147,3.016999999999996
2012-02-03,231.776,1.629000000000019
2012-02-10,232.176,0.39999999999997726
2012-02-17,231.527,-0.6490000000000009
2012-02-24,229.927,-1.5999999999999943
2012-03-02,229.531,-0.3959999999999866
2012-03-09,228.121,-1.4099999999999966
2012-03-16,226.907,-1.2139999999999986
2012-03-23,223.37,-3.537000000000006
2012-03-30,221.913,-1.4569999999999936
2012-04-06,217.636,-4.277000000000015
2012-04-13,213.965,-3.6709999999999923
2012-04-20,211.73,-2.2350000000000136
2012-04-27,209.721,-2.008999999999986
2012-05-04,207.108,-2.6129999999999995
2012-05-11,204.311,-2.796999999999997
2012-05-18,201.012,-3.2990000000000066
2012-05-25,200.179,-0.8329999999999984
2012-06-01,203.525,3.3460000000000036
2012-06-08,201.801,-1.724000000000018
2012-06-15,202.744,0.943000000000012
2012-06-22,204.822,2.078000000000003
2012-06-29,204.973,0.15100000000001046
2012-07-06,207.725,2.751999999999981
2012-07-13,205.91,-1.8149999999999977
2012-07-20,210.044,4.1340000000000146
2012-07-27,207.87,-2.1740000000000066
2012-08-03,206.069,-1.8010000000000161
2012-08-10,203.698,-2.370999999999981
2012-08-17,202.736,-0.9620000000000175
2012-08-24,201.227,-1.5089999999999861
2012-08-31,198.893,-2.334000000000003
2012-09-07,197.716,-1.1769999999999925
2012-09-14,196.309,-1.4070000000000107
2012-09-21,195.828,-0.48099999999999454
2012-09-28,195.942,0.11400000000000432
2012-10-05,195.408,-0.5340000000000202
2012-10-12,197.128,1.7199999999999989
2012-10-19,198.567,1.4390000000000214
2012-10-26,199.502,0.9350000000000023
2012-11-02,202.377,2.875
2012-11-09,201.937,-0.4399999999999977
2012-11-16,200.39,-1.5470000000000255
2012-11-23,204.255,3.865000000000009
2012-11-30,212.115,7.860000000000014
2012-12-07,217.115,5.0
2012-12-14,219.322,2.2069999999999936
2012-12-21,223.104,3.7820000000000107
2012-12-28,225.673,2.5689999999999884
2013-01-04,233.085,7.412000000000006
2013-01-11,234.995,1.9099999999999966
2013-01-18,233.257,-1.7379999999999995
2013-01-25,232.301,-0.9560000000000173
2013-02-01,234.039,1.7379999999999995
2013-02-08,233.236,-0.8029999999999973
2013-02-15,230.352,-2.883999999999986
2013-02-22,228.495,-1.8569999999999993
2013-03-01,227.879,-0.6160000000000139
2013-03-08,224.308,-3.570999999999998
2013-03-15,222.832,-1.475999999999999
2013-03-22,221.236,-1.5960000000000036
2013-03-29,220.664,-0.5720000000000027
2013-04-05,222.363,1.6990000000000123
2013-04-12,221.73,-0.6330000000000098
2013-04-19,217.802,-3.9279999999999973
2013-04-26,215.984,-1.8179999999999836
2013-05-03,215.074,-0.9099999999999966
2013-05-10,217.662,2.587999999999994
2013-05-17,220.677,3.0149999999999864
2013-05-24,219.163,-1.5139999999999816
2013-05-31,218.797,-0.36600000000001387
2013-06-07,221.545,2.7479999999999905
2013-06-14,221.728,0.18300000000002115
2013-06-21,225.381,3.6529999999999916
2013-06-28,223.662,-1.718999999999994
2013-07-05,221.028,-2.6340000000000146
2013-07-12,224.083,3.055000000000007
2013-07-19,222.694,-1.38900000000001
2013-07-26,223.464,0.7700000000000102
2013-08-02,223.599,0.1349999999999909
2013-08-09,222.43,-1.1689999999999827
2013-08-16,218.401,-4.028999999999996
2013-08-23,217.814,-0.5870000000000175
2013-08-30,215.987,-1.8269999999999982
2013-09-06,217.645,1.6580000000000155
2013-09-13,216.018,-1.6270000000000095
2013-09-20,216.235,0.21700000000001296
2013-09-27,219.73,3.494999999999976
2013-10-04,219.879,0.1490000000000009
2013-10-11,217.309,-2.569999999999993
2013-10-18,215.504,-1.8050000000000068
2013-10-25,213.791,-1.7129999999999939
2013-11-01,210.036,-3.7549999999999955
2013-11-08,209.198,-0.8379999999999939
2013-11-15,208.853,-0.34499999999999886
2013-11-22,210.604,1.7510000000000048
2013-11-29,212.432,1.8279999999999745
2013-12-06,219.149,6.717000000000013
2013-12-13,220.486,1.336999999999989
2013-12-20,219.872,-0.6139999999999759
2013-12-27,220.716,0.8439999999999941
2014-01-03,226.959,6.242999999999995
2014-01-10,233.142,6.182999999999993
2014-01-17,235.265,2.1229999999999905
2014-01-24,234.446,-0.8189999999999884
2014-01-31,234.951,0.5049999999999955
2014-02-07,233.098,-1.8529999999999802
2014-02-14,233.407,0.3089999999999975
2014-02-21,230.6,-2.8070000000000164
2014-02-28,228.996,-1.603999999999985
2014-03-07,223.766,-5.230000000000018
2014-03-14,222.299,-1.4669999999999845
2014-03-21,217.198,-5.100999999999999
2014-03-28,215.624,-1.5740000000000123
2014-04-04,210.436,-5.187999999999988
2014-04-11,210.282,-0.15399999999999636
2014-04-18,210.008,-0.2740000000000009
2014-04-25,211.572,1.563999999999993
2014-05-02,213.18,1.608000000000004
2014-05-09,212.408,-0.7720000000000198
2014-05-16,213.378,0.9699999999999989
2014-05-23,211.575,-1.8029999999999973
2014-05-30,211.785,0.21000000000000796
2014-06-06,213.482,1.6970000000000027
2014-06-13,214.267,0.7849999999999966
2014-06-20,214.977,0.710000000000008
2014-06-27,213.742,-1.2350000000000136
2014-07-04,214.321,0.5790000000000077
2014-07-11,214.492,0.17099999999999227
2014-07-18,217.871,3.379000000000019
2014-07-25,218.236,0.3649999999999807
2014-08-01,213.849,-4.3870000000000005
2014-08-08,212.689,-1.1599999999999966
2014-08-15,213.274,0.585000000000008
2014-08-22,212.314,-0.960000000000008
2014-08-29,209.992,-2.3220000000000027
2014-09-05,212.373,2.3810000000000002
2014-09-12,210.738,-1.634999999999991
2014-09-19,210.324,-0.41399999999998727
2014-09-26,208.488,-1.8360000000000127
2014-10-03,209.668,1.1800000000000068
2014-10-10,205.673,-3.9950000000000045
2014-10-17,204.374,-1.2990000000000066
2014-10-24,203.138,-1.23599999999999
2014-10-31,201.76,-1.3780000000000143
2014-11-07,203.565,1.8050000000000068
2014-11-14,204.599,1.0339999999999918
2014-11-21,206.424,1.825000000000017
2014-11-28,208.567,2.1430000000000007
2014-12-05,216.764,8.197000000000003
2014-12-12,222.014,5.25
2014-12-19,226.097,4.082999999999998
2014-12-26,229.048,2.9509999999999934
2015-01-02,237.163,8.115000000000009
2015-01-09,240.334,3.1709999999999923
2015-01-16,240.922,0.5879999999999939
2015-01-23,238.335,-2.586999999999989
2015-01-30,240.67,2.3349999999999795
2015-02-06,242.647,1.9770000000000039
2015-02-13,243.132,0.48500000000001364
2015-02-20,240.014,-3.117999999999995
2015-02-27,240.06,0.04599999999999227
2015-03-06,239.873,-0.18700000000001182
2015-03-13,235.4,-4.472999999999985
2015-03-20,233.386,-2.01400000000001
2015-03-27,229.128,-4.25800000000001
2015-04-03,229.945,0.8170000000000073
2015-04-10,227.873,-2.0720000000000027
2015-04-17,225.738,-2.134999999999991
2015-04-24,227.451,1.7129999999999939
2015-05-01,227.852,0.40100000000001046
2015-05-08,226.71,-1.141999999999996
2015-05-15,223.936,-2.774000000000001
2015-05-22,220.627,-3.3089999999999975
2015-05-29,220.293,-0.3340000000000032
2015-06-05,217.354,-2.938999999999993
2015-06-12,217.814,0.45999999999997954
2015-06-19,218.494,0.6800000000000068
2015-06-26,216.737,-1.757000000000005
2015-07-03,217.952,1.2150000000000034
2015-07-10,218.01,0.057999999999992724
2015-07-17,216.285,-1.7249999999999943
2015-07-24,215.922,-0.36299999999999955
2015-07-31,216.733,0.811000000000007
2015-08-07,215.482,-1.2510000000000048
2015-08-14,212.774,-2.7079999999999984
2015-08-21,214.434,1.6599999999999966
2015-08-28,214.163,-0.2709999999999866
2015-09-04,214.547,0.38399999999998613
2015-09-11,217.387,2.8400000000000034
2015-09-18,218.756,1.3689999999999998
2015-09-25,222.01,3.2539999999999907
2015-10-02,223.92,1.9099999999999966
2015-10-09,221.302,-2.617999999999995
2015-10-16,219.784,-1.5180000000000007
2015-10-23,218.647,-1.1370000000000005
2015-10-30,215.347,-3.299999999999983
2015-11-06,213.245,-2.102000000000004
2015-11-13,214.254,1.0089999999999861
2015-11-20,216.732,2.4780000000000086
2015-11-27,216.867,0.1349999999999909
2015-12-04,217.653,0.7860000000000014
2015-12-11,219.384,1.7309999999999945
2015-12-18,220.495,1.1110000000000184
2015-12-25,221.42,0.924999999999983
2016-01-01,231.996,10.576000000000022
2016-01-08,240.434,8.437999999999988
2016-01-15,244.997,4.563000000000017
2016-01-22,248.461,3.4639999999999986
2016-01-29,254.399,5.937999999999988
2016-02-05,255.657,1.2580000000000098
2016-02-12,258.693,3.035999999999973
2016-02-19,256.457,-2.23599999999999
2016-02-26,254.989,-1.4679999999999893
2016-03-04,250.463,-4.5260000000000105
2016-03-11,249.716,-0.7469999999999857
2016-03-18,245.074,-4.641999999999996
2016-03-25,242.56,-2.51400000000001
2016-04-01,243.998,1.4379999999999882
2016-04-08,239.761,-4.236999999999995
2016-04-15,239.651,-0.10999999999998522
2016-04-22,241.259,1.6079999999999757
2016-04-29,241.795,0.5360000000000014
2016-05-06,240.564,-1.2309999999999945
2016-05-13,238.068,-2.495999999999981
2016-05-20,240.111,2.042999999999978
2016-05-27,238.619,-1.4919999999999902
2016-06-03,239.629,1.009999999999991
2016-06-10,237.004,-2.625
2016-06-17,237.631,0.6270000000000095
2016-06-24,238.998,1.3669999999999902
2016-07-01,238.876,-0.12199999999998568
2016-07-08,240.089,1.2129999999999939
2016-07-15,241.0,0.9110000000000014
2016-07-22,241.452,0.4519999999999982
2016-07-29,238.19,-3.2620000000000005
2016-08-05,235.383,-2.806999999999988
2016-08-12,232.659,-2.724000000000018
2016-08-19,232.695,0.036000000000001364
2016-08-26,232.004,-0.6910000000000025
2016-09-02,227.793,-4.210999999999984
2016-09-09,228.36,0.5670000000000073
2016-09-16,225.156,-3.2040000000000077
2016-09-23,227.183,2.026999999999987
2016-09-30,227.405,0.2220000000000084
2016-10-07,225.498,-1.9070000000000107
2016-10-14,227.967,2.4690000000000225
2016-10-21,226.011,-1.9560000000000173
2016-10-28,223.804,-2.2069999999999936
2016-11-04,220.963,-2.841000000000008
2016-11-11,221.709,0.7460000000000093
2016-11-18,224.026,2.3170000000000073
2016-11-25,226.123,2.09699999999998
2016-12-02,229.548,3.4250000000000114
2016-12-09,230.045,0.4969999999999857
2016-12-16,228.736,-1.3089999999999975
2016-12-23,227.143,-1.5929999999999893
2016-12-30,235.45,8.306999999999988
2017-01-06,240.473,5.023000000000025
2017-01-13,246.424,5.950999999999993
2017-01-20,253.22,6.795999999999992
2017-01-27,257.086,3.866000000000014
2017-02-03,256.217,-0.8690000000000282
2017-02-10,259.063,2.8460000000000036
2017-02-17,256.435,-2.627999999999986
2017-02-24,255.889,-0.5459999999999923
2017-03-03,249.334,-6.555000000000007
2017-03-10,246.279,-3.055000000000007
2017-03-17,243.468,-2.811000000000007
2017-03-24,239.721,-3.7469999999999857
2017-03-31,239.103,-0.617999999999995
2017-04-07,236.13,-2.973000000000013
2017-04-14,237.672,1.5420000000000016
2017-04-21,241.041,3.3689999999999998
2017-04-28,241.232,0.1910000000000025
2017-05-05,241.082,-0.15000000000000568
2017-05-12,240.669,-0.4129999999999825
2017-05-19,239.882,-0.7870000000000061
2017-05-26,237.024,-2.858000000000004
2017-06-02,240.348,3.3240000000000123
2017-06-09,242.444,2.095999999999975
2017-06-16,241.866,-0.5779999999999745
2017-06-23,240.972,-0.8940000000000055
2017-06-30,237.303,-3.669000000000011
2017-07-07,235.656,-1.6469999999999914
2017-07-14,231.211,-4.444999999999993
2017-07-21,230.196,-1.0150000000000148
2017-07-28,227.679,-2.516999999999996
2017-08-04,231.103,3.4240000000000066
2017-08-11,231.125,0.02199999999999136
2017-08-18,229.902,-1.2230000000000132
2017-08-25,229.937,0.03500000000002501
2017-09-01,226.738,-3.1990000000000123
2017-09-08,218.31,-8.427999999999997
2017-09-15,216.185,-2.125
2017-09-22,217.292,1.1069999999999993
2017-09-29,218.936,1.6440000000000055
2017-10-06,221.426,2.4899999999999807
2017-10-13,222.334,0.9080000000000155
2017-10-20,216.869,-5.465000000000003
2017-10-27,212.849,-4.02000000000001
2017-11-03,209.537,-3.3119999999999834
2017-11-10,210.431,0.8940000000000055
2017-11-17,210.475,0.04399999999998272
2017-11-24,214.102,3.6270000000000095
2017-12-01,220.882,6.780000000000001
2017-12-08,226.546,5.663999999999987
2017-12-15,227.783,1.2369999999999948
2017-12-22,228.374,0.5910000000000082
2017-12-29,233.187,4.813000000000017
2018-01-05,237.322,4.134999999999991
2018-01-12,240.942,3.6200000000000045
2018-01-19,244.04,3.0979999999999848
2018-01-26,242.06,-1.9799999999999898
2018-02-02,245.474,3.4139999999999873
2018-02-09,249.073,3.599000000000018
2018-02-16,249.334,0.2609999999999957
2018-02-23,251.817,2.483000000000004
2018-03-02,251.029,-0.7880000000000109
2018-03-09,244.758,-6.270999999999987
2018-03-16,243.065,-1.693000000000012
2018-03-23,239.593,-3.4720000000000084
2018-03-30,238.477,-1.1159999999999854
2018-04-06,238.935,0.4579999999999984
2018-04-13,235.967,-2.9679999999999893
2018-04-20,236.807,0.839999999999975
2018-04-27,237.978,1.1710000000000207
2018-05-04,235.804,-2.1740000000000066
2018-05-11,232.014,-3.789999999999992
2018-05-18,233.897,1.8829999999999814
2018-05-25,234.431,0.5340000000000202
2018-06-01,239.034,4.60299999999998
2018-06-08,236.763,-2.2709999999999866
2018-06-15,240.04,3.276999999999987
2018-06-22,241.196,1.156000000000006
2018-06-29,239.691,-1.5049999999999955
2018-07-06,238.997,-0.6939999999999884
2018-07-13,235.832,-3.1650000000000205
2018-07-20,233.504,-2.328000000000003
2018-07-27,230.968,-2.5360000000000014
2018-08-03,233.868,2.9000000000000057
2018-08-10,233.128,-0.7400000000000091
2018-08-17,234.328,1.200000000000017
2018-08-24,232.774,-1.554000000000002
2018-08-31,234.619,1.8449999999999989
2018-09-07,235.869,1.25
2018-09-14,234.15,-1.718999999999994
2018-09-21,235.68,1.5300000000000011
2018-09-28,235.221,-0.4590000000000032
2018-10-05,236.172,0.9509999999999934
2018-10-12,234.156,-2.015999999999991
2018-10-19,229.33,-4.825999999999993
2018-10-26,226.169,-3.1610000000000014
2018-11-02,228.021,1.8519999999999754
2018-11-09,226.61,-1.410999999999973
2018-11-16,225.315,-1.295000000000016
2018-11-23,224.551,-0.76400000000001
2018-11-30,226.25,1.6990000000000123
2018-12-07,228.337,2.086999999999989
2018-12-14,230.103,1.7660000000000196
2018-12-21,233.106,3.002999999999986
2018-12-28,239.996,6.890000000000015
2019-01-04,248.062,8.066000000000003
2019-01-11,255.565,7.502999999999986
2019-01-18,259.615,4.050000000000011
2019-01-25,257.38,-2.2350000000000136
2019-02-01,257.893,0.5129999999999768
2019-02-08,258.301,0.40800000000001546
2019-02-15,256.847,-1.4540000000000077
2019-02-22,254.941,-1.9059999999999775
2019-03-01,250.714,-4.227000000000004
2019-03-08,246.09,-4.623999999999995
2019-03-15,241.503,-4.5870000000000175
2019-03-22,238.62,-2.8829999999999814
2019-03-29,236.839,-1.781000000000006
2019-04-05,229.129,-7.710000000000008
2019-04-12,227.955,-1.1739999999999782
2019-04-19,225.826,-2.129000000000019
2019-04-26,226.743,0.9170000000000016
2019-05-03,226.147,-0.5960000000000036
2019-05-10,225.024,-1.1229999999999905
2019-05-17,228.74,3.716000000000008
2019-05-24,230.944,2.2039999999999793
2019-05-31,234.149,3.2050000000000125
2019-06-07,234.913,0.76400000000001
2019-06-14,233.221,-1.6920000000000073
2019-06-21,232.225,-0.9960000000000093
2019-06-28,230.642,-1.5829999999999984
2019-07-05,229.187,-1.454999999999984
2019-07-12,232.752,3.5649999999999977
2019-07-19,232.526,-0.2259999999999991
2019-07-26,230.735,-1.7909999999999968
2019-08-02,235.172,4.436999999999983
2019-08-09,233.76,-1.4120000000000061
2019-08-16,234.072,0.3120000000000118
2019-08-23,231.982,-2.0900000000000034
2019-08-30,229.586,-2.3959999999999866
2019-09-06,228.904,-0.6820000000000164
2019-09-13,229.685,0.7810000000000059
2019-09-20,230.204,0.5190000000000055
2019-09-27,229.976,-0.22800000000000864
2019-10-04,228.763,-1.2129999999999939
2019-10-11,226.201,-2.562000000000012
2019-10-18,223.094,-3.1069999999999993
2019-10-25,220.057,-3.037000000000006
2019-11-01,217.229,-2.8279999999999745
2019-11-08,219.09,1.86099999999999
2019-11-15,220.846,1.7560000000000002
2019-11-22,225.978,5.132000000000005
2019-11-29,229.363,3.384999999999991
2019-12-06,234.768,5.405000000000001
2019-12-13,237.297,2.5289999999999964
2019-12-20,239.26,1.9629999999999939
2019-12-27,242.472,3.2120000000000175
2020-01-03,251.609,9.137
2020-01-10,258.287,6.677999999999969
2020-01-17,260.032,1.7450000000000045
2020-01-24,261.235,1.2030000000000314
2020-01-31,261.144,-0.09100000000000819
2020-02-07,261.049,-0.09500000000002728
2020-02-14,259.078,-1.9710000000000036
2020-02-21,256.387,-2.690999999999974
2020-02-28,252.048,-4.338999999999999
2020-03-06,246.999,-5.049000000000007
2020-03-13,240.819,-6.180000000000007
2020-03-20,239.282,-1.5369999999999777
2020-03-27,246.806,7.524000000000001
2020-04-03,257.303,10.496999999999986
2020-04-10,262.217,4.913999999999987
2020-04-17,263.234,1.016999999999996
2020-04-24,259.565,-3.6689999999999827
2020-05-01,256.407,-3.1580000000000155
2020-05-08,252.894,-3.512999999999977
2020-05-15,255.724,2.829999999999984
2020-05-22,255.0,-0.7239999999999895
2020-05-29,257.795,2.795000000000016
2020-06-05,258.661,0.8659999999999854
2020-06-12,256.995,-1.6659999999999968
2020-06-19,255.322,-1.6730000000000018
2020-06-26,256.521,1.1990000000000123
2020-07-03,251.682,-4.839000000000027
2020-07-10,248.535,-3.1469999999999914
2020-07-17,246.733,-1.8019999999999925
2020-07-24,247.387,0.6539999999999964
2020-07-31,247.806,0.41900000000001114
2020-08-07,247.084,-0.7220000000000084
2020-08-14,243.762,-3.3220000000000027
2020-08-21,239.179,-4.582999999999998
2020-08-28,234.859,-4.319999999999993
2020-09-04,231.905,-2.9540000000000077
2020-09-11,231.524,-0.3810000000000002
2020-09-18,227.499,-4.025000000000006
2020-09-25,228.182,0.6829999999999927
2020-10-02,226.747,-1.4349999999999739
2020-10-09,225.121,-1.6260000000000048
2020-10-16,227.016,1.8949999999999818
2020-10-23,226.124,-0.8919999999999959
2020-10-30,227.665,1.5409999999999968
2020-11-06,225.356,-2.3089999999999975
2020-11-13,227.967,2.6110000000000184
2020-11-20,230.147,2.1799999999999784
2020-11-27,233.638,3.491000000000014
2020-12-04,237.859,4.221000000000004
2020-12-11,238.879,1.0199999999999818
2020-12-18,237.754,-1.125
2020-12-25,236.562,-1.1919999999999789
2021-01-01,241.081,4.518999999999977
2021-01-08,245.476,4.39500000000001
2021-01-15,245.217,-0.25899999999998613
2021-01-22,247.686,2.468999999999994
2021-01-29,252.153,4.4669999999999845
2021-02-05,256.412,4.258999999999986
2021-02-12,257.084,0.6720000000000255
2021-02-19,257.096,0.012000000000000455
2021-02-26,243.472,-13.623999999999995
2021-03-05,231.603,-11.869
2021-03-12,232.075,0.47199999999998
2021-03-19,232.279,0.20400000000000773
2021-03-26,230.544,-1.7349999999999852
2021-04-02,234.588,4.043999999999983
2021-04-09,234.897,0.3089999999999975
2021-04-16,234.982,0.08500000000000796
2021-04-23,235.074,0.09200000000001296
2021-04-30,235.811,0.7369999999999948
2021-05-07,236.189,0.3779999999999859
2021-05-14,234.226,-1.9629999999999939
2021-05-21,232.481,-1.7450000000000045
2021-05-28,233.98,1.4989999999999952
2021-06-04,241.026,7.046000000000021
2021-06-11,242.98,1.9539999999999793
2021-06-18,240.05,-2.9299999999999784
2021-06-25,241.572,1.5219999999999914
2021-07-02,235.497,-6.074999999999989
2021-07-09,236.535,1.0379999999999825
2021-07-16,236.414,-0.12100000000000932
2021-07-23,234.161,-2.252999999999986
2021-07-30,228.87,-5.290999999999997
2021-08-06,227.469,-1.4010000000000105
2021-08-13,228.165,0.695999999999998
2021-08-20,225.924,-2.2409999999999854
2021-08-27,227.214,1.289999999999992
2021-09-03,219.999,-7.215000000000003
2021-09-10,218.142,-1.8569999999999993
2021-09-17,221.616,3.474000000000018
2021-09-24,221.809,0.19299999999998363
2021-10-01,225.065,3.2560000000000002
2021-10-08,223.107,-1.9579999999999984
2021-10-15,217.739,-5.367999999999995
2021-10-22,215.746,-1.992999999999995
2021-10-29,214.258,-1.4879999999999995
2021-11-05,212.703,-1.5550000000000068
2021-11-12,211.996,-0.7069999999999936
2021-11-19,211.393,-0.6030000000000086
2021-11-26,215.422,4.028999999999996
2021-12-03,219.304,3.882000000000005
2021-12-10,218.585,-0.7189999999999941
2021-12-17,224.118,5.532999999999987
2021-12-24,222.659,-1.4590000000000032
2021-12-31,232.787,10.128000000000014
2022-01-07,240.748,7.960999999999984
2022-01-14,246.621,5.873000000000019
2022-01-21,247.918,1.296999999999997
2022-01-28,250.037,2.1189999999999998
2022-02-04,248.393,-1.6440000000000055
2022-02-11,247.061,-1.3319999999999936
2022-02-18,246.479,-0.5819999999999936
2022-02-25,246.011,-0.46800000000001774
2022-03-04,244.606,-1.4050000000000011
2022-03-11,240.991,-3.6149999999999807
2022-03-18,238.043,-2.9480000000000075
2022-03-25,238.828,0.7849999999999966
2022-04-01,236.787,-2.040999999999997
2022-04-08,233.139,-3.647999999999996
2022-04-15,232.378,-0.7610000000000241
2022-04-22,230.805,-1.572999999999979
2022-04-29,228.575,-2.230000000000018
2022-05-06,224.968,-3.6069999999999993
2022-05-13,220.189,-4.778999999999996
2022-05-20,219.707,-0.4819999999999993
2022-05-27,218.996,-0.7109999999999843
2022-06-03,218.184,-0.8120000000000118
2022-06-10,217.474,-0.710000000000008
2022-06-17,218.963,1.4890000000000043
2022-06-24,221.608,2.6450000000000102
2022-07-01,219.112,-2.4960000000000093
2022-07-08,224.937,5.825000000000017
2022-07-15,228.435,3.4979999999999905
2022-07-22,225.131,-3.304000000000002
2022-07-29,225.294,0.16300000000001091
2022-08-05,220.316,-4.978000000000009
2022-08-12,215.674,-4.641999999999996
2022-08-19,215.647,-0.027000000000015234
2022-08-26,214.475,-1.171999999999997
2022-09-02,214.808,0.3329999999999984
2022-09-09,213.04,-1.7680000000000007
2022-09-16,214.61,1.5700000000000216
2022-09-23,212.188,-2.4220000000000255
2022-09-30,207.46,-4.72799999999998
2022-10-07,209.482,2.0219999999999914
2022-10-14,209.368,-0.11400000000000432
2022-10-21,207.89,-1.4780000000000086
2022-10-28,206.633,-1.2569999999999766
2022-11-04,205.733,-0.9000000000000057
2022-11-11,207.94,2.2069999999999936
2022-11-18,210.998,3.0579999999999927
2022-11-25,213.768,2.7700000000000102
2022-12-02,219.087,5.318999999999988
2022-12-09,223.583,4.496000000000009
2022-12-16,226.113,2.530000000000001
2022-12-23,223.008,-3.1049999999999898
2022-12-30,222.662,-0.34600000000000364
2023-01-06,226.776,4.114000000000004
2023-01-13,230.259,3.4829999999999757
2023-01-20,232.022,1.7630000000000052
2023-01-27,234.598,2.576000000000022
2023-02-03,239.606,5.007999999999981
2023-02-10,241.922,2.3160000000000025
2023-02-17,240.066,-1.8559999999999945
2023-02-24,239.192,-0.8739999999999952
2023-03-03,238.058,-1.1340000000000146
2023-03-10,235.997,-2.0609999999999786
2023-03-17,229.598,-6.399000000000001
2023-03-24,226.694,-2.904000000000025
2023-03-31,222.575,-4.119
2023-04-07,222.245,-0.3299999999999841
2023-04-14,223.544,1.2990000000000066
2023-04-21,221.136,-2.4080000000000155
2023-04-28,222.878,1.7419999999999902
2023-05-05,219.711,-3.166999999999973
2023-05-12,218.33,-1.3810000000000002
2023-05-19,216.277,-2.0530000000000257
2023-05-26,216.07,-0.20699999999999363
2023-06-02,218.815,2.7450000000000045
2023-06-09,220.923,2.108000000000004
2023-06-16,221.402,0.478999999999985
2023-06-23,222.005,0.6030000000000086
2023-06-30,219.456,-2.5490000000000066
2023-07-07,219.452,-0.003999999999990678
2023-07-14,218.386,-1.0660000000000025
2023-07-21,217.6,-0.7860000000000014
2023-07-28,219.081,1.4809999999999945
2023-08-04,216.42,-2.6610000000000014
2023-08-11,216.158,-0.26200000000000045
2023-08-18,217.626,1.4680000000000177
2023-08-25,217.412,-0.21399999999999864
2023-09-01,214.746,-2.665999999999997
2023-09-08,220.307,5.560999999999979
2023-09-15,219.476,-0.8309999999999889
2023-09-22,220.503,1.0269999999999868
2023-09-29,226.984,6.481000000000023
2023-10-06,225.671,-1.3130000000000166
2023-10-13,223.301,-2.3700000000000045
2023-10-20,223.457,0.1560000000000059
2023-10-27,223.522,0.06499999999999773
2023-11-03,217.21,-6.311999999999983
2023-11-10,215.67,-1.5400000000000205
2023-11-17,216.42,0.75
2023-11-24,218.184,1.76400000000001
2023-12-01,223.604,5.420000000000016
2023-12-08,224.013,0.4089999999999918
2023-12-15,226.723,2.710000000000008
2023-12-22,226.054,-0.6690000000000111
2023-12-29,236.954,10.900000000000006
2024-01-05,244.982,8.027999999999992
2024-01-12,248.065,3.0829999999999984
2024-01-19,252.977,4.912000000000006
2024-01-26,254.134,1.1569999999999823
2024-02-02,250.988,-3.1459999999999866
2024-02-09,247.33,-3.657999999999987
2024-02-16,247.037,-0.29300000000000637
2024-02-23,244.205,-2.8319999999999936
2024-03-01,239.745,-4.460000000000008
2024-03-08,234.083,-5.662000000000006
2024-03-15,230.773,-3.3100000000000023
2024-03-22,232.072,1.2990000000000066
2024-03-29,227.816,-4.256
2024-04-05,228.531,0.7150000000000034
2024-04-12,227.377,-1.1539999999999964
2024-04-19,226.743,-0.6340000000000146
2024-04-26,227.087,0.3439999999999941
2024-05-03,228.002,0.9150000000000205
2024-05-10,227.767,-0.23500000000001364
2024-05-17,226.822,-0.9449999999999932
2024-05-24,228.844,2.0219999999999914
2024-05-31,230.946,2.102000000000004
2024-06-07,233.512,2.5660000000000025
2024-06-14,231.232,-2.280000000000001
2024-06-21,233.886,2.6539999999999964
2024-06-28,231.672,-2.2139999999999986
2024-07-05,229.666,-2.0060000000000002
2024-07-12,232.994,3.328000000000003
2024-07-19,227.422,-5.572000000000003
2024-07-26,223.757,-3.664999999999992
2024-08-02,225.097,1.3400000000000034
2024-08-09,222.203,-2.8940000000000055
2024-08-16,220.597,-1.6059999999999945
2024-08-23,218.394,-2.203000000000003
2024-08-30,219.242,0.8479999999999848
2024-09-06,221.552,2.3100000000000023
2024-09-13,221.621,0.06900000000001683
2024-09-20,220.083,-1.538000000000011
2024-09-27,221.202,1.1189999999999998
2024-10-04,214.898,-6.304000000000002
2024-10-11,212.697,-2.2009999999999934
2024-10-18,213.575,0.8779999999999859
2024-10-25,210.868,-2.7069999999999936
2024-11-01,211.28,0.41200000000000614
2024-11-08,206.873,-4.407000000000011
2024-11-15,208.927,2.054000000000002
2024-11-22,212.241,3.3140000000000214
2024-11-29,214.603,2.3619999999999948
2024-12-06,219.689,5.085999999999984
2024-12-13,222.037,2.348000000000013
2024-12-20,223.667,1.6299999999999955
2024-12-27,231.384,7.7169999999999845
2025-01-03,237.714,6.3300000000000125
2025-01-10,243.566,5.852000000000004
2025-01-17,245.898,2.3319999999999936
2025-01-24,248.855,2.9569999999999936
2025-01-31,251.088,2.233000000000004
2025-02-07,248.053,-3.0349999999999966
2025-02-14,247.902,-0.15100000000001046
2025-02-21,248.271,0.3689999999999998
2025-02-28,246.838,-1.4329999999999927
2025-03-07,241.101,-5.736999999999995
2025-03-14,240.574,-0.5269999999999868
2025-03-21,239.128,-1.4460000000000264
2025-03-28,237.577,-1.5509999999999877
2025-04-04,235.977,-1.5999999999999943
2025-04-11,234.019,-1.9579999999999984
2025-04-18,229.543,-4.475999999999999
2025-04-25,225.54,-4.003000000000014
2025-05-02,225.728,0.1880000000000166
2025-05-09,224.706,-1.0220000000000198
2025-05-16,225.522,0.8160000000000025
2025-05-23,223.081,-2.4410000000000025
2025-05-30,228.3,5.2190000000000225
2025-06-06,229.804,1.5039999999999907
2025-06-13,230.013,0.20900000000000318
2025-06-20,227.938,-2.075000000000017
2025-06-27,232.126,4.188000000000017
2025-07-04,229.468,-2.6580000000000155
2025-07-11,232.867,3.399000000000001
2025-07-18,231.129,-1.7379999999999995
2025-07-25,228.405,-2.7239999999999895
2025-08-01,227.082,-1.3230000000000075
2025-08-08,226.29,-0.7920000000000016
2025-08-15,223.57,-2.719999999999999
2025-08-22,222.334,-1.23599999999999
2025-08-29,218.539,-3.795000000000016
2025-09-05,219.997,1.4580000000000268
2025-09-12,217.65,-2.3470000000000084
2025-09-19,216.569,-1.0810000000000173
2025-09-26,220.694,4.125
2025-10-03,219.093,-1.600999999999999
2025-10-10,218.826,-0.2669999999999959
2025-10-17,216.679,-2.1469999999999914
2025-10-24,210.738,-5.9410000000000025
2025-10-31,206.009,-4.729000000000013
2025-11-07,205.064,-0.9449999999999932
2025-11-14,207.391,2.326999999999998
2025-11-21,209.904,2.5130000000000052
2025-11-28,214.422,4.518000000000001
2025-12-05,220.819,6.396999999999991
2025-12-12,225.627,4.808000000000021
2025-12-19,228.489,2.8619999999999948
2025-12-26,234.334,5.844999999999999
2026-01-02,242.036,7.701999999999998
2026-01-09,251.013,8.977000000000004
2026-01-16,256.99,5.977000000000004
2026-01-23,257.213,0.2230000000000132
2026-01-30,257.898,0.6850000000000023
2026-02-06,259.058,1.1599999999999682
2026-02-13,255.845,-3.212999999999994
2026-02-20,254.834,-1.0109999999999957
2026-02-27,253.13,-1.7040000000000077
2026-03-06,249.476,-3.6539999999999964
2026-03-13,244.04,-5.436000000000007
2026-03-20,241.447,-2.5929999999999893
2026-03-27,240.861,-0.5860000000000127
2026-04-03,239.272,-1.5889999999999986
2026-04-10,232.944,-6.328000000000003
