period,production_mmbbl_d,production_mmbbl_d_change
1983-01-07,8.634,
1983-01-14,8.634,0.0
1983-01-21,8.634,0.0
1983-01-28,8.634,0.0
1983-02-04,8.66,0.0259999999999998
1983-02-11,8.66,0.0
1983-02-18,8.66,0.0
1983-02-25,8.66,0.0
1983-03-04,8.677,0.01699999999999946
1983-03-11,8.677,0.0
1983-03-18,8.677,0.0
1983-03-25,8.677,0.0
1983-04-01,8.677,0.0
1983-04-08,8.686,0.009000000000000341
1983-04-15,8.686,0.0
1983-04-29,8.686,0.0
1983-05-13,8.682,-0.0039999999999995595
1983-05-20,8.682,0.0
1983-06-03,8.676,-0.006000000000000227
1983-06-10,8.676,0.0
1983-06-17,8.676,0.0
1983-06-24,8.676,0.0
1983-07-01,8.676,0.0
1983-07-08,8.647,-0.028999999999999915
1983-07-15,8.647,0.0
1983-07-22,8.647,0.0
1983-07-29,8.647,0.0
1983-08-05,8.653,0.006000000000000227
1983-08-12,8.653,0.0
1983-08-19,8.653,0.0
1983-08-26,8.653,0.0
1983-09-02,8.666,0.0129999999999999
1983-09-09,8.666,0.0
1983-09-16,8.666,0.0
1983-09-23,8.666,0.0
1983-09-30,8.666,0.0
1983-10-07,8.654,-0.012000000000000455
1983-10-14,8.654,0.0
1983-10-21,8.654,0.0
1983-10-28,8.654,0.0
1983-11-04,8.624,-0.02999999999999936
1983-11-11,8.624,0.0
1983-11-18,8.624,0.0
1983-11-25,8.624,0.0
1983-12-02,8.612,-0.012000000000000455
1983-12-09,8.612,0.0
1983-12-16,8.612,0.0
1983-12-23,8.612,0.0
1983-12-30,8.612,0.0
1984-01-06,8.659,0.0470000000000006
1984-01-13,8.659,0.0
1984-01-20,8.659,0.0
1984-01-27,8.659,0.0
1984-02-03,8.726,0.06700000000000017
1984-02-10,8.726,0.0
1984-02-17,8.726,0.0
1984-02-24,8.726,0.0
1984-03-02,8.718,-0.008000000000000895
1984-03-09,8.718,0.0
1984-03-16,8.718,0.0
1984-03-23,8.718,0.0
1984-03-30,8.718,0.0
1984-04-06,8.688,-0.02999999999999936
1984-04-13,8.688,0.0
1984-04-20,8.688,0.0
1984-04-27,8.688,0.0
1984-05-04,8.753,0.0649999999999995
1984-05-11,8.753,0.0
1984-05-18,8.753,0.0
1984-05-25,8.753,0.0
1984-06-01,8.743,-0.009999999999999787
1984-06-08,8.743,0.0
1984-06-15,8.743,0.0
1984-06-22,8.743,0.0
1984-06-29,8.743,0.0
1984-07-06,8.769,0.0259999999999998
1984-07-13,8.769,0.0
1984-07-20,8.769,0.0
1984-07-27,8.769,0.0
1984-08-03,8.781,0.012000000000000455
1984-08-10,8.781,0.0
1984-08-17,8.781,0.0
1984-08-24,8.781,0.0
1984-08-31,8.781,0.0
1984-09-07,8.759,-0.02200000000000024
1984-09-14,8.759,0.0
1984-09-21,8.759,0.0
1984-09-28,8.759,0.0
1984-10-05,8.847,0.08799999999999919
1984-10-12,8.847,0.0
1984-10-19,8.847,0.0
1984-10-26,8.847,0.0
1984-11-02,8.846,-0.0009999999999994458
1984-11-09,8.846,0.0
1984-11-16,8.846,0.0
1984-11-23,8.846,0.0
1984-11-30,8.846,0.0
1984-12-07,8.797,-0.04899999999999949
1984-12-14,8.797,0.0
1984-12-21,8.797,0.0
1984-12-28,8.797,0.0
1985-01-04,8.929,0.13199999999999967
1985-01-11,8.929,0.0
1985-01-18,8.929,0.0
1985-01-25,8.929,0.0
1985-02-01,8.928,-0.0009999999999994458
1985-02-08,8.928,0.0
1985-02-15,8.928,0.0
1985-02-22,8.928,0.0
1985-03-01,8.927,-0.0010000000000012221
1985-03-08,8.927,0.0
1985-03-15,8.927,0.0
1985-03-22,8.927,0.0
1985-03-29,8.927,0.0
1985-04-05,8.842,-0.08499999999999908
1985-04-12,8.842,0.0
1985-04-19,8.842,0.0
1985-04-26,8.842,0.0
1985-05-03,8.969,0.1269999999999989
1985-05-10,8.969,0.0
1985-05-17,8.969,0.0
1985-05-24,8.969,0.0
1985-05-31,8.969,0.0
1985-06-07,8.965,-0.0039999999999995595
1985-06-14,8.965,0.0
1985-06-21,8.965,0.0
1985-06-28,8.965,0.0
1985-07-05,8.904,-0.06099999999999994
1985-07-12,8.904,0.0
1985-07-19,8.904,0.0
1985-07-26,8.904,0.0
1985-08-02,8.895,-0.009000000000000341
1985-08-09,8.895,0.0
1985-08-16,8.895,0.0
1985-08-23,8.895,0.0
1985-08-30,8.895,0.0
1985-09-06,8.874,-0.02099999999999902
1985-09-13,8.874,0.0
1985-09-20,8.874,0.0
1985-09-27,8.874,0.0
1985-10-04,8.943,0.06899999999999906
1985-10-11,8.943,0.0
1985-10-18,8.943,0.0
1985-10-25,8.943,0.0
1985-11-01,8.932,-0.010999999999999233
1985-11-08,8.932,0.0
1985-11-15,8.932,0.0
1985-11-22,8.932,0.0
1985-11-29,8.932,0.0
1985-12-06,8.93,-0.002000000000000668
1985-12-13,8.93,0.0
1985-12-20,8.93,0.0
1985-12-27,8.93,0.0
1986-01-03,8.942,0.012000000000000455
1986-01-10,8.942,0.0
1986-01-17,8.942,0.0
1986-01-24,8.942,0.0
1986-01-31,8.942,0.0
1986-02-07,8.94,-0.002000000000000668
1986-02-14,8.94,0.0
1986-02-21,8.94,0.0
1986-02-28,8.939,-0.0009999999999994458
1986-03-07,8.939,0.0
1986-03-14,8.939,0.0
1986-03-21,8.939,0.0
1986-03-28,8.939,0.0
1986-04-04,8.815,-0.12400000000000055
1986-04-11,8.815,0.0
1986-04-18,8.815,0.0
1986-04-25,8.815,0.0
1986-05-02,8.805,-0.009999999999999787
1986-05-09,8.805,0.0
1986-05-16,8.805,0.0
1986-05-23,8.805,0.0
1986-05-30,8.805,0.0
1986-06-06,8.792,-0.0129999999999999
1986-06-13,8.792,0.0
1986-06-20,8.792,0.0
1986-06-27,8.792,0.0
1986-07-04,8.737,-0.054999999999999716
1986-07-11,8.737,0.0
1986-07-18,8.737,0.0
1986-07-25,8.737,0.0
1986-08-01,8.737,0.0
1986-08-08,8.708,-0.028999999999999915
1986-08-15,8.708,0.0
1986-08-22,8.708,0.0
1986-08-29,8.708,0.0
1986-09-05,8.671,-0.03700000000000081
1986-09-12,8.671,0.0
1986-09-19,8.671,0.0
1986-09-26,8.671,0.0
1986-10-03,8.773,0.10200000000000031
1986-10-10,8.773,0.0
1986-10-17,8.773,0.0
1986-10-24,8.773,0.0
1986-10-31,8.773,0.0
1986-11-07,8.321,-0.45199999999999996
1986-11-14,8.321,0.0
1986-11-21,8.321,0.0
1986-11-28,8.321,0.0
1986-12-05,8.348,0.027000000000001023
1986-12-12,8.348,0.0
1986-12-19,8.348,0.0
1986-12-26,8.348,0.0
1987-01-02,8.353,0.004999999999999005
1987-01-09,8.354,0.0009999999999994458
1987-01-16,8.354,0.0
1987-01-23,8.354,0.0
1987-01-30,8.354,0.0
1987-02-06,8.383,0.028999999999999915
1987-02-13,8.383,0.0
1987-02-20,8.383,0.0
1987-02-27,8.383,0.0
1987-03-06,8.336,-0.04699999999999882
1987-03-13,8.336,0.0
1987-03-20,8.336,0.0
1987-03-27,8.336,0.0
1987-04-03,8.361,0.025000000000000355
1987-04-10,8.361,0.0
1987-04-17,8.361,0.0
1987-04-24,8.361,0.0
1987-05-01,8.361,0.0
1987-05-08,8.296,-0.06500000000000128
1987-05-15,8.296,0.0
1987-05-22,8.296,0.0
1987-05-29,8.296,0.0
1987-06-05,8.303,0.0070000000000014495
1987-06-12,8.303,0.0
1987-06-19,8.303,0.0
1987-06-26,8.303,0.0
1987-07-03,8.287,-0.016000000000000014
1987-07-10,8.287,0.0
1987-07-17,8.287,0.0
1987-07-24,8.287,0.0
1987-07-31,8.287,0.0
1987-08-07,8.204,-0.08300000000000018
1987-08-14,8.204,0.0
1987-08-21,8.204,0.0
1987-08-28,8.204,0.0
1987-09-04,8.162,-0.041999999999999815
1987-09-11,8.162,0.0
1987-09-18,8.162,0.0
1987-09-25,8.162,0.0
1987-10-02,8.281,0.11899999999999977
1987-10-09,8.281,0.0
1987-10-16,8.281,0.0
1987-10-23,8.281,0.0
1987-10-30,8.281,0.0
1987-11-06,8.283,0.0019999999999988916
1987-11-13,8.283,0.0
1987-11-20,8.283,0.0
1987-11-27,8.283,0.0
1987-12-04,8.348,0.06500000000000128
1987-12-11,8.348,0.0
1987-12-18,8.348,0.0
1987-12-25,8.348,0.0
1988-01-01,8.348,0.0
1988-01-08,8.395,0.04699999999999882
1988-01-15,8.395,0.0
1988-01-22,8.395,0.0
1988-01-29,8.395,0.0
1988-02-05,8.353,-0.041999999999999815
1988-02-12,8.353,0.0
1988-02-19,8.353,0.0
1988-02-26,8.353,0.0
1988-03-04,8.306,-0.0470000000000006
1988-03-11,8.306,0.0
1988-03-18,8.306,0.0
1988-03-25,8.306,0.0
1988-04-01,8.306,0.0
1988-04-08,8.269,-0.036999999999999034
1988-04-15,8.269,0.0
1988-04-22,8.269,0.0
1988-04-29,8.269,0.0
1988-05-06,8.24,-0.028999999999999915
1988-05-13,8.24,0.0
1988-05-20,8.24,0.0
1988-05-27,8.24,0.0
1988-06-03,8.21,-0.02999999999999936
1988-06-10,8.21,0.0
1988-06-17,8.21,0.0
1988-06-24,8.21,0.0
1988-07-01,8.21,0.0
1988-07-08,8.189,-0.021000000000000796
1988-07-15,8.189,0.0
1988-07-22,8.189,0.0
1988-07-29,8.189,0.0
1988-08-05,8.128,-0.06099999999999994
1988-08-12,8.128,0.0
1988-08-19,8.128,0.0
1988-08-26,8.128,0.0
1988-09-02,8.147,0.019000000000000128
1988-09-09,8.147,0.0
1988-09-16,8.147,0.0
1988-09-23,8.147,0.0
1988-09-30,8.147,0.0
1988-10-07,8.085,-0.06199999999999939
1988-10-14,8.085,0.0
1988-10-21,8.085,0.0
1988-10-28,8.085,0.0
1988-11-04,8.026,-0.05900000000000105
1988-11-11,8.026,0.0
1988-11-18,8.026,0.0
1988-11-25,8.026,0.0
1988-12-02,8.035,0.009000000000000341
1988-12-09,8.035,0.0
1988-12-16,8.035,0.0
1988-12-23,8.035,0.0
1988-12-30,8.035,0.0
1989-01-06,8.021,-0.013999999999999346
1989-01-13,8.021,0.0
1989-01-20,8.021,0.0
1989-01-27,8.021,0.0
1989-02-03,7.965,-0.05600000000000094
1989-02-10,7.965,0.0
1989-02-17,7.965,0.0
1989-02-24,7.965,0.0
1989-03-03,7.921,-0.043999999999999595
1989-03-10,7.921,0.0
1989-03-17,7.921,0.0
1989-03-24,7.921,0.0
1989-03-31,7.921,0.0
1989-04-07,7.88,-0.04100000000000037
1989-04-14,7.88,0.0
1989-04-21,7.88,0.0
1989-04-28,7.88,0.0
1989-05-05,7.843,-0.03699999999999992
1989-05-12,7.843,0.0
1989-05-19,7.843,0.0
1989-05-26,7.843,0.0
1989-06-02,7.726,-0.11699999999999999
1989-06-09,7.726,0.0
1989-06-16,7.726,0.0
1989-06-23,7.726,0.0
1989-06-30,7.726,0.0
1989-07-07,7.622,-0.10400000000000009
1989-07-14,7.622,0.0
1989-07-21,7.622,0.0
1989-07-28,7.622,0.0
1989-08-04,7.662,0.040000000000000036
1989-08-11,7.662,0.0
1989-08-18,7.662,0.0
1989-08-25,7.662,0.0
1989-09-01,7.662,0.0
1989-09-08,7.641,-0.020999999999999908
1989-09-15,7.641,0.0
1989-09-22,7.641,0.0
1989-09-29,7.641,0.0
1989-10-06,7.644,0.0030000000000001137
1989-10-13,7.644,0.0
1989-10-20,7.644,0.0
1989-10-27,7.644,0.0
1989-11-03,7.601,-0.04300000000000015
1989-11-10,7.601,0.0
1989-11-17,7.601,0.0
1989-11-24,7.601,0.0
1989-12-01,7.601,0.0
1989-12-08,7.565,-0.03599999999999959
1989-12-15,7.565,0.0
1989-12-22,7.565,0.0
1989-12-29,7.565,0.0
1990-01-05,7.512,-0.053000000000000824
1990-01-12,7.512,0.0
1990-01-19,7.512,0.0
1990-01-26,7.512,0.0
1990-02-02,7.399,-0.11299999999999955
1990-02-09,7.399,0.0
1990-02-16,7.399,0.0
1990-02-23,7.399,0.0
1990-03-02,7.411,0.011999999999999567
1990-03-09,7.411,0.0
1990-03-16,7.411,0.0
1990-03-23,7.411,0.0
1990-03-30,7.411,0.0
1990-04-06,7.31,-0.10099999999999998
1990-04-13,7.31,0.0
1990-04-20,7.31,0.0
1990-04-27,7.31,0.0
1990-05-04,7.241,-0.06899999999999995
1990-05-11,7.241,0.0
1990-05-18,7.241,0.0
1990-05-25,7.241,0.0
1990-06-01,7.241,0.0
1990-06-08,6.981,-0.2599999999999998
1990-06-15,6.981,0.0
1990-06-22,6.981,0.0
1990-06-29,6.981,0.0
1990-07-06,7.13,0.14900000000000002
1990-07-13,7.13,0.0
1990-07-20,7.13,0.0
1990-07-27,7.13,0.0
1990-08-03,6.971,-0.1589999999999998
1990-08-10,6.971,0.0
1990-08-17,6.971,0.0
1990-08-24,6.971,0.0
1990-08-31,6.971,0.0
1990-09-07,6.991,0.019999999999999574
1990-09-14,6.991,0.0
1990-09-21,7.041,0.05000000000000071
1990-09-28,7.041,0.0
1990-10-05,7.261,0.21999999999999975
1990-10-12,7.261,0.0
1990-10-19,7.261,0.0
1990-10-26,7.329,0.06799999999999962
1990-11-02,7.342,0.0129999999999999
1990-11-09,7.284,-0.05799999999999983
1990-11-16,6.91,-0.37399999999999967
1990-11-23,7.44,0.5300000000000002
1990-11-30,7.235,-0.20500000000000007
1990-12-07,6.996,-0.23899999999999988
1990-12-14,7.474,0.47799999999999976
1990-12-21,7.245,-0.2290000000000001
1990-12-28,7.559,0.31400000000000006
1991-01-04,7.481,-0.07800000000000029
1991-01-11,7.475,-0.006000000000000227
1991-01-18,7.461,-0.013999999999999346
1991-01-25,7.219,-0.242
1991-02-01,7.477,0.258
1991-02-08,7.463,-0.014000000000000234
1991-02-15,7.427,-0.036000000000000476
1991-02-22,7.415,-0.011999999999999567
1991-03-01,7.404,-0.01100000000000012
1991-03-08,7.394,-0.009999999999999787
1991-03-15,7.412,0.017999999999999794
1991-03-22,7.385,-0.027000000000000135
1991-03-29,7.383,-0.0019999999999997797
1991-04-05,7.356,-0.027000000000000135
1991-04-12,7.334,-0.02200000000000024
1991-04-19,7.37,0.036000000000000476
1991-04-26,7.346,-0.02400000000000002
1991-05-03,7.295,-0.051000000000000156
1991-05-10,7.303,0.008000000000000007
1991-05-17,7.28,-0.022999999999999687
1991-05-24,7.336,0.05600000000000005
1991-05-31,7.323,-0.0129999999999999
1991-06-07,7.301,-0.02200000000000024
1991-06-14,7.359,0.05799999999999983
1991-06-21,7.338,-0.020999999999999908
1991-06-28,7.377,0.0389999999999997
1991-07-05,7.383,0.006000000000000227
1991-07-12,7.365,-0.017999999999999794
1991-07-19,7.348,-0.017000000000000348
1991-07-26,7.355,0.007000000000000561
1991-08-02,7.342,-0.013000000000000789
1991-08-09,7.228,-0.11399999999999988
1991-08-16,7.302,0.07399999999999984
1991-08-23,7.215,-0.08699999999999974
1991-08-30,7.274,0.05900000000000016
1991-09-06,7.15,-0.12399999999999967
1991-09-13,7.267,0.11699999999999999
1991-09-20,7.327,0.05999999999999961
1991-09-27,7.365,0.038000000000000256
1991-10-04,7.381,0.016000000000000014
1991-10-11,7.387,0.005999999999999339
1991-10-18,7.381,-0.005999999999999339
1991-10-25,7.384,0.0030000000000001137
1991-11-01,7.359,-0.025000000000000355
1991-11-08,7.14,-0.2190000000000003
1991-11-15,7.426,0.2860000000000005
1991-11-22,7.388,-0.038000000000000256
1991-11-29,7.226,-0.16199999999999992
1991-12-06,7.376,0.15000000000000036
1991-12-13,6.731,-0.6450000000000005
1991-12-20,7.451,0.7199999999999998
1991-12-27,7.449,-0.0019999999999997797
1992-01-03,7.422,-0.027000000000000135
1992-01-10,7.41,-0.011999999999999567
1992-01-17,7.235,-0.17499999999999982
1992-01-24,7.343,0.10799999999999965
1992-01-31,7.357,0.014000000000000234
1992-02-07,7.382,0.024999999999999467
1992-02-14,7.364,-0.017999999999999794
1992-02-21,7.329,-0.03500000000000014
1992-02-28,7.365,0.036000000000000476
1992-03-06,7.357,-0.008000000000000007
1992-03-13,7.345,-0.012000000000000455
1992-03-20,7.324,-0.020999999999999908
1992-03-27,7.283,-0.04099999999999948
1992-04-03,7.327,0.043999999999999595
1992-04-10,7.277,-0.04999999999999982
1992-04-17,7.353,0.07599999999999962
1992-04-24,7.238,-0.11499999999999932
1992-05-01,7.235,-0.0030000000000001137
1992-05-08,7.248,0.0129999999999999
1992-05-15,7.16,-0.08800000000000008
1992-05-22,7.205,0.04499999999999993
1992-05-29,7.219,0.014000000000000234
1992-06-05,7.24,0.020999999999999908
1992-06-12,7.228,-0.012000000000000455
1992-06-19,7.218,-0.009999999999999787
1992-06-26,7.194,-0.02400000000000002
1992-07-03,7.221,0.027000000000000135
1992-07-10,7.125,-0.09600000000000009
1992-07-17,7.144,0.019000000000000128
1992-07-24,7.095,-0.04900000000000038
1992-07-31,7.059,-0.03599999999999959
1992-08-07,7.124,0.0649999999999995
1992-08-14,6.99,-0.13399999999999945
1992-08-21,7.12,0.1299999999999999
1992-08-28,6.678,-0.44200000000000017
1992-09-04,6.847,0.16900000000000048
1992-09-11,6.955,0.10799999999999965
1992-09-18,7.012,0.056999999999999496
1992-09-25,7.049,0.03700000000000081
1992-10-02,7.046,-0.0030000000000001137
1992-10-09,7.011,-0.03500000000000014
1992-10-16,7.032,0.020999999999999908
1992-10-23,7.036,0.0039999999999995595
1992-10-30,7.041,0.005000000000000782
1992-11-06,7.011,-0.03000000000000025
1992-11-13,6.954,-0.057000000000000384
1992-11-20,6.987,0.03300000000000036
1992-11-27,7.064,0.07699999999999996
1992-12-04,7.074,0.009999999999999787
1992-12-11,7.087,0.0129999999999999
1992-12-18,7.098,0.01100000000000012
1992-12-25,7.053,-0.04499999999999993
1993-01-01,6.995,-0.05799999999999983
1993-01-08,7.015,0.019999999999999574
1993-01-15,6.994,-0.020999999999999908
1993-01-22,7.043,0.04900000000000038
1993-01-29,7.035,-0.008000000000000007
1993-02-05,7.031,-0.004000000000000448
1993-02-12,7.033,0.002000000000000668
1993-02-19,6.96,-0.0730000000000004
1993-02-26,6.981,0.020999999999999908
1993-03-05,7.018,0.03699999999999992
1993-03-12,6.981,-0.03699999999999992
1993-03-19,6.979,-0.0019999999999997797
1993-03-26,6.964,-0.01499999999999968
1993-04-02,6.971,0.006999999999999673
1993-04-09,6.883,-0.08800000000000008
1993-04-16,6.896,0.0129999999999999
1993-04-23,6.912,0.016000000000000014
1993-04-30,6.913,0.001000000000000334
1993-05-07,6.902,-0.01100000000000012
1993-05-14,6.846,-0.05600000000000005
1993-05-21,6.818,-0.02800000000000047
1993-05-28,6.842,0.02400000000000002
1993-06-04,6.789,-0.052999999999999936
1993-06-11,6.817,0.02800000000000047
1993-06-18,6.766,-0.051000000000000156
1993-06-25,6.749,-0.017000000000000348
1993-07-02,6.742,-0.006999999999999673
1993-07-09,6.772,0.03000000000000025
1993-07-16,6.643,-0.12900000000000045
1993-07-23,6.54,-0.10299999999999976
1993-07-30,6.73,0.1900000000000004
1993-08-06,6.753,0.022999999999999687
1993-08-13,6.761,0.008000000000000007
1993-08-20,6.774,0.0129999999999999
1993-08-27,6.79,0.016000000000000014
1993-09-03,6.734,-0.05600000000000005
1993-09-10,6.665,-0.06899999999999995
1993-09-17,6.706,0.04100000000000037
1993-09-24,6.65,-0.05600000000000005
1993-10-01,6.684,0.03399999999999981
1993-10-08,6.654,-0.03000000000000025
1993-10-15,6.772,0.11800000000000033
1993-10-22,6.837,0.0649999999999995
1993-10-29,6.868,0.031000000000000583
1993-11-05,6.872,0.0039999999999995595
1993-11-12,6.882,0.009999999999999787
1993-11-19,6.847,-0.034999999999999254
1993-11-26,6.878,0.030999999999999694
1993-12-03,6.943,0.0649999999999995
1993-12-10,6.923,-0.019999999999999574
1993-12-17,6.897,-0.0259999999999998
1993-12-24,6.854,-0.04300000000000015
1993-12-31,6.857,0.0030000000000001137
1994-01-07,6.875,0.017999999999999794
1994-01-14,6.88,0.004999999999999893
1994-01-21,6.845,-0.03500000000000014
1994-01-28,6.886,0.04100000000000037
1994-02-04,6.836,-0.04999999999999982
1994-02-11,6.802,-0.034000000000000696
1994-02-18,6.546,-0.25599999999999934
1994-02-25,6.792,0.24599999999999955
1994-03-04,6.763,-0.028999999999999915
1994-03-11,6.704,-0.05900000000000016
1994-03-18,6.728,0.02400000000000002
1994-03-25,6.599,-0.12899999999999956
1994-04-01,6.683,0.08399999999999963
1994-04-08,6.641,-0.041999999999999815
1994-04-15,6.711,0.07000000000000028
1994-04-22,6.292,-0.4190000000000005
1994-04-29,6.748,0.4560000000000004
1994-05-06,6.706,-0.041999999999999815
1994-05-13,6.657,-0.04900000000000038
1994-05-20,6.732,0.07500000000000018
1994-05-27,6.629,-0.10300000000000065
1994-06-03,6.695,0.06600000000000072
1994-06-10,6.53,-0.16500000000000004
1994-06-17,6.648,0.11799999999999944
1994-06-24,6.656,0.008000000000000007
1994-07-01,6.604,-0.0519999999999996
1994-07-08,6.591,-0.0129999999999999
1994-07-15,6.618,0.027000000000000135
1994-07-22,6.522,-0.09600000000000009
1994-07-29,6.566,0.043999999999999595
1994-08-05,6.582,0.016000000000000014
1994-08-12,6.521,-0.06099999999999994
1994-08-19,6.54,0.019000000000000128
1994-08-26,6.583,0.04300000000000015
1994-09-02,6.552,-0.031000000000000583
1994-09-09,6.545,-0.006999999999999673
1994-09-16,6.526,-0.019000000000000128
1994-09-23,6.595,0.06899999999999995
1994-09-30,6.64,0.04499999999999993
1994-10-07,6.692,0.05200000000000049
1994-10-14,6.703,0.01100000000000012
1994-10-21,6.703,0.0
1994-10-28,6.633,-0.07000000000000028
1994-11-04,6.62,-0.0129999999999999
1994-11-11,6.616,-0.004000000000000448
1994-11-18,6.668,0.05200000000000049
1994-11-25,6.626,-0.041999999999999815
1994-12-02,6.472,-0.15399999999999991
1994-12-09,6.67,0.1979999999999995
1994-12-16,6.655,-0.01499999999999968
1994-12-23,6.703,0.04800000000000004
1994-12-30,6.675,-0.02800000000000047
1995-01-06,6.651,-0.02400000000000002
1995-01-13,6.672,0.020999999999999908
1995-01-20,6.571,-0.10099999999999998
1995-01-27,6.526,-0.04499999999999993
1995-02-03,6.662,0.13600000000000012
1995-02-10,6.595,-0.06700000000000017
1995-02-17,6.613,0.018000000000000682
1995-02-24,6.546,-0.06700000000000017
1995-03-03,6.66,0.11399999999999988
1995-03-10,6.598,-0.06200000000000028
1995-03-17,6.632,0.03399999999999981
1995-03-24,6.474,-0.15799999999999947
1995-03-31,6.38,-0.0940000000000003
1995-04-07,6.554,0.17400000000000038
1995-04-14,6.597,0.04300000000000015
1995-04-21,6.603,0.005999999999999339
1995-04-28,6.539,-0.06400000000000006
1995-05-05,6.604,0.06500000000000039
1995-05-12,6.61,0.006000000000000227
1995-05-19,6.598,-0.012000000000000455
1995-05-26,6.626,0.02800000000000047
1995-06-02,6.592,-0.034000000000000696
1995-06-09,6.593,0.001000000000000334
1995-06-16,6.56,-0.03300000000000036
1995-06-23,6.529,-0.030999999999999694
1995-06-30,6.545,0.016000000000000014
1995-07-07,6.518,-0.027000000000000135
1995-07-14,6.448,-0.0699999999999994
1995-07-21,6.417,-0.031000000000000583
1995-07-28,6.484,0.06700000000000017
1995-08-04,6.444,-0.040000000000000036
1995-08-11,6.476,0.03200000000000003
1995-08-18,6.475,-0.001000000000000334
1995-08-25,6.483,0.008000000000000007
1995-09-01,6.507,0.02400000000000002
1995-09-08,6.491,-0.016000000000000014
1995-09-15,6.248,-0.24299999999999944
1995-09-22,6.414,0.16599999999999948
1995-09-29,6.45,0.036000000000000476
1995-10-06,6.215,-0.23500000000000032
1995-10-13,6.404,0.18900000000000006
1995-10-20,6.497,0.09299999999999997
1995-10-27,6.512,0.01499999999999968
1995-11-03,6.539,0.027000000000000135
1995-11-10,6.516,-0.022999999999999687
1995-11-17,6.493,-0.022999999999999687
1995-11-24,6.484,-0.009000000000000341
1995-12-01,6.45,-0.03399999999999981
1995-12-08,6.428,-0.02200000000000024
1995-12-15,6.411,-0.017000000000000348
1995-12-22,6.467,0.05600000000000005
1995-12-29,6.474,0.007000000000000561
1996-01-05,6.464,-0.009999999999999787
1996-01-12,6.498,0.03399999999999981
1996-01-19,6.516,0.017999999999999794
1996-01-26,6.405,-0.11099999999999977
1996-02-02,6.413,0.008000000000000007
1996-02-09,6.505,0.09199999999999964
1996-02-16,6.511,0.006000000000000227
1996-02-23,6.501,-0.009999999999999787
1996-03-01,6.496,-0.004999999999999893
1996-03-08,6.461,-0.03500000000000014
1996-03-15,6.49,0.028999999999999915
1996-03-22,6.473,-0.017000000000000348
1996-03-29,6.44,-0.032999999999999474
1996-04-05,6.441,0.0009999999999994458
1996-04-12,6.39,-0.051000000000000156
1996-04-19,6.425,0.03500000000000014
1996-04-26,6.173,-0.2519999999999998
1996-05-03,6.454,0.2809999999999997
1996-05-10,6.065,-0.38899999999999935
1996-05-17,6.363,0.29800000000000004
1996-05-24,6.412,0.04899999999999949
1996-05-31,6.392,-0.019999999999999574
1996-06-07,6.421,0.028999999999999915
1996-06-14,6.515,0.09399999999999942
1996-06-21,6.452,-0.06299999999999972
1996-06-28,6.489,0.03699999999999992
1996-07-05,6.499,0.009999999999999787
1996-07-12,6.499,0.0
1996-07-19,6.345,-0.15399999999999991
1996-07-26,6.394,0.04900000000000038
1996-08-02,6.297,-0.09700000000000042
1996-08-09,6.286,-0.01100000000000012
1996-08-16,6.445,0.1590000000000007
1996-08-23,6.481,0.03599999999999959
1996-08-30,6.526,0.04499999999999993
1996-09-06,6.497,-0.028999999999999915
1996-09-13,6.498,0.001000000000000334
1996-09-20,6.467,-0.031000000000000583
1996-09-27,6.52,0.052999999999999936
1996-10-04,6.485,-0.034999999999999254
1996-10-11,6.485,0.0
1996-10-18,6.523,0.03799999999999937
1996-10-25,6.514,-0.008999999999999453
1996-11-01,6.513,-0.001000000000000334
1996-11-08,6.541,0.02800000000000047
1996-11-15,6.531,-0.010000000000000675
1996-11-22,6.512,-0.019000000000000128
1996-11-29,6.538,0.02600000000000069
1996-12-06,6.534,-0.004000000000000448
1996-12-13,6.518,-0.016000000000000014
1996-12-20,6.523,0.004999999999999893
1996-12-27,6.506,-0.01699999999999946
1997-01-03,6.454,-0.05200000000000049
1997-01-10,6.499,0.04499999999999993
1997-01-17,6.476,-0.022999999999999687
1997-01-24,6.513,0.03699999999999992
1997-01-31,6.505,-0.008000000000000007
1997-02-07,6.483,-0.02200000000000024
1997-02-14,6.502,0.019000000000000128
1997-02-21,6.496,-0.005999999999999339
1997-02-28,6.501,0.004999999999999893
1997-03-07,6.44,-0.06099999999999994
1997-03-14,6.449,0.008999999999999453
1997-03-21,6.391,-0.05799999999999983
1997-03-28,6.409,0.017999999999999794
1997-04-04,6.493,0.08400000000000052
1997-04-11,6.433,-0.0600000000000005
1997-04-18,6.412,-0.020999999999999908
1997-04-25,6.465,0.052999999999999936
1997-05-02,6.409,-0.05600000000000005
1997-05-09,6.43,0.020999999999999908
1997-05-16,6.426,-0.0039999999999995595
1997-05-23,6.423,-0.0030000000000001137
1997-05-30,6.439,0.016000000000000014
1997-06-06,6.435,-0.004000000000000448
1997-06-13,6.415,-0.019999999999999574
1997-06-20,6.334,-0.0810000000000004
1997-06-27,6.357,0.023000000000000576
1997-07-04,6.338,-0.019000000000000128
1997-07-11,6.351,0.0129999999999999
1997-07-18,6.352,0.001000000000000334
1997-07-25,6.337,-0.015000000000000568
1997-08-01,6.36,0.023000000000000576
1997-08-08,6.127,-0.23300000000000054
1997-08-15,6.221,0.0940000000000003
1997-08-22,6.387,0.16599999999999948
1997-08-29,6.4,0.013000000000000789
1997-09-05,6.362,-0.038000000000000256
1997-09-12,6.393,0.030999999999999694
1997-09-19,6.366,-0.027000000000000135
1997-09-26,6.396,0.03000000000000025
1997-10-03,6.375,-0.020999999999999908
1997-10-10,6.371,-0.0039999999999995595
1997-10-17,6.408,0.03699999999999992
1997-10-24,6.407,-0.001000000000000334
1997-10-31,6.4,-0.006999999999999673
1997-11-07,6.418,0.017999999999999794
1997-11-14,6.385,-0.03300000000000036
1997-11-21,6.39,0.004999999999999893
1997-11-28,6.416,0.02600000000000069
1997-12-05,6.448,0.03200000000000003
1997-12-12,6.44,-0.008000000000000007
1997-12-19,6.463,0.022999999999999687
1997-12-26,6.462,-0.001000000000000334
1998-01-02,6.459,-0.0030000000000001137
1998-01-09,6.43,-0.028999999999999915
1998-01-16,6.376,-0.05399999999999938
1998-01-23,6.359,-0.017000000000000348
1998-01-30,6.377,0.017999999999999794
1998-02-06,6.412,0.03500000000000014
1998-02-13,6.424,0.012000000000000455
1998-02-20,6.415,-0.009000000000000341
1998-02-27,6.368,-0.04699999999999971
1998-03-06,6.44,0.07200000000000006
1998-03-13,6.42,-0.020000000000000462
1998-03-20,6.336,-0.08399999999999963
1998-03-27,6.405,0.06899999999999995
1998-04-03,6.443,0.03799999999999937
1998-04-10,6.407,-0.03599999999999959
1998-04-17,6.417,0.009999999999999787
1998-04-24,6.397,-0.019999999999999574
1998-05-01,6.422,0.024999999999999467
1998-05-08,6.422,0.0
1998-05-15,6.378,-0.043999999999999595
1998-05-22,6.368,-0.009999999999999787
1998-05-29,6.346,-0.02200000000000024
1998-06-05,6.333,-0.0129999999999999
1998-06-12,6.372,0.0389999999999997
1998-06-19,6.383,0.01100000000000012
1998-06-26,6.269,-0.11399999999999988
1998-07-03,6.311,0.041999999999999815
1998-07-10,6.354,0.04300000000000015
1998-07-17,6.351,-0.0030000000000001137
1998-07-24,6.354,0.0030000000000001137
1998-07-31,6.34,-0.014000000000000234
1998-08-07,6.336,-0.0039999999999995595
1998-08-14,6.319,-0.017000000000000348
1998-08-21,6.315,-0.0039999999999995595
1998-08-28,6.346,0.030999999999999694
1998-09-04,6.349,0.0030000000000001137
1998-09-11,6.366,0.01699999999999946
1998-09-18,6.411,0.04499999999999993
1998-09-25,6.396,-0.01499999999999968
1998-10-02,5.95,-0.44599999999999973
1998-10-09,6.368,0.41800000000000015
1998-10-16,6.418,0.04999999999999982
1998-10-23,6.442,0.02400000000000002
1998-10-30,6.417,-0.025000000000000355
1998-11-06,6.398,-0.019000000000000128
1998-11-13,6.401,0.0030000000000001137
1998-11-20,6.399,-0.0019999999999997797
1998-11-27,6.401,0.0019999999999997797
1998-12-04,6.39,-0.01100000000000012
1998-12-11,6.39,0.0
1998-12-18,6.449,0.05900000000000016
1998-12-25,6.437,-0.011999999999999567
1999-01-01,6.342,-0.09500000000000064
1999-01-08,6.393,0.051000000000000156
1999-01-15,6.373,-0.019999999999999574
1999-01-22,6.352,-0.020999999999999908
1999-01-29,6.363,0.01100000000000012
1999-02-05,6.369,0.005999999999999339
1999-02-12,6.052,-0.31700000000000017
1999-02-19,5.899,-0.15299999999999958
1999-02-26,5.911,0.011999999999999567
1999-03-05,5.92,0.009000000000000341
1999-03-12,5.895,-0.025000000000000355
1999-03-19,5.894,-0.0009999999999994458
1999-03-26,5.864,-0.03000000000000025
1999-04-02,5.879,0.01499999999999968
1999-04-09,5.74,-0.13899999999999935
1999-04-16,5.849,0.10899999999999999
1999-04-23,5.707,-0.14200000000000035
1999-04-30,5.877,0.16999999999999993
1999-05-07,5.835,-0.041999999999999815
1999-05-14,5.804,-0.030999999999999694
1999-05-21,5.857,0.052999999999999936
1999-05-28,5.845,-0.012000000000000455
1999-06-04,5.864,0.019000000000000128
1999-06-11,5.868,0.004000000000000448
1999-06-18,5.926,0.05799999999999983
1999-06-25,5.884,-0.041999999999999815
1999-07-02,5.662,-0.22200000000000042
1999-07-09,5.808,0.1459999999999999
1999-07-16,5.952,0.14400000000000013
1999-07-23,5.927,-0.025000000000000355
1999-07-30,5.898,-0.028999999999999915
1999-08-06,5.925,0.027000000000000135
1999-08-13,5.95,0.025000000000000355
1999-08-20,5.97,0.019999999999999574
1999-08-27,5.994,0.02400000000000002
1999-09-03,6.014,0.020000000000000462
1999-09-10,5.917,-0.09700000000000042
1999-09-17,5.692,-0.22499999999999964
1999-09-24,5.973,0.2809999999999997
1999-10-01,6.032,0.05900000000000016
1999-10-08,6.082,0.04999999999999982
1999-10-15,6.09,0.008000000000000007
1999-10-22,6.101,0.01100000000000012
1999-10-29,6.111,0.009999999999999787
1999-11-05,6.134,0.023000000000000576
1999-11-12,6.128,-0.006000000000000227
1999-11-19,6.059,-0.06899999999999995
1999-11-26,6.006,-0.052999999999999936
1999-12-03,6.087,0.08099999999999952
1999-12-10,6.057,-0.02999999999999936
1999-12-17,6.043,-0.014000000000000234
1999-12-24,6.058,0.01499999999999968
1999-12-31,6.043,-0.01499999999999968
2000-01-07,6.0,-0.04300000000000015
2000-01-14,6.019,0.019000000000000128
2000-01-21,6.013,-0.006000000000000227
2000-01-28,5.988,-0.024999999999999467
2000-02-04,6.011,0.022999999999999687
2000-02-11,5.994,-0.017000000000000348
2000-02-18,5.989,-0.004999999999999893
2000-02-25,6.007,0.017999999999999794
2000-03-03,5.974,-0.032999999999999474
2000-03-10,5.857,-0.11699999999999999
2000-03-17,5.859,0.0019999999999997797
2000-03-24,5.863,0.004000000000000448
2000-03-31,5.873,0.009999999999999787
2000-04-07,5.82,-0.052999999999999936
2000-04-14,5.84,0.019999999999999574
2000-04-21,5.836,-0.0039999999999995595
2000-04-28,5.838,0.0019999999999997797
2000-05-05,5.798,-0.040000000000000036
2000-05-12,5.757,-0.04100000000000037
2000-05-19,5.793,0.036000000000000476
2000-05-26,5.784,-0.009000000000000341
2000-06-02,5.704,-0.08000000000000007
2000-06-09,5.804,0.10000000000000053
2000-06-16,5.791,-0.0129999999999999
2000-06-23,5.726,-0.06500000000000039
2000-06-30,5.732,0.006000000000000227
2000-07-07,5.766,0.03399999999999981
2000-07-14,5.788,0.02200000000000024
2000-07-21,5.769,-0.019000000000000128
2000-07-28,5.764,-0.004999999999999893
2000-08-04,5.778,0.013999999999999346
2000-08-11,5.745,-0.032999999999999474
2000-08-18,5.773,0.02799999999999958
2000-08-25,5.782,0.009000000000000341
2000-09-01,5.783,0.001000000000000334
2000-09-08,5.802,0.01899999999999924
2000-09-15,5.803,0.001000000000000334
2000-09-22,5.68,-0.12300000000000022
2000-09-29,5.862,0.18200000000000038
2000-10-06,5.867,0.004999999999999893
2000-10-13,5.864,-0.0030000000000001137
2000-10-20,5.88,0.016000000000000014
2000-10-27,5.894,0.014000000000000234
2000-11-03,5.903,0.008999999999999453
2000-11-10,5.889,-0.013999999999999346
2000-11-17,5.854,-0.03500000000000014
2000-11-24,5.883,0.028999999999999915
2000-12-01,5.925,0.041999999999999815
2000-12-08,5.903,-0.02200000000000024
2000-12-15,5.897,-0.005999999999999339
2000-12-22,5.875,-0.02200000000000024
2000-12-29,5.903,0.02799999999999958
2001-01-05,5.944,0.04100000000000037
2001-01-12,5.949,0.004999999999999893
2001-01-19,5.912,-0.03699999999999992
2001-01-26,5.935,0.022999999999999687
2001-02-02,5.929,-0.005999999999999339
2001-02-09,5.866,-0.06300000000000061
2001-02-16,5.857,-0.008999999999999453
2001-02-23,5.875,0.017999999999999794
2001-03-02,5.876,0.001000000000000334
2001-03-09,5.868,-0.008000000000000007
2001-03-16,5.883,0.01499999999999968
2001-03-23,5.868,-0.01499999999999968
2001-03-30,5.883,0.01499999999999968
2001-04-06,5.867,-0.016000000000000014
2001-04-13,5.855,-0.011999999999999567
2001-04-20,5.861,0.005999999999999339
2001-04-27,5.884,0.023000000000000576
2001-05-04,5.831,-0.052999999999999936
2001-05-11,5.78,-0.051000000000000156
2001-05-18,5.785,0.004999999999999893
2001-05-25,5.819,0.03399999999999981
2001-06-01,5.823,0.004000000000000448
2001-06-08,5.746,-0.07699999999999996
2001-06-15,5.726,-0.020000000000000462
2001-06-22,5.74,0.014000000000000234
2001-06-29,5.756,0.016000000000000014
2001-07-06,5.756,0.0
2001-07-13,5.77,0.013999999999999346
2001-07-20,5.731,-0.0389999999999997
2001-07-27,5.705,-0.0259999999999998
2001-08-03,5.745,0.040000000000000036
2001-08-10,5.773,0.02799999999999958
2001-08-17,5.785,0.012000000000000455
2001-08-24,5.796,0.01100000000000012
2001-08-31,5.751,-0.04499999999999993
2001-09-07,5.829,0.0779999999999994
2001-09-14,5.814,-0.01499999999999968
2001-09-21,5.789,-0.025000000000000355
2001-09-28,5.735,-0.05399999999999938
2001-10-05,5.736,0.0009999999999994458
2001-10-12,5.515,-0.22100000000000009
2001-10-19,5.828,0.3130000000000006
2001-10-26,5.879,0.05099999999999927
2001-11-02,5.859,-0.019999999999999574
2001-11-09,5.863,0.004000000000000448
2001-11-16,5.872,0.008999999999999453
2001-11-23,5.882,0.009999999999999787
2001-11-30,5.873,-0.008999999999999453
2001-12-07,5.856,-0.017000000000000348
2001-12-14,5.884,0.02800000000000047
2001-12-21,5.911,0.026999999999999247
2001-12-28,5.902,-0.008999999999999453
2002-01-04,5.922,0.019999999999999574
2002-01-11,5.922,0.0
2002-01-18,5.911,-0.01100000000000012
2002-01-25,5.909,-0.0019999999999997797
2002-02-01,5.916,0.007000000000000561
2002-02-08,5.952,0.03599999999999959
2002-02-15,5.927,-0.025000000000000355
2002-02-22,5.956,0.029000000000000803
2002-03-01,5.966,0.009999999999999787
2002-03-08,5.947,-0.019000000000000128
2002-03-15,5.975,0.02799999999999958
2002-03-22,5.948,-0.026999999999999247
2002-03-29,5.956,0.008000000000000007
2002-04-05,5.916,-0.040000000000000036
2002-04-12,5.922,0.005999999999999339
2002-04-19,5.896,-0.0259999999999998
2002-04-26,5.865,-0.030999999999999694
2002-05-03,5.879,0.013999999999999346
2002-05-10,5.889,0.010000000000000675
2002-05-17,5.894,0.004999999999999893
2002-05-24,5.89,-0.004000000000000448
2002-05-31,5.896,0.006000000000000227
2002-06-07,5.897,0.001000000000000334
2002-06-14,5.91,0.0129999999999999
2002-06-21,5.939,0.028999999999999915
2002-06-28,5.917,-0.02200000000000024
2002-07-05,5.898,-0.019000000000000128
2002-07-12,5.885,-0.0129999999999999
2002-07-19,5.839,-0.045999999999999375
2002-07-26,5.844,0.004999999999999893
2002-08-02,5.604,-0.2400000000000002
2002-08-09,5.858,0.25399999999999956
2002-08-16,5.907,0.04900000000000038
2002-08-23,5.918,0.01100000000000012
2002-08-30,5.883,-0.03500000000000014
2002-09-06,5.773,-0.11000000000000032
2002-09-13,5.716,-0.056999999999999496
2002-09-20,5.736,0.019999999999999574
2002-09-27,5.19,-0.5459999999999994
2002-10-04,4.803,-0.38700000000000045
2002-10-11,5.49,0.6870000000000003
2002-10-18,5.721,0.23099999999999987
2002-10-25,5.714,-0.006999999999999673
2002-11-01,5.711,-0.0030000000000001137
2002-11-08,5.349,-0.3620000000000001
2002-11-15,5.738,0.38900000000000023
2002-11-22,5.754,0.015999999999999126
2002-11-29,5.74,-0.013999999999999346
2002-12-06,5.763,0.022999999999999687
2002-12-13,5.752,-0.01100000000000012
2002-12-20,5.758,0.006000000000000227
2002-12-27,5.749,-0.009000000000000341
2003-01-03,5.752,0.0030000000000001137
2003-01-10,5.728,-0.02400000000000002
2003-01-17,5.702,-0.0259999999999998
2003-01-24,5.739,0.03699999999999992
2003-01-31,5.764,0.025000000000000355
2003-02-07,5.899,0.1349999999999998
2003-02-14,5.906,0.006999999999999673
2003-02-21,5.898,-0.008000000000000007
2003-02-28,5.901,0.0030000000000001137
2003-03-07,5.872,-0.028999999999999915
2003-03-14,5.886,0.014000000000000234
2003-03-21,5.906,0.019999999999999574
2003-03-28,5.906,0.0
2003-04-04,5.866,-0.040000000000000036
2003-04-11,5.801,-0.0649999999999995
2003-04-18,5.772,-0.028999999999999915
2003-04-25,5.766,-0.006000000000000227
2003-05-02,5.829,0.06299999999999972
2003-05-09,5.855,0.02600000000000069
2003-05-16,5.807,-0.04800000000000004
2003-05-23,5.813,0.005999999999999339
2003-05-30,5.837,0.02400000000000002
2003-06-06,5.803,-0.03399999999999981
2003-06-13,5.86,0.057000000000000384
2003-06-20,5.9,0.040000000000000036
2003-06-27,5.867,-0.03300000000000036
2003-07-04,5.815,-0.0519999999999996
2003-07-11,5.77,-0.04500000000000082
2003-07-18,5.777,0.007000000000000561
2003-07-25,5.699,-0.07800000000000029
2003-08-01,5.738,0.03900000000000059
2003-08-08,5.747,0.008999999999999453
2003-08-15,5.75,0.0030000000000001137
2003-08-22,5.736,-0.014000000000000234
2003-08-29,5.723,-0.0129999999999999
2003-09-05,5.727,0.004000000000000448
2003-09-12,5.703,-0.02400000000000002
2003-09-19,5.739,0.03599999999999959
2003-09-26,5.734,-0.004999999999999893
2003-10-03,5.678,-0.05600000000000005
2003-10-10,5.559,-0.11899999999999977
2003-10-17,5.605,0.04600000000000026
2003-10-24,5.614,0.008999999999999453
2003-10-31,5.55,-0.06400000000000006
2003-11-07,5.596,0.04600000000000026
2003-11-14,5.692,0.09600000000000009
2003-11-21,5.683,-0.009000000000000341
2003-11-28,5.709,0.0259999999999998
2003-12-05,5.597,-0.11199999999999921
2003-12-12,5.592,-0.005000000000000782
2003-12-19,5.663,0.07100000000000062
2003-12-26,5.658,-0.004999999999999893
2004-01-02,5.664,0.005999999999999339
2004-01-09,5.705,0.04100000000000037
2004-01-16,5.717,0.011999999999999567
2004-01-23,5.709,-0.008000000000000007
2004-01-30,5.71,0.001000000000000334
2004-02-06,5.703,-0.006999999999999673
2004-02-13,5.658,-0.04499999999999993
2004-02-20,5.622,-0.036000000000000476
2004-02-27,5.661,0.0389999999999997
2004-03-05,5.675,0.014000000000000234
2004-03-12,5.658,-0.01699999999999946
2004-03-19,5.657,-0.001000000000000334
2004-03-26,5.658,0.001000000000000334
2004-04-02,5.661,0.0029999999999992255
2004-04-09,5.611,-0.04999999999999982
2004-04-16,5.588,-0.022999999999999687
2004-04-23,5.618,0.03000000000000025
2004-04-30,5.624,0.005999999999999339
2004-05-07,5.626,0.002000000000000668
2004-05-14,5.611,-0.015000000000000568
2004-05-21,5.608,-0.0030000000000001137
2004-05-28,5.46,-0.1479999999999997
2004-06-04,5.452,-0.008000000000000007
2004-06-11,5.411,-0.04100000000000037
2004-06-18,5.434,0.023000000000000576
2004-06-25,5.394,-0.040000000000000036
2004-07-02,5.404,0.009999999999999787
2004-07-09,5.485,0.0810000000000004
2004-07-16,5.334,-0.1510000000000007
2004-07-23,5.446,0.1120000000000001
2004-07-30,5.367,-0.07899999999999974
2004-08-06,5.414,0.04699999999999971
2004-08-13,5.243,-0.17099999999999937
2004-08-20,5.113,-0.1299999999999999
2004-08-27,5.401,0.28799999999999937
2004-09-03,5.36,-0.04099999999999948
2004-09-10,5.337,-0.023000000000000576
2004-09-17,5.087,-0.25
2004-09-24,4.946,-0.14100000000000001
2004-10-01,4.656,-0.29000000000000004
2004-10-08,5.033,0.37700000000000067
2004-10-15,5.09,0.056999999999999496
2004-10-22,5.11,0.020000000000000462
2004-10-29,5.176,0.06599999999999984
2004-11-05,5.319,0.1429999999999998
2004-11-12,5.391,0.07200000000000006
2004-11-19,5.395,0.0039999999999995595
2004-11-26,5.408,0.013000000000000789
2004-12-03,5.396,-0.012000000000000455
2004-12-10,5.439,0.04300000000000015
2004-12-17,5.461,0.02200000000000024
2004-12-24,5.421,-0.040000000000000036
2004-12-31,5.43,0.008999999999999453
2005-01-07,5.43,0.0
2005-01-14,5.417,-0.0129999999999999
2005-01-21,5.456,0.03900000000000059
2005-01-28,5.437,-0.019000000000000128
2005-02-04,5.421,-0.016000000000000014
2005-02-11,5.427,0.005999999999999339
2005-02-18,5.436,0.009000000000000341
2005-02-25,5.492,0.05600000000000005
2005-03-04,5.489,-0.0030000000000001137
2005-03-11,5.504,0.01499999999999968
2005-03-18,5.48,-0.023999999999999133
2005-03-25,5.496,0.016000000000000014
2005-04-01,5.504,0.007999999999999119
2005-04-08,5.428,-0.07599999999999962
2005-04-15,5.441,0.0129999999999999
2005-04-22,5.415,-0.0259999999999998
2005-04-29,5.423,0.008000000000000007
2005-05-06,5.51,0.08699999999999974
2005-05-13,5.521,0.01100000000000012
2005-05-20,5.539,0.017999999999999794
2005-05-27,5.537,-0.0019999999999997797
2005-06-03,5.515,-0.02200000000000024
2005-06-10,5.542,0.027000000000000135
2005-06-17,5.541,-0.0009999999999994458
2005-06-24,5.359,-0.18200000000000038
2005-07-01,5.498,0.13900000000000023
2005-07-08,5.463,-0.03500000000000014
2005-07-15,4.758,-0.7050000000000001
2005-07-22,5.448,0.6900000000000004
2005-07-29,5.149,-0.2990000000000004
2005-08-05,5.417,0.2679999999999998
2005-08-12,5.359,-0.05799999999999983
2005-08-19,5.395,0.03599999999999959
2005-08-26,5.427,0.03200000000000003
2005-09-02,4.36,-1.0669999999999993
2005-09-09,4.268,-0.09200000000000053
2005-09-16,4.5,0.2320000000000002
2005-09-23,4.348,-0.15200000000000014
2005-09-30,3.813,-0.5349999999999997
2005-10-07,3.901,0.08799999999999963
2005-10-14,4.147,0.24600000000000044
2005-10-21,4.108,-0.03900000000000059
2005-10-28,4.068,-0.040000000000000036
2005-11-04,4.306,0.23800000000000043
2005-11-11,4.583,0.27700000000000014
2005-11-18,4.579,-0.004000000000000448
2005-11-25,4.765,0.18599999999999994
2005-12-02,5.021,0.2560000000000002
2005-12-09,4.933,-0.08800000000000008
2005-12-16,4.89,-0.04300000000000015
2005-12-23,4.891,0.001000000000000334
2005-12-30,4.864,-0.027000000000000135
2006-01-06,5.023,0.1589999999999998
2006-01-13,5.11,0.08700000000000063
2006-01-20,5.119,0.008999999999999453
2006-01-27,4.862,-0.2569999999999997
2006-02-03,4.903,0.04099999999999948
2006-02-10,5.003,0.10000000000000053
2006-02-17,4.997,-0.006000000000000227
2006-02-24,4.985,-0.011999999999999567
2006-03-03,5.054,0.06899999999999995
2006-03-10,5.154,0.09999999999999964
2006-03-17,5.027,-0.12699999999999978
2006-03-24,5.016,-0.01100000000000012
2006-03-31,5.024,0.008000000000000007
2006-04-07,5.053,0.028999999999999915
2006-04-14,5.125,0.07200000000000006
2006-04-21,5.127,0.0019999999999997797
2006-04-28,5.122,-0.004999999999999893
2006-05-05,5.128,0.006000000000000227
2006-05-12,5.069,-0.05900000000000016
2006-05-19,5.093,0.02400000000000002
2006-05-26,5.088,-0.004999999999999893
2006-06-02,5.097,0.009000000000000341
2006-06-09,5.211,0.11399999999999988
2006-06-16,5.198,-0.0129999999999999
2006-06-23,5.162,-0.036000000000000476
2006-06-30,5.129,-0.03300000000000036
2006-07-07,5.275,0.1460000000000008
2006-07-14,5.265,-0.010000000000000675
2006-07-21,5.141,-0.12399999999999967
2006-07-28,4.94,-0.20099999999999962
2006-08-04,5.144,0.20399999999999974
2006-08-11,5.15,0.006000000000000227
2006-08-18,5.087,-0.06300000000000061
2006-08-25,5.099,0.012000000000000455
2006-09-01,5.101,0.0019999999999997797
2006-09-08,5.076,-0.025000000000000355
2006-09-15,5.109,0.03300000000000036
2006-09-22,5.106,-0.0030000000000001137
2006-09-29,5.151,0.04499999999999993
2006-10-06,5.253,0.10200000000000031
2006-10-13,5.132,-0.12100000000000044
2006-10-20,5.221,0.08900000000000041
2006-10-27,5.307,0.0860000000000003
2006-11-03,5.329,0.021999999999999353
2006-11-10,5.326,-0.0030000000000001137
2006-11-17,5.269,-0.056999999999999496
2006-11-24,5.03,-0.23899999999999988
2006-12-01,5.368,0.3380000000000001
2006-12-08,5.357,-0.01100000000000012
2006-12-15,5.348,-0.009000000000000341
2006-12-22,5.361,0.0129999999999999
2006-12-29,5.369,0.008000000000000007
2007-01-05,5.37,0.001000000000000334
2007-01-12,5.317,-0.052999999999999936
2007-01-19,5.241,-0.07600000000000051
2007-01-26,5.224,-0.01699999999999946
2007-02-02,5.283,0.05900000000000016
2007-02-09,5.316,0.032999999999999474
2007-02-16,5.323,0.007000000000000561
2007-02-23,5.285,-0.038000000000000256
2007-03-02,5.267,-0.017999999999999794
2007-03-09,5.218,-0.04900000000000038
2007-03-16,5.235,0.017000000000000348
2007-03-23,5.218,-0.017000000000000348
2007-03-30,5.243,0.025000000000000355
2007-04-06,5.179,-0.06400000000000006
2007-04-13,5.125,-0.05400000000000027
2007-04-20,5.128,0.0030000000000001137
2007-04-27,5.089,-0.0389999999999997
2007-05-04,5.131,0.041999999999999815
2007-05-11,5.201,0.0699999999999994
2007-05-18,5.207,0.006000000000000227
2007-05-25,5.148,-0.05900000000000016
2007-06-01,5.18,0.03200000000000003
2007-06-08,5.17,-0.009999999999999787
2007-06-15,5.093,-0.07699999999999996
2007-06-22,5.108,0.01499999999999968
2007-06-29,5.122,0.014000000000000234
2007-07-06,5.198,0.07600000000000051
2007-07-13,5.201,0.0029999999999992255
2007-07-20,5.184,-0.01699999999999946
2007-07-27,5.206,0.02200000000000024
2007-08-03,5.142,-0.06400000000000006
2007-08-10,5.192,0.04999999999999982
2007-08-17,5.119,-0.0730000000000004
2007-08-24,5.161,0.041999999999999815
2007-08-31,5.021,-0.13999999999999968
2007-09-07,5.129,0.10799999999999965
2007-09-14,5.039,-0.08999999999999986
2007-09-21,5.027,-0.011999999999999567
2007-09-28,5.064,0.03699999999999992
2007-10-05,5.059,-0.004999999999999893
2007-10-12,5.102,0.04300000000000015
2007-10-19,5.122,0.019999999999999574
2007-10-26,5.114,-0.008000000000000007
2007-11-02,5.126,0.012000000000000455
2007-11-09,5.134,0.008000000000000007
2007-11-16,4.942,-0.19200000000000017
2007-11-23,5.117,0.17499999999999982
2007-11-30,5.133,0.016000000000000014
2007-12-07,5.117,-0.016000000000000014
2007-12-14,5.11,-0.006999999999999673
2007-12-21,5.117,0.006999999999999673
2007-12-28,5.078,-0.0389999999999997
2008-01-04,5.051,-0.027000000000000135
2008-01-11,5.013,-0.038000000000000256
2008-01-18,5.042,0.028999999999999915
2008-01-25,4.998,-0.043999999999999595
2008-02-01,5.013,0.01499999999999968
2008-02-08,5.044,0.030999999999999694
2008-02-15,5.034,-0.009999999999999787
2008-02-22,5.044,0.009999999999999787
2008-02-29,5.05,0.006000000000000227
2008-03-07,5.1,0.04999999999999982
2008-03-14,5.1,0.0
2008-03-21,5.103,0.0030000000000001137
2008-03-28,5.087,-0.016000000000000014
2008-04-04,5.097,0.010000000000000675
2008-04-11,5.096,-0.001000000000000334
2008-04-18,5.101,0.004999999999999893
2008-04-25,5.098,-0.0030000000000001137
2008-05-02,5.099,0.001000000000000334
2008-05-09,5.128,0.028999999999999915
2008-05-16,5.045,-0.08300000000000018
2008-05-23,5.128,0.08300000000000018
2008-05-30,5.139,0.01100000000000012
2008-06-06,5.114,-0.025000000000000355
2008-06-13,5.145,0.030999999999999694
2008-06-20,5.12,-0.024999999999999467
2008-06-27,5.123,0.0030000000000001137
2008-07-04,4.96,-0.16300000000000026
2008-07-11,5.139,0.17900000000000027
2008-07-18,5.165,0.0259999999999998
2008-07-25,5.16,-0.004999999999999893
2008-08-01,5.172,0.011999999999999567
2008-08-08,5.139,-0.032999999999999474
2008-08-15,5.078,-0.06099999999999994
2008-08-22,4.906,-0.1720000000000006
2008-08-29,5.097,0.19100000000000072
2008-09-05,4.084,-1.0130000000000008
2008-09-12,3.988,-0.09599999999999964
2008-09-19,3.932,-0.05600000000000005
2008-09-26,3.839,-0.09299999999999997
2008-10-03,4.422,0.5829999999999997
2008-10-10,4.572,0.15000000000000036
2008-10-17,4.63,0.05799999999999983
2008-10-24,4.675,0.04499999999999993
2008-10-31,4.776,0.10099999999999998
2008-11-07,4.885,0.10899999999999999
2008-11-14,4.943,0.05799999999999983
2008-11-21,5.006,0.06300000000000061
2008-11-28,5.118,0.1120000000000001
2008-12-05,5.152,0.03399999999999981
2008-12-12,4.967,-0.1850000000000005
2008-12-19,4.972,0.005000000000000782
2008-12-26,4.979,0.006999999999999673
2009-01-02,4.935,-0.04400000000000048
2009-01-09,4.917,-0.017999999999999794
2009-01-16,5.052,0.1349999999999998
2009-01-23,5.045,-0.006999999999999673
2009-01-30,5.235,0.1900000000000004
2009-02-06,5.327,0.09199999999999964
2009-02-13,5.323,-0.0039999999999995595
2009-02-20,5.3,-0.023000000000000576
2009-02-27,5.373,0.0730000000000004
2009-03-06,5.401,0.02799999999999958
2009-03-13,5.414,0.0129999999999999
2009-03-20,5.432,0.018000000000000682
2009-03-27,5.48,0.04800000000000004
2009-04-03,5.469,-0.01100000000000012
2009-04-10,5.482,0.0129999999999999
2009-04-17,5.421,-0.06099999999999994
2009-04-24,5.269,-0.15200000000000014
2009-05-01,5.28,0.01100000000000012
2009-05-08,5.306,0.0259999999999998
2009-05-15,5.352,0.04600000000000026
2009-05-22,5.364,0.011999999999999567
2009-05-29,5.358,-0.006000000000000227
2009-06-05,5.358,0.0
2009-06-12,5.273,-0.08499999999999996
2009-06-19,5.257,-0.016000000000000014
2009-06-26,5.163,-0.09399999999999942
2009-07-03,5.171,0.008000000000000007
2009-07-10,5.171,0.0
2009-07-17,5.176,0.004999999999999893
2009-07-24,5.107,-0.06899999999999995
2009-07-31,5.246,0.13900000000000023
2009-08-07,5.172,-0.07400000000000073
2009-08-14,5.169,-0.0030000000000001137
2009-08-21,5.173,0.004000000000000448
2009-08-28,5.244,0.07099999999999973
2009-09-04,5.266,0.02200000000000024
2009-09-11,5.304,0.038000000000000256
2009-09-18,5.3,-0.004000000000000448
2009-09-25,5.375,0.07500000000000018
2009-10-02,5.36,-0.01499999999999968
2009-10-09,5.377,0.01699999999999946
2009-10-16,5.371,-0.005999999999999339
2009-10-23,5.357,-0.014000000000000234
2009-10-30,5.391,0.03399999999999981
2009-11-06,5.506,0.11500000000000021
2009-11-13,5.317,-0.18900000000000006
2009-11-20,5.433,0.11599999999999966
2009-11-27,5.561,0.1280000000000001
2009-12-04,5.538,-0.022999999999999687
2009-12-11,5.524,-0.014000000000000234
2009-12-18,5.524,0.0
2009-12-25,5.512,-0.012000000000000455
2010-01-01,5.507,-0.004999999999999893
2010-01-08,5.496,-0.010999999999999233
2010-01-15,5.404,-0.09200000000000053
2010-01-22,5.421,0.017000000000000348
2010-01-29,5.403,-0.018000000000000682
2010-02-05,5.475,0.07200000000000006
2010-02-12,5.482,0.007000000000000561
2010-02-19,5.505,0.022999999999999687
2010-02-26,5.51,0.004999999999999893
2010-03-05,5.527,0.017000000000000348
2010-03-12,5.54,0.0129999999999999
2010-03-19,5.536,-0.004000000000000448
2010-03-26,5.489,-0.04699999999999971
2010-04-02,5.473,-0.016000000000000014
2010-04-09,5.475,0.0019999999999997797
2010-04-16,5.466,-0.008999999999999453
2010-04-23,5.488,0.02200000000000024
2010-04-30,5.522,0.03399999999999981
2010-05-07,5.533,0.01100000000000012
2010-05-14,5.516,-0.017000000000000348
2010-05-21,5.54,0.02400000000000002
2010-05-28,5.32,-0.21999999999999975
2010-06-04,5.445,0.125
2010-06-11,5.503,0.05799999999999983
2010-06-18,5.501,-0.0019999999999997797
2010-06-25,5.257,-0.24400000000000066
2010-07-02,5.414,0.15700000000000003
2010-07-09,5.352,-0.06199999999999939
2010-07-16,5.46,0.10799999999999965
2010-07-23,5.486,0.0259999999999998
2010-07-30,5.44,-0.045999999999999375
2010-08-06,5.239,-0.2010000000000005
2010-08-13,5.352,0.11300000000000043
2010-08-20,5.511,0.1589999999999998
2010-08-27,5.602,0.09100000000000019
2010-09-03,5.603,0.0009999999999994458
2010-09-10,5.573,-0.02999999999999936
2010-09-17,5.556,-0.017000000000000348
2010-09-24,5.562,0.006000000000000227
2010-10-01,5.514,-0.04800000000000004
2010-10-08,5.528,0.013999999999999346
2010-10-15,5.536,0.008000000000000007
2010-10-22,5.54,0.004000000000000448
2010-10-29,5.593,0.052999999999999936
2010-11-05,5.596,0.0030000000000001137
2010-11-12,5.597,0.001000000000000334
2010-11-19,5.581,-0.016000000000000014
2010-11-26,5.555,-0.02600000000000069
2010-12-03,5.582,0.027000000000000135
2010-12-10,5.604,0.02200000000000024
2010-12-17,5.598,-0.006000000000000227
2010-12-24,5.575,-0.022999999999999687
2010-12-31,5.598,0.022999999999999687
2011-01-07,5.575,-0.022999999999999687
2011-01-14,5.205,-0.3700000000000001
2011-01-21,5.321,0.11599999999999966
2011-01-28,5.568,0.2469999999999999
2011-02-04,5.597,0.029000000000000803
2011-02-11,5.61,0.0129999999999999
2011-02-18,5.604,-0.006000000000000227
2011-02-25,5.591,-0.0129999999999999
2011-03-04,5.593,0.0019999999999997797
2011-03-11,5.591,-0.0019999999999997797
2011-03-18,5.57,-0.020999999999999908
2011-03-25,5.568,-0.002000000000000668
2011-04-01,5.638,0.07000000000000028
2011-04-08,5.635,-0.0030000000000001137
2011-04-15,5.625,-0.009999999999999787
2011-04-22,5.61,-0.01499999999999968
2011-04-29,5.623,0.0129999999999999
2011-05-06,5.609,-0.014000000000000234
2011-05-13,5.618,0.009000000000000341
2011-05-20,5.583,-0.03500000000000014
2011-05-27,5.609,0.0259999999999998
2011-06-03,5.633,0.02400000000000002
2011-06-10,5.643,0.009999999999999787
2011-06-17,5.65,0.007000000000000561
2011-06-24,5.593,-0.057000000000000384
2011-07-01,5.52,-0.0730000000000004
2011-07-08,5.578,0.05800000000000072
2011-07-15,5.591,0.0129999999999999
2011-07-22,5.377,-0.2140000000000004
2011-07-29,5.523,0.1459999999999999
2011-08-05,5.529,0.006000000000000227
2011-08-12,5.561,0.03200000000000003
2011-08-19,5.591,0.03000000000000025
2011-08-26,5.598,0.006999999999999673
2011-09-02,5.642,0.04400000000000048
2011-09-09,5.083,-0.5590000000000002
2011-09-16,5.747,0.6639999999999997
2011-09-23,5.756,0.009000000000000341
2011-09-30,5.8,0.043999999999999595
2011-10-07,5.878,0.07800000000000029
2011-10-14,5.891,0.0129999999999999
2011-10-21,5.876,-0.01499999999999968
2011-10-28,5.818,-0.05800000000000072
2011-11-04,5.846,0.02800000000000047
2011-11-11,5.894,0.04800000000000004
2011-11-18,5.887,-0.007000000000000561
2011-11-25,5.864,-0.022999999999999687
2011-12-02,5.861,-0.0030000000000001137
2011-12-09,5.862,0.001000000000000334
2011-12-16,5.862,0.0
2011-12-23,5.846,-0.016000000000000014
2011-12-30,5.851,0.004999999999999893
2012-01-06,5.844,-0.006999999999999673
2012-01-13,5.726,-0.11800000000000033
2012-01-20,5.722,-0.0039999999999995595
2012-01-27,5.72,-0.002000000000000668
2012-02-03,5.763,0.04300000000000015
2012-02-10,5.819,0.05600000000000005
2012-02-17,5.817,-0.0019999999999997797
2012-02-24,5.814,-0.0030000000000001137
2012-03-02,5.806,-0.008000000000000007
2012-03-09,5.83,0.02400000000000002
2012-03-16,5.826,-0.004000000000000448
2012-03-23,5.821,-0.004999999999999893
2012-03-30,6.049,0.22800000000000065
2012-04-06,6.04,-0.009000000000000341
2012-04-13,6.043,0.0030000000000001137
2012-04-20,6.113,0.07000000000000028
2012-04-27,6.121,0.008000000000000007
2012-05-04,6.136,0.01499999999999968
2012-05-11,6.149,0.0129999999999999
2012-05-18,6.239,0.08999999999999986
2012-05-25,6.227,-0.011999999999999567
2012-06-01,6.245,0.017999999999999794
2012-06-08,6.236,-0.009000000000000341
2012-06-15,6.353,0.11699999999999999
2012-06-22,6.257,-0.09600000000000009
2012-06-29,6.094,-0.16299999999999937
2012-07-06,6.249,0.15499999999999936
2012-07-13,6.245,-0.0039999999999995595
2012-07-20,6.364,0.11899999999999977
2012-07-27,6.32,-0.043999999999999595
2012-08-03,6.218,-0.10200000000000031
2012-08-10,6.181,-0.03699999999999992
2012-08-17,6.246,0.06500000000000039
2012-08-24,6.258,0.011999999999999567
2012-08-31,5.486,-0.7720000000000002
2012-09-07,5.526,0.040000000000000036
2012-09-14,6.277,0.7510000000000003
2012-09-21,6.509,0.2320000000000002
2012-09-28,6.52,0.010999999999999233
2012-10-05,6.598,0.07800000000000029
2012-10-12,6.606,0.008000000000000007
2012-10-19,6.61,0.004000000000000448
2012-10-26,6.669,0.058999999999999275
2012-11-02,6.677,0.008000000000000007
2012-11-09,6.709,0.03200000000000003
2012-11-16,6.71,0.001000000000000334
2012-11-23,6.818,0.10799999999999965
2012-11-30,6.817,-0.0009999999999994458
2012-12-07,6.852,0.03500000000000014
2012-12-14,6.863,0.01100000000000012
2012-12-21,6.984,0.12099999999999955
2012-12-28,6.985,0.001000000000000334
2013-01-04,7.002,0.01699999999999946
2013-01-11,7.041,0.03900000000000059
2013-01-18,6.989,-0.05200000000000049
2013-01-25,6.993,0.004000000000000448
2013-02-01,6.997,0.0039999999999995595
2013-02-08,7.064,0.06700000000000017
2013-02-15,7.118,0.05400000000000027
2013-02-22,7.096,-0.02200000000000024
2013-03-01,7.093,-0.0030000000000001137
2013-03-08,7.159,0.06599999999999984
2013-03-15,7.15,-0.008999999999999453
2013-03-22,7.151,0.0009999999999994458
2013-03-29,7.151,0.0
2013-04-05,7.181,0.03000000000000025
2013-04-12,7.208,0.027000000000000135
2013-04-19,7.326,0.11799999999999944
2013-04-26,7.312,-0.013999999999999346
2013-05-03,7.369,0.056999999999999496
2013-05-10,7.321,-0.04800000000000004
2013-05-17,7.258,-0.06299999999999972
2013-05-24,7.292,0.03399999999999981
2013-05-31,7.3,0.008000000000000007
2013-06-07,7.224,-0.07599999999999962
2013-06-14,7.129,-0.09500000000000064
2013-06-21,7.261,0.13200000000000056
2013-06-28,7.267,0.006000000000000227
2013-07-05,7.401,0.13399999999999945
2013-07-12,7.49,0.08900000000000041
2013-07-19,7.555,0.0649999999999995
2013-07-26,7.542,-0.0129999999999999
2013-08-02,7.56,0.017999999999999794
2013-08-09,7.571,0.01100000000000012
2013-08-16,7.518,-0.052999999999999936
2013-08-23,7.609,0.09100000000000019
2013-08-30,7.621,0.012000000000000455
2013-09-06,7.745,0.12399999999999967
2013-09-13,7.827,0.08199999999999985
2013-09-20,7.777,-0.04999999999999982
2013-09-27,7.784,0.006999999999999673
2013-10-04,7.809,0.025000000000000355
2013-10-11,7.428,-0.3810000000000002
2013-10-18,7.896,0.46799999999999997
2013-10-25,7.853,-0.04300000000000015
2013-11-01,7.858,0.004999999999999893
2013-11-08,7.981,0.12300000000000022
2013-11-15,7.974,-0.006999999999999673
2013-11-22,8.019,0.04499999999999993
2013-11-29,8.011,-0.008000000000000895
2013-12-06,8.075,0.06400000000000006
2013-12-13,8.058,-0.01699999999999946
2013-12-20,8.111,0.053000000000000824
2013-12-27,8.121,0.009999999999999787
2014-01-03,8.145,0.023999999999999133
2014-01-10,8.159,0.014000000000001123
2014-01-17,8.052,-0.1070000000000011
2014-01-24,8.044,-0.007999999999999119
2014-01-31,8.044,0.0
2014-02-07,8.132,0.08799999999999919
2014-02-14,8.148,0.016000000000000014
2014-02-21,8.059,-0.08900000000000041
2014-02-28,8.077,0.018000000000000682
2014-03-07,8.182,0.10500000000000043
2014-03-14,8.215,0.032999999999999474
2014-03-21,8.19,-0.025000000000000355
2014-03-28,8.192,0.002000000000000668
2014-04-04,8.229,0.036999999999999034
2014-04-11,8.301,0.07200000000000095
2014-04-18,8.36,0.058999999999999275
2014-04-25,8.352,-0.007999999999999119
2014-05-02,8.35,-0.002000000000000668
2014-05-09,8.428,0.07800000000000118
2014-05-16,8.434,0.005999999999998451
2014-05-23,8.472,0.038000000000000256
2014-05-30,8.383,-0.08900000000000041
2014-06-06,8.46,0.07700000000000173
2014-06-13,8.477,0.01699999999999946
2014-06-20,8.446,-0.031000000000000583
2014-06-27,8.442,-0.0039999999999995595
2014-07-04,8.514,0.07199999999999918
2014-07-11,8.592,0.07800000000000118
2014-07-18,8.565,-0.027000000000001023
2014-07-25,8.443,-0.12199999999999989
2014-08-01,8.453,0.009999999999999787
2014-08-08,8.556,0.10299999999999976
2014-08-15,8.577,0.021000000000000796
2014-08-22,8.631,0.05400000000000027
2014-08-29,8.63,-0.0009999999999994458
2014-09-05,8.59,-0.040000000000000924
2014-09-12,8.838,0.24799999999999933
2014-09-19,8.867,0.02900000000000169
2014-09-26,8.837,-0.030000000000001137
2014-10-03,8.875,0.038000000000000256
2014-10-10,8.951,0.07600000000000051
2014-10-17,8.934,-0.017000000000001236
2014-10-24,8.97,0.036000000000001364
2014-10-31,8.972,0.0019999999999988916
2014-11-07,9.063,0.09100000000000108
2014-11-14,9.004,-0.05900000000000105
2014-11-21,9.077,0.0730000000000004
2014-11-28,9.083,0.006000000000000227
2014-12-05,9.118,0.03500000000000014
2014-12-12,9.137,0.019000000000000128
2014-12-19,9.127,-0.009999999999999787
2014-12-26,9.121,-0.006000000000000227
2015-01-02,9.132,0.010999999999999233
2015-01-09,9.192,0.0600000000000005
2015-01-16,9.186,-0.006000000000000227
2015-01-23,9.213,0.026999999999999247
2015-01-30,9.177,-0.03599999999999959
2015-02-06,9.226,0.049000000000001265
2015-02-13,9.28,0.053999999999998494
2015-02-20,9.285,0.005000000000000782
2015-02-27,9.324,0.0389999999999997
2015-03-06,9.366,0.041999999999999815
2015-03-13,9.419,0.053000000000000824
2015-03-20,9.422,0.0030000000000001137
2015-03-27,9.386,-0.036000000000001364
2015-04-03,9.404,0.018000000000000682
2015-04-10,9.384,-0.019999999999999574
2015-04-17,9.366,-0.018000000000000682
2015-04-24,9.373,0.006999999999999673
2015-05-01,9.369,-0.0039999999999995595
2015-05-08,9.374,0.005000000000000782
2015-05-15,9.262,-0.1120000000000001
2015-05-22,9.566,0.30400000000000027
2015-05-29,9.586,0.019999999999999574
2015-06-05,9.61,0.023999999999999133
2015-06-12,9.589,-0.02099999999999902
2015-06-19,9.604,0.014999999999998792
2015-06-26,9.595,-0.008999999999998565
2015-07-03,9.604,0.008999999999998565
2015-07-10,9.562,-0.041999999999999815
2015-07-17,9.558,-0.0039999999999995595
2015-07-24,9.413,-0.14499999999999957
2015-07-31,9.465,0.0519999999999996
2015-08-07,9.395,-0.07000000000000028
2015-08-14,9.348,-0.04699999999999882
2015-08-21,9.337,-0.011000000000001009
2015-08-28,9.218,-0.11899999999999977
2015-09-04,9.135,-0.08300000000000018
2015-09-11,9.117,-0.017999999999998906
2015-09-18,9.136,0.01899999999999835
2015-09-25,9.096,-0.03999999999999915
2015-10-02,9.172,0.07600000000000051
2015-10-09,9.096,-0.07600000000000051
2015-10-16,9.096,0.0
2015-10-23,9.112,0.016000000000000014
2015-10-30,9.16,0.04800000000000004
2015-11-06,9.185,0.025000000000000355
2015-11-13,9.182,-0.0030000000000001137
2015-11-20,9.165,-0.017000000000001236
2015-11-27,9.202,0.03700000000000081
2015-12-04,9.164,-0.038000000000000256
2015-12-11,9.176,0.012000000000000455
2015-12-18,9.179,0.0030000000000001137
2015-12-25,9.202,0.022999999999999687
2016-01-01,9.219,0.01699999999999946
2016-01-08,9.227,0.008000000000000895
2016-01-15,9.235,0.007999999999999119
2016-01-22,9.221,-0.013999999999999346
2016-01-29,9.214,-0.006999999999999673
2016-02-05,9.186,-0.02800000000000047
2016-02-12,9.135,-0.051000000000000156
2016-02-19,9.102,-0.032999999999999474
2016-02-26,9.077,-0.025000000000000355
2016-03-04,9.078,0.0009999999999994458
2016-03-11,9.068,-0.009999999999999787
2016-03-18,9.038,-0.02999999999999936
2016-03-25,9.022,-0.016000000000000014
2016-04-01,9.008,-0.014000000000001123
2016-04-08,8.977,-0.030999999999998806
2016-04-15,8.953,-0.02400000000000091
2016-04-22,8.938,-0.014999999999998792
2016-04-29,8.825,-0.11300000000000132
2016-05-06,8.802,-0.022999999999999687
2016-05-13,8.791,-0.010999999999999233
2016-05-20,8.767,-0.02400000000000091
2016-05-27,8.735,-0.03200000000000003
2016-06-03,8.745,0.009999999999999787
2016-06-10,8.716,-0.028999999999999915
2016-06-17,8.677,-0.0389999999999997
2016-06-24,8.622,-0.054999999999999716
2016-07-01,8.428,-0.19399999999999906
2016-07-08,8.485,0.05699999999999861
2016-07-15,8.494,0.009000000000000341
2016-07-22,8.515,0.021000000000000796
2016-07-29,8.46,-0.054999999999999716
2016-08-05,8.445,-0.015000000000000568
2016-08-12,8.597,0.15199999999999925
2016-08-19,8.548,-0.04899999999999949
2016-08-26,8.488,-0.0600000000000005
2016-09-02,8.458,-0.02999999999999936
2016-09-09,8.493,0.03500000000000014
2016-09-16,8.512,0.019000000000000128
2016-09-23,8.497,-0.015000000000000568
2016-09-30,8.467,-0.02999999999999936
2016-10-07,8.45,-0.017000000000001236
2016-10-14,8.464,0.014000000000001123
2016-10-21,8.504,0.03999999999999915
2016-10-28,8.522,0.018000000000000682
2016-11-04,8.692,0.16999999999999993
2016-11-11,8.681,-0.011000000000001009
2016-11-18,8.69,0.009000000000000341
2016-11-25,8.699,0.009000000000000341
2016-12-02,8.697,-0.002000000000000668
2016-12-09,8.796,0.0990000000000002
2016-12-16,8.786,-0.009999999999999787
2016-12-23,8.766,-0.019999999999999574
2016-12-30,8.77,0.0039999999999995595
2017-01-06,8.946,0.17600000000000016
2017-01-13,8.944,-0.0019999999999988916
2017-01-20,8.961,0.01699999999999946
2017-01-27,8.915,-0.04600000000000115
2017-02-03,8.978,0.06300000000000061
2017-02-10,8.977,-0.0009999999999994458
2017-02-17,9.001,0.023999999999999133
2017-02-24,9.032,0.031000000000000583
2017-03-03,9.088,0.05599999999999916
2017-03-10,9.109,0.021000000000000796
2017-03-17,9.129,0.019999999999999574
2017-03-24,9.147,0.018000000000000682
2017-03-31,9.199,0.0519999999999996
2017-04-07,9.235,0.03599999999999959
2017-04-14,9.252,0.017000000000001236
2017-04-21,9.265,0.0129999999999999
2017-04-28,9.293,0.027999999999998693
2017-05-05,9.314,0.021000000000000796
2017-05-12,9.305,-0.009000000000000341
2017-05-19,9.32,0.015000000000000568
2017-05-26,9.342,0.02200000000000024
2017-06-02,9.318,-0.02400000000000091
2017-06-09,9.33,0.012000000000000455
2017-06-16,9.35,0.019999999999999574
2017-06-23,9.25,-0.09999999999999964
2017-06-30,9.338,0.08799999999999919
2017-07-07,9.397,0.05900000000000105
2017-07-14,9.429,0.03200000000000003
2017-07-21,9.41,-0.019000000000000128
2017-07-28,9.43,0.019999999999999574
2017-08-04,9.423,-0.006999999999999673
2017-08-11,9.502,0.07900000000000063
2017-08-18,9.528,0.0259999999999998
2017-08-25,9.53,0.0019999999999988916
2017-09-01,8.781,-0.7489999999999988
2017-09-08,9.353,0.5719999999999992
2017-09-15,9.51,0.15700000000000003
2017-09-22,9.547,0.03700000000000081
2017-09-29,9.561,0.013999999999999346
2017-10-06,9.48,-0.08099999999999952
2017-10-13,8.406,-1.0739999999999998
2017-10-20,9.507,1.100999999999999
2017-10-27,9.553,0.04600000000000115
2017-11-03,9.62,0.0669999999999984
2017-11-10,9.645,0.025000000000000355
2017-11-17,9.658,0.0129999999999999
2017-11-24,9.682,0.02400000000000091
2017-12-01,9.707,0.025000000000000355
2017-12-08,9.78,0.07299999999999862
2017-12-15,9.789,0.009000000000000341
2017-12-22,9.754,-0.03500000000000014
2017-12-29,9.782,0.02800000000000047
2018-01-05,9.492,-0.28999999999999915
2018-01-12,9.75,0.2579999999999991
2018-01-19,9.878,0.1280000000000001
2018-01-26,9.919,0.04100000000000037
2018-02-02,10.251,0.33199999999999896
2018-02-09,10.271,0.02000000000000135
2018-02-16,10.27,-0.0010000000000012221
2018-02-23,10.283,0.0129999999999999
2018-03-02,10.369,0.0860000000000003
2018-03-09,10.381,0.012000000000000455
2018-03-16,10.407,0.0259999999999998
2018-03-23,10.433,0.0259999999999998
2018-03-30,10.46,0.027000000000001023
2018-04-06,10.525,0.0649999999999995
2018-04-13,10.54,0.014999999999998792
2018-04-20,10.586,0.04600000000000115
2018-04-27,10.619,0.032999999999999474
2018-05-04,10.703,0.08399999999999963
2018-05-11,10.723,0.02000000000000135
2018-05-18,10.725,0.0019999999999988916
2018-05-25,10.769,0.04400000000000048
2018-06-01,10.8,0.031000000000000583
2018-06-08,10.9,0.09999999999999964
2018-06-15,10.9,0.0
2018-06-22,10.9,0.0
2018-06-29,10.9,0.0
2018-07-06,10.9,0.0
2018-07-13,11.0,0.09999999999999964
2018-07-20,11.0,0.0
2018-07-27,10.9,-0.09999999999999964
2018-08-03,10.8,-0.09999999999999964
2018-08-10,10.9,0.09999999999999964
2018-08-17,11.0,0.09999999999999964
2018-08-24,11.0,0.0
2018-08-31,11.0,0.0
2018-09-07,10.9,-0.09999999999999964
2018-09-14,11.0,0.09999999999999964
2018-09-21,11.1,0.09999999999999964
2018-09-28,11.1,0.0
2018-10-05,11.2,0.09999999999999964
2018-10-12,10.9,-0.29999999999999893
2018-10-19,10.9,0.0
2018-10-26,11.2,0.29999999999999893
2018-11-02,11.6,0.40000000000000036
2018-11-09,11.7,0.09999999999999964
2018-11-16,11.7,0.0
2018-11-23,11.7,0.0
2018-11-30,11.7,0.0
2018-12-07,11.6,-0.09999999999999964
2018-12-14,11.6,0.0
2018-12-21,11.7,0.09999999999999964
2018-12-28,11.7,0.0
2019-01-04,11.7,0.0
2019-01-11,11.9,0.20000000000000107
2019-01-18,11.9,0.0
2019-01-25,11.9,0.0
2019-02-01,11.9,0.0
2019-02-08,11.9,0.0
2019-02-15,12.0,0.09999999999999964
2019-02-22,12.1,0.09999999999999964
2019-03-01,12.1,0.0
2019-03-08,12.0,-0.09999999999999964
2019-03-15,12.1,0.09999999999999964
2019-03-22,12.1,0.0
2019-03-29,12.2,0.09999999999999964
2019-04-05,12.2,0.0
2019-04-12,12.1,-0.09999999999999964
2019-04-19,12.2,0.09999999999999964
2019-04-26,12.3,0.10000000000000142
2019-05-03,12.2,-0.10000000000000142
2019-05-10,12.1,-0.09999999999999964
2019-05-17,12.2,0.09999999999999964
2019-05-24,12.3,0.10000000000000142
2019-05-31,12.4,0.09999999999999964
2019-06-07,12.3,-0.09999999999999964
2019-06-14,12.2,-0.10000000000000142
2019-06-21,12.1,-0.09999999999999964
2019-06-28,12.2,0.09999999999999964
2019-07-05,12.3,0.10000000000000142
2019-07-12,12.0,-0.3000000000000007
2019-07-19,11.3,-0.6999999999999993
2019-07-26,12.2,0.8999999999999986
2019-08-02,12.3,0.10000000000000142
2019-08-09,12.3,0.0
2019-08-16,12.3,0.0
2019-08-23,12.5,0.1999999999999993
2019-08-30,12.4,-0.09999999999999964
2019-09-06,12.4,0.0
2019-09-13,12.4,0.0
2019-09-20,12.5,0.09999999999999964
2019-09-27,12.4,-0.09999999999999964
2019-10-04,12.6,0.1999999999999993
2019-10-11,12.6,0.0
2019-10-18,12.6,0.0
2019-10-25,12.6,0.0
2019-11-01,12.6,0.0
2019-11-08,12.8,0.20000000000000107
2019-11-15,12.8,0.0
2019-11-22,12.9,0.09999999999999964
2019-11-29,12.9,0.0
2019-12-06,12.8,-0.09999999999999964
2019-12-13,12.8,0.0
2019-12-20,12.9,0.09999999999999964
2019-12-27,12.9,0.0
2020-01-03,12.9,0.0
2020-01-10,13.0,0.09999999999999964
2020-01-17,13.0,0.0
2020-01-24,13.0,0.0
2020-01-31,12.9,-0.09999999999999964
2020-02-07,13.0,0.09999999999999964
2020-02-14,13.0,0.0
2020-02-21,13.0,0.0
2020-02-28,13.1,0.09999999999999964
2020-03-06,13.0,-0.09999999999999964
2020-03-13,13.1,0.09999999999999964
2020-03-20,13.0,-0.09999999999999964
2020-03-27,13.0,0.0
2020-04-03,12.4,-0.5999999999999996
2020-04-10,12.3,-0.09999999999999964
2020-04-17,12.2,-0.10000000000000142
2020-04-24,12.1,-0.09999999999999964
2020-05-01,11.9,-0.1999999999999993
2020-05-08,11.6,-0.3000000000000007
2020-05-15,11.5,-0.09999999999999964
2020-05-22,11.4,-0.09999999999999964
2020-05-29,11.2,-0.20000000000000107
2020-06-05,11.1,-0.09999999999999964
2020-06-12,10.5,-0.5999999999999996
2020-06-19,11.0,0.5
2020-06-26,11.0,0.0
2020-07-03,11.0,0.0
2020-07-10,11.0,0.0
2020-07-17,11.1,0.09999999999999964
2020-07-24,11.1,0.0
2020-07-31,11.0,-0.09999999999999964
2020-08-07,10.7,-0.3000000000000007
2020-08-14,10.7,0.0
2020-08-21,10.8,0.10000000000000142
2020-08-28,9.7,-1.1000000000000014
2020-09-04,10.0,0.3000000000000007
2020-09-11,10.9,0.9000000000000004
2020-09-18,10.7,-0.20000000000000107
2020-09-25,10.7,0.0
2020-10-02,11.0,0.3000000000000007
2020-10-09,10.5,-0.5
2020-10-16,9.9,-0.5999999999999996
2020-10-23,11.1,1.1999999999999993
2020-10-30,10.5,-0.5999999999999996
2020-11-06,10.5,0.0
2020-11-13,10.9,0.40000000000000036
2020-11-20,11.0,0.09999999999999964
2020-11-27,11.1,0.09999999999999964
2020-12-04,11.1,0.0
2020-12-11,11.0,-0.09999999999999964
2020-12-18,11.0,0.0
2020-12-25,11.0,0.0
2021-01-01,11.0,0.0
2021-01-08,11.0,0.0
2021-01-15,11.0,0.0
2021-01-22,10.9,-0.09999999999999964
2021-01-29,10.9,0.0
2021-02-05,11.0,0.09999999999999964
2021-02-12,10.8,-0.1999999999999993
2021-02-19,9.7,-1.1000000000000014
2021-02-26,10.0,0.3000000000000007
2021-03-05,10.9,0.9000000000000004
2021-03-12,10.9,0.0
2021-03-19,11.0,0.09999999999999964
2021-03-26,11.1,0.09999999999999964
2021-04-02,10.9,-0.1999999999999993
2021-04-09,11.0,0.09999999999999964
2021-04-16,11.0,0.0
2021-04-23,10.9,-0.09999999999999964
2021-04-30,10.9,0.0
2021-05-07,11.0,0.09999999999999964
2021-05-14,11.0,0.0
2021-05-21,11.0,0.0
2021-05-28,10.8,-0.1999999999999993
2021-06-04,11.0,0.1999999999999993
2021-06-11,11.2,0.1999999999999993
2021-06-18,11.1,-0.09999999999999964
2021-06-25,11.1,0.0
2021-07-02,11.3,0.20000000000000107
2021-07-09,11.4,0.09999999999999964
2021-07-16,11.4,0.0
2021-07-23,11.2,-0.20000000000000107
2021-07-30,11.2,0.0
2021-08-06,11.3,0.10000000000000142
2021-08-13,11.4,0.09999999999999964
2021-08-20,11.4,0.0
2021-08-27,11.5,0.09999999999999964
2021-09-03,10.0,-1.5
2021-09-10,10.1,0.09999999999999964
2021-09-17,10.6,0.5
2021-09-24,11.1,0.5
2021-10-01,11.3,0.20000000000000107
2021-10-08,11.4,0.09999999999999964
2021-10-15,11.3,-0.09999999999999964
2021-10-22,11.3,0.0
2021-10-29,11.5,0.1999999999999993
2021-11-05,11.5,0.0
2021-11-12,11.4,-0.09999999999999964
2021-11-19,11.5,0.09999999999999964
2021-11-26,11.6,0.09999999999999964
2021-12-03,11.7,0.09999999999999964
2021-12-10,11.7,0.0
2021-12-17,11.6,-0.09999999999999964
2021-12-24,11.8,0.20000000000000107
2021-12-31,11.8,0.0
2022-01-07,11.7,-0.10000000000000142
2022-01-14,11.7,0.0
2022-01-21,11.6,-0.09999999999999964
2022-01-28,11.5,-0.09999999999999964
2022-02-04,11.6,0.09999999999999964
2022-02-11,11.6,0.0
2022-02-18,11.6,0.0
2022-02-25,11.6,0.0
2022-03-04,11.6,0.0
2022-03-11,11.6,0.0
2022-03-18,11.6,0.0
2022-03-25,11.7,0.09999999999999964
2022-04-01,11.8,0.10000000000000142
2022-04-08,11.8,0.0
2022-04-15,11.9,0.09999999999999964
2022-04-22,11.9,0.0
2022-04-29,11.9,0.0
2022-05-06,11.8,-0.09999999999999964
2022-05-13,11.9,0.09999999999999964
2022-05-20,11.9,0.0
2022-05-27,11.9,0.0
2022-06-03,11.9,0.0
2022-06-10,12.0,0.09999999999999964
2022-06-17,12.0,0.0
2022-06-24,12.1,0.09999999999999964
2022-07-01,12.1,0.0
2022-07-08,12.0,-0.09999999999999964
2022-07-15,11.9,-0.09999999999999964
2022-07-22,12.1,0.1999999999999993
2022-07-29,12.1,0.0
2022-08-05,12.2,0.09999999999999964
2022-08-12,12.1,-0.09999999999999964
2022-08-19,12.0,-0.09999999999999964
2022-08-26,12.1,0.09999999999999964
2022-09-02,12.1,0.0
2022-09-09,12.1,0.0
2022-09-16,12.1,0.0
2022-09-23,12.0,-0.09999999999999964
2022-09-30,12.0,0.0
2022-10-07,11.9,-0.09999999999999964
2022-10-14,12.0,0.09999999999999964
2022-10-21,12.0,0.0
2022-10-28,11.9,-0.09999999999999964
2022-11-04,12.1,0.1999999999999993
2022-11-11,12.1,0.0
2022-11-18,12.1,0.0
2022-11-25,12.1,0.0
2022-12-02,12.2,0.09999999999999964
2022-12-09,12.1,-0.09999999999999964
2022-12-16,12.1,0.0
2022-12-23,12.0,-0.09999999999999964
2022-12-30,12.1,0.09999999999999964
2023-01-06,12.2,0.09999999999999964
2023-01-13,12.2,0.0
2023-01-20,12.2,0.0
2023-01-27,12.2,0.0
2023-02-03,12.3,0.10000000000000142
2023-02-10,12.3,0.0
2023-02-17,12.3,0.0
2023-02-24,12.3,0.0
2023-03-03,12.2,-0.10000000000000142
2023-03-10,12.2,0.0
2023-03-17,12.3,0.10000000000000142
2023-03-24,12.2,-0.10000000000000142
2023-03-31,12.2,0.0
2023-04-07,12.3,0.10000000000000142
2023-04-14,12.3,0.0
2023-04-21,12.2,-0.10000000000000142
2023-04-28,12.3,0.10000000000000142
2023-05-05,12.3,0.0
2023-05-12,12.2,-0.10000000000000142
2023-05-19,12.3,0.10000000000000142
2023-05-26,12.2,-0.10000000000000142
2023-06-02,12.4,0.20000000000000107
2023-06-09,12.4,0.0
2023-06-16,12.2,-0.20000000000000107
2023-06-23,12.2,0.0
2023-06-30,12.4,0.20000000000000107
2023-07-07,12.3,-0.09999999999999964
2023-07-14,12.3,0.0
2023-07-21,12.2,-0.10000000000000142
2023-07-28,12.2,0.0
2023-08-04,12.6,0.40000000000000036
2023-08-11,12.7,0.09999999999999964
2023-08-18,12.8,0.10000000000000142
2023-08-25,12.8,0.0
2023-09-01,12.8,0.0
2023-09-08,12.9,0.09999999999999964
2023-09-15,12.9,0.0
2023-09-22,12.9,0.0
2023-09-29,12.9,0.0
2023-10-06,13.2,0.29999999999999893
2023-10-13,13.2,0.0
2023-10-20,13.2,0.0
2023-10-27,13.2,0.0
2023-11-03,13.2,0.0
2023-11-10,13.2,0.0
2023-11-17,13.2,0.0
2023-11-24,13.2,0.0
2023-12-01,13.1,-0.09999999999999964
2023-12-08,13.1,0.0
2023-12-15,13.3,0.20000000000000107
2023-12-22,13.3,0.0
2023-12-29,13.2,-0.10000000000000142
2024-01-05,13.2,0.0
2024-01-12,13.3,0.10000000000000142
2024-01-19,12.3,-1.0
2024-01-26,13.0,0.6999999999999993
2024-02-02,13.3,0.3000000000000007
2024-02-09,13.3,0.0
2024-02-16,13.3,0.0
2024-02-23,13.3,0.0
2024-03-01,13.2,-0.10000000000000142
2024-03-08,13.1,-0.09999999999999964
2024-03-15,13.1,0.0
2024-03-22,13.1,0.0
2024-03-29,13.1,0.0
2024-04-05,13.1,0.0
2024-04-12,13.1,0.0
2024-04-19,13.1,0.0
2024-04-26,13.1,0.0
2024-05-03,13.1,0.0
2024-05-10,13.1,0.0
2024-05-17,13.1,0.0
2024-05-24,13.1,0.0
2024-05-31,13.1,0.0
2024-06-07,13.2,0.09999999999999964
2024-06-14,13.2,0.0
2024-06-21,13.2,0.0
2024-06-28,13.2,0.0
2024-07-05,13.3,0.10000000000000142
2024-07-12,13.3,0.0
2024-07-19,13.3,0.0
2024-07-26,13.3,0.0
2024-08-02,13.4,0.09999999999999964
2024-08-09,13.3,-0.09999999999999964
2024-08-16,13.4,0.09999999999999964
2024-08-23,13.3,-0.09999999999999964
2024-08-30,13.3,0.0
2024-09-06,13.3,0.0
2024-09-13,13.2,-0.10000000000000142
2024-09-20,13.2,0.0
2024-09-27,13.3,0.10000000000000142
2024-10-04,13.4,0.09999999999999964
2024-10-11,13.5,0.09999999999999964
2024-10-18,13.5,0.0
2024-10-25,13.5,0.0
2024-11-01,13.5,0.0
2024-11-08,13.4,-0.09999999999999964
2024-11-15,13.201,-0.19899999999999984
2024-11-22,13.493,0.2919999999999998
2024-11-29,13.513,0.019999999999999574
2024-12-06,13.631,0.11800000000000033
2024-12-13,13.604,-0.027000000000001023
2024-12-20,13.585,-0.01899999999999835
2024-12-27,13.573,-0.012000000000000455
2025-01-03,13.563,-0.009999999999999787
2025-01-10,13.481,-0.08200000000000074
2025-01-17,13.477,-0.0039999999999995595
2025-01-24,13.24,-0.2370000000000001
2025-01-31,13.478,0.23799999999999955
2025-02-07,13.494,0.016000000000000014
2025-02-14,13.497,0.0030000000000001137
2025-02-21,13.502,0.005000000000000782
2025-02-28,13.508,0.005999999999998451
2025-03-07,13.575,0.06700000000000017
2025-03-14,13.573,-0.0019999999999988916
2025-03-21,13.574,0.0009999999999994458
2025-03-28,13.58,0.006000000000000227
2025-04-04,13.458,-0.12199999999999989
2025-04-11,13.462,0.0039999999999995595
2025-04-18,13.46,-0.0019999999999988916
2025-04-25,13.465,0.004999999999999005
2025-05-02,13.367,-0.09799999999999898
2025-05-09,13.387,0.019999999999999574
2025-05-16,13.392,0.004999999999999005
2025-05-23,13.401,0.009000000000000341
2025-05-30,13.408,0.006999999999999673
2025-06-06,13.428,0.02000000000000135
2025-06-13,13.431,0.0029999999999983373
2025-06-20,13.435,0.004000000000001336
2025-06-27,13.433,-0.002000000000000668
2025-07-04,13.385,-0.04800000000000004
2025-07-11,13.375,-0.009999999999999787
2025-07-18,13.273,-0.10200000000000031
2025-07-25,13.314,0.04100000000000037
2025-08-01,13.284,-0.02999999999999936
2025-08-08,13.327,0.04299999999999926
2025-08-15,13.382,0.054999999999999716
2025-08-22,13.439,0.057000000000000384
2025-08-29,13.423,-0.016000000000000014
2025-09-05,13.495,0.07199999999999918
2025-09-12,13.482,-0.0129999999999999
2025-09-19,13.501,0.019000000000000128
2025-09-26,13.505,0.004000000000001336
2025-10-03,13.629,0.12399999999999878
2025-10-10,13.636,0.006999999999999673
2025-10-17,13.629,-0.006999999999999673
2025-10-24,13.644,0.015000000000000568
2025-10-31,13.651,0.006999999999999673
2025-11-07,13.862,0.2110000000000003
2025-11-14,13.834,-0.02800000000000047
2025-11-21,13.814,-0.019999999999999574
2025-11-28,13.815,0.0009999999999994458
2025-12-05,13.853,0.038000000000000256
2025-12-12,13.843,-0.009999999999999787
2025-12-19,13.825,-0.018000000000000682
2025-12-26,13.827,0.002000000000000668
2026-01-02,13.811,-0.016000000000000014
2026-01-09,13.753,-0.05799999999999983
2026-01-16,13.732,-0.021000000000000796
2026-01-23,13.696,-0.03599999999999959
2026-01-30,13.215,-0.48099999999999987
2026-02-06,13.713,0.49799999999999933
2026-02-13,13.735,0.02200000000000024
2026-02-20,13.702,-0.032999999999999474
2026-02-27,13.696,-0.006000000000000227
2026-03-06,13.678,-0.017999999999998906
2026-03-13,13.668,-0.010000000000001563
2026-03-20,13.657,-0.010999999999999233
2026-03-27,13.657,0.0
2026-04-03,13.596,-0.06099999999999994
2026-04-10,13.596,0.0
