period,refinery_util_pct,refinery_util_pct_change
1990-11-02,84.0,
1990-11-09,83.0,-1.0
1990-11-16,84.0,1.0
1990-11-23,84.0,0.0
1990-11-30,89.0,5.0
1990-12-07,82.0,-7.0
1990-12-14,83.0,1.0
1990-12-21,84.0,1.0
1990-12-28,84.0,0.0
1991-01-04,80.0,-4.0
1991-01-11,80.0,0.0
1991-01-18,82.0,2.0
1991-01-25,83.0,1.0
1991-02-01,83.0,0.0
1991-02-08,84.0,1.0
1991-02-15,84.0,0.0
1991-02-22,85.0,1.0
1991-03-01,85.0,0.0
1991-03-08,84.0,-1.0
1991-03-15,83.0,-1.0
1991-03-22,82.0,-1.0
1991-03-29,81.0,-1.0
1991-04-05,83.0,2.0
1991-04-12,83.0,0.0
1991-04-19,84.0,1.0
1991-04-26,85.0,1.0
1991-05-03,86.6,1.5999999999999943
1991-05-10,87.0,0.4000000000000057
1991-05-17,86.0,-1.0
1991-05-24,87.0,1.0
1991-05-31,90.0,3.0
1991-06-07,88.0,-2.0
1991-06-14,90.0,2.0
1991-06-21,90.0,0.0
1991-06-28,89.0,-1.0
1991-07-05,88.0,-1.0
1991-07-12,86.0,-2.0
1991-07-19,89.0,3.0
1991-07-26,89.0,0.0
1991-08-02,88.0,-1.0
1991-08-09,88.0,0.0
1991-08-16,88.0,0.0
1991-08-23,89.0,1.0
1991-08-30,90.0,1.0
1991-09-06,91.0,1.0
1991-09-13,89.0,-2.0
1991-09-20,89.0,0.0
1991-09-27,87.0,-2.0
1991-10-04,87.0,0.0
1991-10-11,86.0,-1.0
1991-10-18,83.0,-3.0
1991-10-25,82.0,-1.0
1991-11-01,82.0,0.0
1991-11-08,81.0,-1.0
1991-11-15,82.0,1.0
1991-11-22,86.0,4.0
1991-11-29,84.0,-2.0
1991-12-06,83.0,-1.0
1991-12-13,86.0,3.0
1991-12-20,87.0,1.0
1991-12-27,87.0,0.0
1992-01-03,85.0,-2.0
1992-01-10,86.0,1.0
1992-01-17,84.0,-2.0
1992-01-24,81.0,-3.0
1992-01-31,80.0,-1.0
1992-02-07,82.0,2.0
1992-02-14,80.0,-2.0
1992-02-21,80.0,0.0
1992-02-28,79.0,-1.0
1992-03-06,79.0,0.0
1992-03-13,82.0,3.0
1992-03-20,84.0,2.0
1992-03-27,85.0,1.0
1992-04-03,87.0,2.0
1992-04-10,86.0,-1.0
1992-04-17,86.0,0.0
1992-04-24,85.0,-1.0
1992-05-01,85.0,0.0
1992-05-08,84.0,-1.0
1992-05-15,87.0,3.0
1992-05-22,87.0,0.0
1992-05-29,89.0,2.0
1992-06-05,89.0,0.0
1992-06-12,89.0,0.0
1992-06-19,90.0,1.0
1992-06-26,92.0,2.0
1992-07-03,91.0,-1.0
1992-07-10,91.0,0.0
1992-07-17,91.0,0.0
1992-07-24,90.0,-1.0
1992-07-31,89.0,-1.0
1992-08-07,90.0,1.0
1992-08-14,89.0,-1.0
1992-08-21,89.0,0.0
1992-08-28,86.0,-3.0
1992-09-04,85.0,-1.0
1992-09-11,90.0,5.0
1992-09-18,89.0,-1.0
1992-09-25,89.0,0.0
1992-10-02,90.0,1.0
1992-10-09,88.0,-2.0
1992-10-16,88.0,0.0
1992-10-23,90.0,2.0
1992-10-30,90.0,0.0
1992-11-06,90.0,0.0
1992-11-13,90.0,0.0
1992-11-20,89.0,-1.0
1992-11-27,90.0,1.0
1992-12-04,90.0,0.0
1992-12-11,87.0,-3.0
1992-12-18,88.0,1.0
1992-12-25,87.0,-1.0
1993-01-01,88.0,1.0
1993-01-08,87.0,-1.0
1993-01-15,86.0,-1.0
1993-01-22,87.0,1.0
1993-01-29,87.0,0.0
1993-02-05,85.0,-2.0
1993-02-12,87.0,2.0
1993-02-19,87.0,0.0
1993-02-26,85.0,-2.0
1993-03-05,85.0,0.0
1993-03-12,86.0,1.0
1993-03-19,88.0,2.0
1993-03-26,87.0,-1.0
1993-04-02,90.0,3.0
1993-04-09,87.0,-3.0
1993-04-16,90.0,3.0
1993-04-23,92.0,2.0
1993-04-30,93.0,1.0
1993-05-07,92.0,-1.0
1993-05-14,91.0,-1.0
1993-05-21,92.0,1.0
1993-05-28,94.0,2.0
1993-06-04,94.0,0.0
1993-06-11,94.0,0.0
1993-06-18,95.0,1.0
1993-06-25,95.0,0.0
1993-07-02,96.0,1.0
1993-07-09,96.0,0.0
1993-07-16,95.5,-0.5
1993-07-23,95.5,0.0
1993-07-30,94.5,-1.0
1993-08-06,95.1,0.5999999999999943
1993-08-13,94.1,-1.0
1993-08-20,93.6,-0.5
1993-08-27,93.6,0.0
1993-09-03,92.3,-1.2999999999999972
1993-09-10,92.3,0.0
1993-09-17,92.6,0.29999999999999716
1993-09-24,92.7,0.10000000000000853
1993-10-01,92.8,0.09999999999999432
1993-10-08,92.5,-0.29999999999999716
1993-10-15,92.2,-0.29999999999999716
1993-10-22,91.1,-1.1000000000000085
1993-10-29,91.7,0.6000000000000085
1993-11-05,91.8,0.09999999999999432
1993-11-12,91.7,-0.09999999999999432
1993-11-19,91.9,0.20000000000000284
1993-11-26,91.4,-0.5
1993-12-03,92.6,1.1999999999999886
1993-12-10,92.1,-0.5
1993-12-17,91.6,-0.5
1993-12-24,90.0,-1.5999999999999943
1993-12-31,92.7,2.700000000000003
1994-01-07,89.9,-2.799999999999997
1994-01-14,90.9,1.0
1994-01-21,89.7,-1.2000000000000028
1994-01-28,87.3,-2.4000000000000057
1994-02-04,88.2,0.9000000000000057
1994-02-11,89.5,1.2999999999999972
1994-02-18,89.6,0.09999999999999432
1994-02-25,87.3,-2.299999999999997
1994-03-04,85.7,-1.5999999999999943
1994-03-11,87.5,1.7999999999999972
1994-03-18,87.0,-0.5
1994-03-25,86.0,-1.0
1994-04-01,87.5,1.5
1994-04-08,88.7,1.2000000000000028
1994-04-15,92.2,3.5
1994-04-22,95.6,3.3999999999999915
1994-04-29,95.8,0.20000000000000284
1994-05-06,96.6,0.7999999999999972
1994-05-13,97.3,0.7000000000000028
1994-05-20,94.8,-2.5
1994-05-27,96.3,1.5
1994-06-03,95.8,-0.5
1994-06-10,97.2,1.4000000000000057
1994-06-17,95.7,-1.5
1994-06-24,97.2,1.5
1994-07-01,96.2,-1.0
1994-07-08,94.8,-1.4000000000000057
1994-07-15,96.0,1.2000000000000028
1994-07-22,95.1,-0.9000000000000057
1994-07-29,94.7,-0.3999999999999915
1994-08-05,95.7,1.0
1994-08-12,96.5,0.7999999999999972
1994-08-19,96.1,-0.4000000000000057
1994-08-26,96.5,0.4000000000000057
1994-09-02,95.9,-0.5999999999999943
1994-09-09,96.8,0.8999999999999915
1994-09-16,94.4,-2.3999999999999915
1994-09-23,94.0,-0.4000000000000057
1994-09-30,93.8,-0.20000000000000284
1994-10-07,92.2,-1.5999999999999943
1994-10-14,90.4,-1.7999999999999972
1994-10-21,89.6,-0.8000000000000114
1994-10-28,86.8,-2.799999999999997
1994-11-04,90.2,3.4000000000000057
1994-11-11,90.0,-0.20000000000000284
1994-11-18,92.8,2.799999999999997
1994-11-25,95.3,2.5
1994-12-02,95.0,-0.29999999999999716
1994-12-09,91.8,-3.200000000000003
1994-12-16,92.9,1.1000000000000085
1994-12-23,92.8,-0.10000000000000853
1994-12-30,93.9,1.1000000000000085
1995-01-06,95.3,1.3999999999999915
1995-01-13,92.7,-2.5999999999999943
1995-01-20,90.4,-2.299999999999997
1995-01-27,88.8,-1.6000000000000085
1995-02-03,89.5,0.7000000000000028
1995-02-10,89.3,-0.20000000000000284
1995-02-17,90.2,0.9000000000000057
1995-02-24,89.2,-1.0
1995-03-03,90.8,1.5999999999999943
1995-03-10,91.0,0.20000000000000284
1995-03-17,89.2,-1.7999999999999972
1995-03-24,89.1,-0.10000000000000853
1995-03-31,88.3,-0.7999999999999972
1995-04-07,89.1,0.7999999999999972
1995-04-14,89.5,0.4000000000000057
1995-04-21,93.6,4.099999999999994
1995-04-28,92.8,-0.7999999999999972
1995-05-05,91.3,-1.5
1995-05-12,91.8,0.5
1995-05-19,93.9,2.1000000000000085
1995-05-26,95.8,1.8999999999999915
1995-06-02,95.9,0.10000000000000853
1995-06-09,96.0,0.09999999999999432
1995-06-16,95.9,-0.09999999999999432
1995-06-23,96.5,0.5999999999999943
1995-06-30,94.8,-1.7000000000000028
1995-07-07,93.9,-0.8999999999999915
1995-07-14,94.7,0.7999999999999972
1995-07-21,93.5,-1.2000000000000028
1995-07-28,94.1,0.5999999999999943
1995-08-04,94.0,-0.09999999999999432
1995-08-11,93.5,-0.5
1995-08-18,93.4,-0.09999999999999432
1995-08-25,93.3,-0.10000000000000853
1995-09-01,95.1,1.7999999999999972
1995-09-08,95.9,0.8000000000000114
1995-09-15,96.0,0.09999999999999432
1995-09-22,94.2,-1.7999999999999972
1995-09-29,94.7,0.5
1995-10-06,92.4,-2.299999999999997
1995-10-13,88.5,-3.9000000000000057
1995-10-20,90.0,1.5
1995-10-27,89.7,-0.29999999999999716
1995-11-03,89.3,-0.4000000000000057
1995-11-10,88.2,-1.0999999999999943
1995-11-17,90.5,2.299999999999997
1995-11-24,91.5,1.0
1995-12-01,94.1,2.5999999999999943
1995-12-08,94.6,0.5
1995-12-15,92.7,-1.8999999999999915
1995-12-22,92.0,-0.7000000000000028
1995-12-29,93.2,1.2000000000000028
1996-01-05,93.2,0.0
1996-01-12,91.3,-1.9000000000000057
1996-01-19,91.6,0.29999999999999716
1996-01-26,90.6,-1.0
1996-02-02,90.5,-0.09999999999999432
1996-02-09,90.7,0.20000000000000284
1996-02-16,90.4,-0.29999999999999716
1996-02-23,89.5,-0.9000000000000057
1996-03-01,90.8,1.2999999999999972
1996-03-08,90.5,-0.29999999999999716
1996-03-15,90.5,0.0
1996-03-22,90.9,0.4000000000000057
1996-03-29,93.1,2.1999999999999886
1996-04-05,92.5,-0.5999999999999943
1996-04-12,93.8,1.2999999999999972
1996-04-19,93.3,-0.5
1996-04-26,93.8,0.5
1996-05-03,94.3,0.5
1996-05-10,92.9,-1.3999999999999915
1996-05-17,92.9,0.0
1996-05-24,95.2,2.299999999999997
1996-05-31,95.6,0.3999999999999915
1996-06-07,95.7,0.10000000000000853
1996-06-14,95.1,-0.6000000000000085
1996-06-21,95.7,0.6000000000000085
1996-06-28,95.3,-0.4000000000000057
1996-07-05,93.8,-1.5
1996-07-12,94.7,0.9000000000000057
1996-07-19,94.4,-0.29999999999999716
1996-07-26,93.6,-0.8000000000000114
1996-08-02,94.3,0.7000000000000028
1996-08-09,95.2,0.9000000000000057
1996-08-16,94.0,-1.2000000000000028
1996-08-23,94.6,0.5999999999999943
1996-08-30,94.2,-0.3999999999999915
1996-09-06,95.0,0.7999999999999972
1996-09-13,94.9,-0.09999999999999432
1996-09-20,95.6,0.6999999999999886
1996-09-27,95.6,0.0
1996-10-04,95.7,0.10000000000000853
1996-10-11,92.7,-3.0
1996-10-18,93.0,0.29999999999999716
1996-10-25,93.8,0.7999999999999972
1996-11-01,94.9,1.1000000000000085
1996-11-08,91.2,-3.700000000000003
1996-11-15,93.1,1.8999999999999915
1996-11-22,94.6,1.5
1996-11-29,94.5,-0.09999999999999432
1996-12-06,94.9,0.4000000000000057
1996-12-13,94.0,-0.9000000000000057
1996-12-20,94.0,0.0
1996-12-27,93.8,-0.20000000000000284
1997-01-03,93.2,-0.5999999999999943
1997-01-10,91.6,-1.6000000000000085
1997-01-17,90.6,-1.0
1997-01-24,89.7,-0.8999999999999915
1997-01-31,91.3,1.5999999999999943
1997-02-07,88.2,-3.0999999999999943
1997-02-14,87.5,-0.7000000000000028
1997-02-21,88.8,1.2999999999999972
1997-02-28,89.4,0.6000000000000085
1997-03-07,90.5,1.0999999999999943
1997-03-14,91.1,0.5999999999999943
1997-03-21,93.5,2.4000000000000057
1997-03-28,92.8,-0.7000000000000028
1997-04-04,93.3,0.5
1997-04-11,93.0,-0.29999999999999716
1997-04-18,93.2,0.20000000000000284
1997-04-25,92.0,-1.2000000000000028
1997-05-02,94.1,2.0999999999999943
1997-05-09,96.9,2.8000000000000114
1997-05-16,97.4,0.5
1997-05-23,98.4,1.0
1997-05-30,99.0,0.5999999999999943
1997-06-06,98.6,-0.4000000000000057
1997-06-13,97.6,-1.0
1997-06-20,97.7,0.10000000000000853
1997-06-27,97.3,-0.4000000000000057
1997-07-04,96.1,-1.2000000000000028
1997-07-11,97.9,1.8000000000000114
1997-07-18,96.9,-1.0
1997-07-25,96.0,-0.9000000000000057
1997-08-01,97.3,1.2999999999999972
1997-08-08,96.1,-1.2000000000000028
1997-08-15,97.7,1.6000000000000085
1997-08-22,99.3,1.5999999999999943
1997-08-29,99.8,0.5
1997-09-05,99.4,-0.3999999999999915
1997-09-12,99.0,-0.4000000000000057
1997-09-19,98.5,-0.5
1997-09-26,98.1,-0.4000000000000057
1997-10-03,97.6,-0.5
1997-10-10,98.4,0.8000000000000114
1997-10-17,95.9,-2.5
1997-10-24,94.4,-1.5
1997-10-31,94.8,0.3999999999999915
1997-11-07,93.2,-1.5999999999999943
1997-11-14,92.2,-1.0
1997-11-21,95.5,3.299999999999997
1997-11-28,96.2,0.7000000000000028
1997-12-05,95.8,-0.4000000000000057
1997-12-12,96.5,0.7000000000000028
1997-12-19,96.3,-0.20000000000000284
1997-12-26,97.1,0.7999999999999972
1998-01-02,97.2,0.10000000000000853
1998-01-09,96.1,-1.1000000000000085
1998-01-16,94.1,-2.0
1998-01-23,93.3,-0.7999999999999972
1998-01-30,92.2,-1.0999999999999943
1998-02-06,92.7,0.5
1998-02-13,90.3,-2.4000000000000057
1998-02-20,89.8,-0.5
1998-02-27,89.6,-0.20000000000000284
1998-03-06,93.1,3.5
1998-03-13,93.8,0.7000000000000028
1998-03-20,94.2,0.4000000000000057
1998-03-27,94.7,0.5
1998-04-03,94.6,-0.10000000000000853
1998-04-10,95.6,1.0
1998-04-17,98.5,2.9000000000000057
1998-04-24,95.8,-2.700000000000003
1998-05-01,98.2,2.4000000000000057
1998-05-08,95.4,-2.799999999999997
1998-05-15,96.3,0.8999999999999915
1998-05-22,98.1,1.7999999999999972
1998-05-29,99.5,1.4000000000000057
1998-06-05,97.0,-2.5
1998-06-12,98.2,1.2000000000000028
1998-06-19,98.4,0.20000000000000284
1998-06-26,98.1,-0.30000000000001137
1998-07-03,97.2,-0.8999999999999915
1998-07-10,100.0,2.799999999999997
1998-07-17,99.5,-0.5
1998-07-24,99.6,0.09999999999999432
1998-07-31,98.4,-1.1999999999999886
1998-08-07,98.0,-0.4000000000000057
1998-08-14,99.0,1.0
1998-08-21,99.8,0.7999999999999972
1998-08-28,100.5,0.7000000000000028
1998-09-04,98.4,-2.0999999999999943
1998-09-11,98.9,0.5
1998-09-18,96.0,-2.9000000000000057
1998-09-25,94.8,-1.2000000000000028
1998-10-02,88.5,-6.299999999999997
1998-10-09,86.9,-1.5999999999999943
1998-10-16,86.3,-0.6000000000000085
1998-10-23,87.9,1.6000000000000085
1998-10-30,93.1,5.199999999999989
1998-11-06,94.8,1.7000000000000028
1998-11-13,95.9,1.1000000000000085
1998-11-20,94.2,-1.7000000000000028
1998-11-27,93.2,-1.0
1998-12-04,93.5,0.29999999999999716
1998-12-11,93.8,0.29999999999999716
1998-12-18,93.7,-0.09999999999999432
1998-12-25,96.8,3.0999999999999943
1999-01-01,98.2,1.4000000000000057
1999-01-08,96.5,-1.7000000000000028
1999-01-15,94.3,-2.200000000000003
1999-01-22,90.0,-4.299999999999997
1999-01-29,90.5,0.5
1999-02-05,90.8,0.29999999999999716
1999-02-12,92.8,2.0
1999-02-19,91.8,-1.0
1999-02-26,91.5,-0.29999999999999716
1999-03-05,91.1,-0.4000000000000057
1999-03-12,90.8,-0.29999999999999716
1999-03-19,90.1,-0.7000000000000028
1999-03-26,91.0,0.9000000000000057
1999-04-02,93.0,2.0
1999-04-09,94.9,1.9000000000000057
1999-04-16,94.8,-0.10000000000000853
1999-04-23,94.2,-0.5999999999999943
1999-04-30,95.5,1.2999999999999972
1999-05-07,94.0,-1.5
1999-05-14,93.4,-0.5999999999999943
1999-05-21,93.9,0.5
1999-05-28,93.8,-0.10000000000000853
1999-06-04,94.5,0.7000000000000028
1999-06-11,93.7,-0.7999999999999972
1999-06-18,92.3,-1.4000000000000057
1999-06-25,92.6,0.29999999999999716
1999-07-02,92.3,-0.29999999999999716
1999-07-09,93.8,1.5
1999-07-16,94.9,1.1000000000000085
1999-07-23,95.8,0.8999999999999915
1999-07-30,95.3,-0.5
1999-08-06,96.9,1.6000000000000085
1999-08-13,95.4,-1.5
1999-08-20,95.5,0.09999999999999432
1999-08-27,93.6,-1.9000000000000057
1999-09-03,96.5,2.9000000000000057
1999-09-10,94.3,-2.200000000000003
1999-09-17,93.8,-0.5
1999-09-24,93.6,-0.20000000000000284
1999-10-01,93.9,0.30000000000001137
1999-10-08,92.5,-1.4000000000000057
1999-10-15,90.0,-2.5
1999-10-22,88.9,-1.0999999999999943
1999-10-29,90.7,1.7999999999999972
1999-11-05,90.7,0.0
1999-11-12,90.8,0.09999999999999432
1999-11-19,91.5,0.7000000000000028
1999-11-26,91.2,-0.29999999999999716
1999-12-03,91.6,0.3999999999999915
1999-12-10,90.0,-1.5999999999999943
1999-12-17,90.2,0.20000000000000284
1999-12-24,88.8,-1.4000000000000057
1999-12-31,89.0,0.20000000000000284
2000-01-07,86.1,-2.9000000000000057
2000-01-14,85.3,-0.7999999999999972
2000-01-21,85.7,0.4000000000000057
2000-01-28,87.4,1.7000000000000028
2000-02-04,84.6,-2.8000000000000114
2000-02-11,85.3,0.7000000000000028
2000-02-18,86.2,0.9000000000000057
2000-02-25,86.7,0.5
2000-03-03,86.9,0.20000000000000284
2000-03-10,89.3,2.3999999999999915
2000-03-17,89.0,-0.29999999999999716
2000-03-24,91.3,2.299999999999997
2000-03-31,92.3,1.0
2000-04-07,91.3,-1.0
2000-04-14,91.3,0.0
2000-04-21,91.5,0.20000000000000284
2000-04-28,93.1,1.5999999999999943
2000-05-05,92.4,-0.6999999999999886
2000-05-12,93.8,1.3999999999999915
2000-05-19,94.8,1.0
2000-05-26,95.3,0.5
2000-06-02,95.6,0.29999999999999716
2000-06-09,95.0,-0.5999999999999943
2000-06-16,96.1,1.0999999999999943
2000-06-23,96.0,-0.09999999999999432
2000-06-30,95.5,-0.5
2000-07-07,96.0,0.5
2000-07-14,96.1,0.09999999999999432
2000-07-21,96.0,-0.09999999999999432
2000-07-28,96.2,0.20000000000000284
2000-08-04,95.8,-0.4000000000000057
2000-08-11,95.5,-0.29999999999999716
2000-08-18,95.6,0.09999999999999432
2000-08-25,94.9,-0.6999999999999886
2000-09-01,96.0,1.0999999999999943
2000-09-08,96.0,0.0
2000-09-15,93.3,-2.700000000000003
2000-09-22,95.3,2.0
2000-09-29,94.7,-0.5999999999999943
2000-10-06,92.4,-2.299999999999997
2000-10-13,90.9,-1.5
2000-10-20,92.4,1.5
2000-10-27,93.5,1.0999999999999943
2000-11-03,93.0,-0.5
2000-11-10,92.8,-0.20000000000000284
2000-11-17,92.1,-0.7000000000000028
2000-11-24,90.1,-2.0
2000-12-01,91.8,1.7000000000000028
2000-12-08,93.2,1.4000000000000057
2000-12-15,93.3,0.09999999999999432
2000-12-22,93.0,-0.29999999999999716
2000-12-29,93.5,0.5
2001-01-05,91.8,-1.7000000000000028
2001-01-12,92.2,0.4000000000000057
2001-01-19,90.5,-1.7000000000000028
2001-01-26,90.8,0.29999999999999716
2001-02-02,89.8,-1.0
2001-02-09,89.6,-0.20000000000000284
2001-02-16,89.3,-0.29999999999999716
2001-02-23,91.1,1.7999999999999972
2001-03-02,91.8,0.7000000000000028
2001-03-09,90.1,-1.7000000000000028
2001-03-16,91.2,1.1000000000000085
2001-03-23,89.3,-1.9000000000000057
2001-03-30,89.1,-0.20000000000000284
2001-04-06,90.4,1.3000000000000114
2001-04-13,93.7,3.299999999999997
2001-04-20,96.2,2.5
2001-04-27,96.2,0.0
2001-05-04,95.8,-0.4000000000000057
2001-05-11,93.7,-2.0999999999999943
2001-05-18,95.4,1.7000000000000028
2001-05-25,95.5,0.09999999999999432
2001-06-01,97.6,2.0999999999999943
2001-06-08,97.2,-0.3999999999999915
2001-06-15,93.6,-3.6000000000000085
2001-06-22,93.1,-0.5
2001-06-29,95.7,2.6000000000000085
2001-07-06,96.1,0.3999999999999915
2001-07-13,94.4,-1.6999999999999886
2001-07-20,92.6,-1.8000000000000114
2001-07-27,93.0,0.4000000000000057
2001-08-03,93.1,0.09999999999999432
2001-08-10,93.4,0.30000000000001137
2001-08-17,91.9,-1.5
2001-08-24,91.6,-0.30000000000001137
2001-08-31,93.3,1.7000000000000028
2001-09-07,95.4,2.1000000000000085
2001-09-14,90.9,-4.5
2001-09-21,89.3,-1.6000000000000085
2001-09-28,90.8,1.5
2001-10-05,91.7,0.9000000000000057
2001-10-12,91.1,-0.6000000000000085
2001-10-19,92.2,1.1000000000000085
2001-10-26,92.5,0.29999999999999716
2001-11-02,91.2,-1.2999999999999972
2001-11-09,88.5,-2.700000000000003
2001-11-16,89.8,1.2999999999999972
2001-11-23,90.8,1.0
2001-11-30,91.3,0.5
2001-12-07,89.1,-2.200000000000003
2001-12-14,89.2,0.10000000000000853
2001-12-21,88.0,-1.2000000000000028
2001-12-28,90.2,2.200000000000003
2002-01-04,89.6,-0.6000000000000085
2002-01-11,90.0,0.4000000000000057
2002-01-18,87.7,-2.299999999999997
2002-01-25,84.8,-2.9000000000000057
2002-02-01,85.5,0.7000000000000028
2002-02-08,86.3,0.7999999999999972
2002-02-15,86.5,0.20000000000000284
2002-02-22,87.6,1.0999999999999943
2002-03-01,85.4,-2.1999999999999886
2002-03-08,84.7,-0.7000000000000028
2002-03-15,86.1,1.3999999999999915
2002-03-22,87.7,1.6000000000000085
2002-03-29,88.3,0.5999999999999943
2002-04-05,89.7,1.4000000000000057
2002-04-12,90.9,1.2000000000000028
2002-04-19,90.7,-0.20000000000000284
2002-04-26,91.2,0.5
2002-05-03,93.2,2.0
2002-05-10,92.5,-0.7000000000000028
2002-05-17,90.8,-1.7000000000000028
2002-05-24,91.8,1.0
2002-05-31,92.8,1.0
2002-06-07,93.0,0.20000000000000284
2002-06-14,93.2,0.20000000000000284
2002-06-21,92.5,-0.7000000000000028
2002-06-28,93.7,1.2000000000000028
2002-07-05,94.1,0.3999999999999915
2002-07-12,92.8,-1.2999999999999972
2002-07-19,92.9,0.10000000000000853
2002-07-26,93.8,0.8999999999999915
2002-08-02,91.8,-2.0
2002-08-09,92.1,0.29999999999999716
2002-08-16,92.8,0.7000000000000028
2002-08-23,91.9,-0.8999999999999915
2002-08-30,92.2,0.29999999999999716
2002-09-06,92.9,0.7000000000000028
2002-09-13,91.2,-1.7000000000000028
2002-09-20,91.5,0.29999999999999716
2002-09-27,89.9,-1.5999999999999943
2002-10-04,82.9,-7.0
2002-10-11,79.7,-3.200000000000003
2002-10-18,86.3,6.599999999999994
2002-10-25,88.6,2.299999999999997
2002-11-01,89.6,1.0
2002-11-08,89.1,-0.5
2002-11-15,90.2,1.1000000000000085
2002-11-22,91.0,0.7999999999999972
2002-11-29,92.1,1.0999999999999943
2002-12-06,91.8,-0.29999999999999716
2002-12-13,89.2,-2.5999999999999943
2002-12-20,88.0,-1.2000000000000028
2002-12-27,89.9,1.9000000000000057
2003-01-03,89.1,-0.8000000000000114
2003-01-10,90.2,1.1000000000000085
2003-01-17,88.0,-2.200000000000003
2003-01-24,85.2,-2.799999999999997
2003-01-31,83.6,-1.6000000000000085
2003-02-07,84.3,0.7000000000000028
2003-02-14,86.6,2.299999999999997
2003-02-21,86.8,0.20000000000000284
2003-02-28,85.6,-1.2000000000000028
2003-03-07,87.9,2.3000000000000114
2003-03-14,88.9,1.0
2003-03-21,88.5,-0.4000000000000057
2003-03-28,91.0,2.5
2003-04-04,93.0,2.0
2003-04-11,93.2,0.20000000000000284
2003-04-18,92.2,-1.0
2003-04-25,92.8,0.5999999999999943
2003-05-02,94.3,1.5
2003-05-09,95.4,1.1000000000000085
2003-05-16,95.1,-0.30000000000001137
2003-05-23,94.3,-0.7999999999999972
2003-05-30,97.3,3.0
2003-06-06,95.9,-1.3999999999999915
2003-06-13,95.5,-0.4000000000000057
2003-06-20,93.3,-2.200000000000003
2003-06-27,93.8,0.5
2003-07-04,93.9,0.10000000000000853
2003-07-11,94.6,0.6999999999999886
2003-07-18,93.0,-1.5999999999999943
2003-07-25,93.6,0.5999999999999943
2003-08-01,91.9,-1.6999999999999886
2003-08-08,93.0,1.0999999999999943
2003-08-15,94.0,1.0
2003-08-22,93.1,-0.9000000000000057
2003-08-29,94.7,1.6000000000000085
2003-09-05,94.7,0.0
2003-09-12,94.8,0.09999999999999432
2003-09-19,92.7,-2.0999999999999943
2003-09-26,90.8,-1.9000000000000057
2003-10-03,90.2,-0.5999999999999943
2003-10-10,90.8,0.5999999999999943
2003-10-17,92.1,1.2999999999999972
2003-10-24,93.2,1.1000000000000085
2003-10-31,93.7,0.5
2003-11-07,91.6,-2.1000000000000085
2003-11-14,92.3,0.7000000000000028
2003-11-21,91.3,-1.0
2003-11-28,93.5,2.200000000000003
2003-12-05,94.2,0.7000000000000028
2003-12-12,92.0,-2.200000000000003
2003-12-19,91.6,-0.4000000000000057
2003-12-26,91.7,0.10000000000000853
2004-01-02,92.7,1.0
2004-01-09,90.8,-1.9000000000000057
2004-01-16,89.7,-1.0999999999999943
2004-01-23,88.8,-0.9000000000000057
2004-01-30,87.6,-1.2000000000000028
2004-02-06,90.3,2.700000000000003
2004-02-13,90.3,0.0
2004-02-20,87.3,-3.0
2004-02-27,88.6,1.2999999999999972
2004-03-05,89.1,0.5
2004-03-12,87.6,-1.5
2004-03-19,87.9,0.30000000000001137
2004-03-26,88.7,0.7999999999999972
2004-04-02,89.9,1.2000000000000028
2004-04-09,88.0,-1.9000000000000057
2004-04-16,91.9,3.9000000000000057
2004-04-23,91.3,-0.6000000000000085
2004-04-30,93.0,1.7000000000000028
2004-05-07,96.0,3.0
2004-05-14,95.3,-0.7000000000000028
2004-05-21,94.6,-0.7000000000000028
2004-05-28,94.9,0.30000000000001137
2004-06-04,96.0,1.0999999999999943
2004-06-11,96.4,0.4000000000000057
2004-06-18,95.6,-0.8000000000000114
2004-06-25,96.1,0.5
2004-07-02,96.7,0.6000000000000085
2004-07-09,95.2,-1.5
2004-07-16,94.5,-0.7000000000000028
2004-07-23,97.0,2.5
2004-07-30,96.3,-0.7000000000000028
2004-08-06,94.7,-1.5999999999999943
2004-08-13,95.8,1.0999999999999943
2004-08-20,96.0,0.20000000000000284
2004-08-27,95.7,-0.29999999999999716
2004-09-03,96.5,0.7999999999999972
2004-09-10,95.7,-0.7999999999999972
2004-09-17,88.1,-7.6000000000000085
2004-09-24,83.7,-4.3999999999999915
2004-10-01,88.9,5.200000000000003
2004-10-08,86.9,-2.0
2004-10-15,88.2,1.2999999999999972
2004-10-22,89.2,1.0
2004-10-29,89.4,0.20000000000000284
2004-11-05,92.6,3.1999999999999886
2004-11-12,93.5,0.9000000000000057
2004-11-19,92.9,-0.5999999999999943
2004-11-26,94.0,1.0999999999999943
2004-12-03,94.0,0.0
2004-12-10,93.7,-0.29999999999999716
2004-12-17,93.4,-0.29999999999999716
2004-12-24,94.2,0.7999999999999972
2004-12-31,94.8,0.5999999999999943
2005-01-07,94.0,-0.7999999999999972
2005-01-14,91.5,-2.5
2005-01-21,91.0,-0.5
2005-01-28,91.6,0.5999999999999943
2005-02-04,90.0,-1.5999999999999943
2005-02-11,91.7,1.7000000000000028
2005-02-18,90.2,-1.5
2005-02-25,89.3,-0.9000000000000057
2005-03-04,89.5,0.20000000000000284
2005-03-11,90.7,1.2000000000000028
2005-03-18,90.2,-0.5
2005-03-25,91.1,0.8999999999999915
2005-04-01,93.7,2.6000000000000085
2005-04-08,91.0,-2.700000000000003
2005-04-15,91.8,0.7999999999999972
2005-04-22,91.3,-0.5
2005-04-29,91.7,0.4000000000000057
2005-05-06,91.8,0.09999999999999432
2005-05-13,94.0,2.200000000000003
2005-05-20,94.6,0.5999999999999943
2005-05-27,96.2,1.6000000000000085
2005-06-03,94.9,-1.2999999999999972
2005-06-10,96.7,1.7999999999999972
2005-06-17,94.8,-1.9000000000000057
2005-06-24,96.3,1.5
2005-07-01,98.1,1.7999999999999972
2005-07-08,96.2,-1.8999999999999915
2005-07-15,92.8,-3.4000000000000057
2005-07-22,93.5,0.7000000000000028
2005-07-29,95.8,2.299999999999997
2005-08-05,95.0,-0.7999999999999972
2005-08-12,93.5,-1.5
2005-08-19,93.4,-0.09999999999999432
2005-08-26,97.1,3.6999999999999886
2005-09-02,86.8,-10.299999999999997
2005-09-09,87.3,0.5
2005-09-16,90.8,3.5
2005-09-23,86.7,-4.099999999999994
2005-09-30,69.8,-16.900000000000006
2005-10-07,74.9,5.1000000000000085
2005-10-14,79.1,4.199999999999989
2005-10-21,80.7,1.6000000000000085
2005-10-28,82.5,1.7999999999999972
2005-11-04,84.0,1.5
2005-11-11,86.2,2.200000000000003
2005-11-18,88.1,1.8999999999999915
2005-11-25,89.3,1.2000000000000028
2005-12-02,90.6,1.2999999999999972
2005-12-09,89.6,-1.0
2005-12-16,88.0,-1.5999999999999943
2005-12-23,88.9,0.9000000000000057
2005-12-30,89.9,1.0
2006-01-06,89.8,-0.10000000000000853
2006-01-13,86.5,-3.299999999999997
2006-01-20,86.2,-0.29999999999999716
2006-01-27,87.0,0.7999999999999972
2006-02-03,85.8,-1.2000000000000028
2006-02-10,86.1,0.29999999999999716
2006-02-17,86.6,0.5
2006-02-24,85.2,-1.3999999999999915
2006-03-03,83.0,-2.200000000000003
2006-03-10,85.7,2.700000000000003
2006-03-17,86.7,1.0
2006-03-24,87.0,0.29999999999999716
2006-03-31,85.9,-1.0999999999999943
2006-04-07,85.6,-0.30000000000001137
2006-04-14,86.2,0.6000000000000085
2006-04-21,88.2,2.0
2006-04-28,88.8,0.5999999999999943
2006-05-05,90.2,1.4000000000000057
2006-05-12,89.8,-0.4000000000000057
2006-05-19,89.7,-0.09999999999999432
2006-05-26,91.4,1.7000000000000028
2006-06-02,91.0,-0.4000000000000057
2006-06-09,92.7,1.7000000000000028
2006-06-16,93.3,0.5999999999999943
2006-06-23,93.8,0.5
2006-06-30,93.1,-0.7000000000000028
2006-07-07,90.5,-2.5999999999999943
2006-07-14,92.9,2.4000000000000057
2006-07-21,92.5,-0.4000000000000057
2006-07-28,90.8,-1.7000000000000028
2006-08-04,91.6,0.7999999999999972
2006-08-11,91.5,-0.09999999999999432
2006-08-18,92.8,1.2999999999999972
2006-08-25,92.9,0.10000000000000853
2006-09-01,93.6,0.6999999999999886
2006-09-08,93.0,-0.5999999999999943
2006-09-15,93.4,0.4000000000000057
2006-09-22,92.4,-1.0
2006-09-29,89.9,-2.5
2006-10-06,89.2,-0.7000000000000028
2006-10-13,86.3,-2.9000000000000057
2006-10-20,86.2,-0.09999999999999432
2006-10-27,88.9,2.700000000000003
2006-11-03,88.1,-0.8000000000000114
2006-11-10,87.3,-0.7999999999999972
2006-11-17,87.1,-0.20000000000000284
2006-11-24,88.1,1.0
2006-12-01,90.5,2.4000000000000057
2006-12-08,89.1,-1.4000000000000057
2006-12-15,90.7,1.6000000000000085
2006-12-22,90.9,0.20000000000000284
2006-12-29,91.0,0.09999999999999432
2007-01-05,91.5,0.5
2007-01-12,87.9,-3.5999999999999943
2007-01-19,87.4,-0.5
2007-01-26,87.1,-0.30000000000001137
2007-02-02,87.3,0.20000000000000284
2007-02-09,86.6,-0.7000000000000028
2007-02-16,85.2,-1.3999999999999915
2007-02-23,86.0,0.7999999999999972
2007-03-02,85.8,-0.20000000000000284
2007-03-09,85.6,-0.20000000000000284
2007-03-16,86.3,0.7000000000000028
2007-03-23,87.0,0.7000000000000028
2007-03-30,87.0,0.0
2007-04-06,88.4,1.4000000000000057
2007-04-13,90.4,2.0
2007-04-20,87.8,-2.6000000000000085
2007-04-27,88.3,0.5
2007-05-04,89.0,0.7000000000000028
2007-05-11,89.5,0.5
2007-05-18,91.1,1.5999999999999943
2007-05-25,91.1,0.0
2007-06-01,89.6,-1.5
2007-06-08,89.2,-0.3999999999999915
2007-06-15,87.6,-1.6000000000000085
2007-06-22,89.4,1.8000000000000114
2007-06-29,90.0,0.5999999999999943
2007-07-06,90.2,0.20000000000000284
2007-07-13,91.0,0.7999999999999972
2007-07-20,91.7,0.7000000000000028
2007-07-27,93.6,1.8999999999999915
2007-08-03,91.3,-2.299999999999997
2007-08-10,91.8,0.5
2007-08-17,91.6,-0.20000000000000284
2007-08-24,90.3,-1.2999999999999972
2007-08-31,92.1,1.7999999999999972
2007-09-07,90.5,-1.5999999999999943
2007-09-14,89.6,-0.9000000000000057
2007-09-21,86.9,-2.6999999999999886
2007-09-28,87.5,0.5999999999999943
2007-10-05,87.8,0.29999999999999716
2007-10-12,87.3,-0.5
2007-10-19,87.1,-0.20000000000000284
2007-10-26,86.2,-0.8999999999999915
2007-11-02,86.2,0.0
2007-11-09,87.7,1.5
2007-11-16,87.0,-0.7000000000000028
2007-11-23,89.4,2.4000000000000057
2007-11-30,89.4,0.0
2007-12-07,88.8,-0.6000000000000085
2007-12-14,87.8,-1.0
2007-12-21,88.1,0.29999999999999716
2007-12-28,89.4,1.3000000000000114
2008-01-04,91.3,1.8999999999999915
2008-01-11,87.1,-4.200000000000003
2008-01-18,86.5,-0.5999999999999943
2008-01-25,85.0,-1.5
2008-02-01,84.3,-0.7000000000000028
2008-02-08,85.1,0.7999999999999972
2008-02-15,83.5,-1.5999999999999943
2008-02-22,84.7,1.2000000000000028
2008-02-29,85.9,1.2000000000000028
2008-03-07,85.0,-0.9000000000000057
2008-03-14,83.8,-1.2000000000000028
2008-03-21,82.2,-1.5999999999999943
2008-03-28,82.4,0.20000000000000284
2008-04-04,83.0,0.5999999999999943
2008-04-11,81.4,-1.5999999999999943
2008-04-18,85.6,4.199999999999989
2008-04-25,85.4,-0.19999999999998863
2008-05-02,85.0,-0.4000000000000057
2008-05-09,86.6,1.5999999999999943
2008-05-16,87.9,1.3000000000000114
2008-05-23,87.9,0.0
2008-05-30,89.7,1.7999999999999972
2008-06-06,88.6,-1.1000000000000085
2008-06-13,89.3,0.7000000000000028
2008-06-20,88.6,-0.7000000000000028
2008-06-27,89.2,0.6000000000000085
2008-07-04,89.2,0.0
2008-07-11,89.5,0.29999999999999716
2008-07-18,87.1,-2.4000000000000057
2008-07-25,87.2,0.10000000000000853
2008-08-01,87.0,-0.20000000000000284
2008-08-08,85.9,-1.0999999999999943
2008-08-15,85.7,-0.20000000000000284
2008-08-22,87.3,1.5999999999999943
2008-08-29,88.7,1.4000000000000057
2008-09-05,78.3,-10.400000000000006
2008-09-12,77.4,-0.8999999999999915
2008-09-19,66.7,-10.700000000000003
2008-09-26,72.3,5.599999999999994
2008-10-03,80.9,8.600000000000009
2008-10-10,82.2,1.2999999999999972
2008-10-17,84.8,2.5999999999999943
2008-10-24,85.3,0.5
2008-10-31,85.3,0.0
2008-11-07,84.6,-0.7000000000000028
2008-11-14,84.9,0.30000000000001137
2008-11-21,86.2,1.2999999999999972
2008-11-28,84.3,-1.9000000000000057
2008-12-05,87.4,3.1000000000000085
2008-12-12,84.1,-3.3000000000000114
2008-12-19,84.7,0.6000000000000085
2008-12-26,82.5,-2.200000000000003
2009-01-02,84.6,2.0999999999999943
2009-01-09,85.2,0.6000000000000085
2009-01-16,83.3,-1.9000000000000057
2009-01-23,82.5,-0.7999999999999972
2009-01-30,83.5,1.0
2009-02-06,81.6,-1.9000000000000057
2009-02-13,82.3,0.7000000000000028
2009-02-20,81.4,-0.8999999999999915
2009-02-27,83.1,1.6999999999999886
2009-03-06,82.7,-0.3999999999999915
2009-03-13,82.1,-0.6000000000000085
2009-03-20,82.0,-0.09999999999999432
2009-03-27,81.7,-0.29999999999999716
2009-04-03,81.8,0.09999999999999432
2009-04-10,80.4,-1.3999999999999915
2009-04-17,83.4,3.0
2009-04-24,82.7,-0.7000000000000028
2009-05-01,85.3,2.5999999999999943
2009-05-08,83.7,-1.5999999999999943
2009-05-15,81.8,-1.9000000000000057
2009-05-22,85.1,3.299999999999997
2009-05-29,86.3,1.2000000000000028
2009-06-05,85.9,-0.3999999999999915
2009-06-12,85.9,0.0
2009-06-19,87.1,1.1999999999999886
2009-06-26,87.0,-0.09999999999999432
2009-07-03,86.8,-0.20000000000000284
2009-07-10,87.9,1.1000000000000085
2009-07-17,85.8,-2.1000000000000085
2009-07-24,84.6,-1.2000000000000028
2009-07-31,84.5,-0.09999999999999432
2009-08-07,83.5,-1.0
2009-08-14,84.0,0.5
2009-08-21,84.1,0.09999999999999432
2009-08-28,87.2,3.1000000000000085
2009-09-04,87.2,0.0
2009-09-11,86.9,-0.29999999999999716
2009-09-18,85.6,-1.3000000000000114
2009-09-25,84.6,-1.0
2009-10-02,85.0,0.4000000000000057
2009-10-09,80.9,-4.099999999999994
2009-10-16,81.1,0.19999999999998863
2009-10-23,81.8,0.7000000000000028
2009-10-30,80.6,-1.2000000000000028
2009-11-06,79.9,-0.6999999999999886
2009-11-13,79.4,-0.5
2009-11-20,80.3,0.8999999999999915
2009-11-27,79.7,-0.5999999999999943
2009-12-04,81.1,1.3999999999999915
2009-12-11,80.0,-1.0999999999999943
2009-12-18,80.0,0.0
2009-12-25,80.3,0.29999999999999716
2010-01-01,79.9,-0.3999999999999915
2010-01-08,81.3,1.3999999999999915
2010-01-15,78.4,-2.8999999999999915
2010-01-22,78.5,0.09999999999999432
2010-01-29,77.7,-0.7999999999999972
2010-02-05,79.1,1.3999999999999915
2010-02-12,79.8,0.7000000000000028
2010-02-19,81.2,1.4000000000000057
2010-02-26,81.9,0.7000000000000028
2010-03-05,80.7,-1.2000000000000028
2010-03-12,80.6,-0.10000000000000853
2010-03-19,81.1,0.5
2010-03-26,82.6,1.5
2010-04-02,84.5,1.9000000000000057
2010-04-09,85.6,1.0999999999999943
2010-04-16,85.9,0.30000000000001137
2010-04-23,89.0,3.0999999999999943
2010-04-30,89.6,0.5999999999999943
2010-05-07,88.4,-1.1999999999999886
2010-05-14,87.9,-0.5
2010-05-21,87.8,-0.10000000000000853
2010-05-28,87.5,-0.29999999999999716
2010-06-04,89.1,1.5999999999999943
2010-06-11,87.9,-1.1999999999999886
2010-06-18,89.4,1.5
2010-06-25,88.4,-1.0
2010-07-02,89.8,1.3999999999999915
2010-07-09,90.5,0.7000000000000028
2010-07-16,91.5,1.0
2010-07-23,90.6,-0.9000000000000057
2010-07-30,91.2,0.6000000000000085
2010-08-06,88.1,-3.1000000000000085
2010-08-13,90.0,1.9000000000000057
2010-08-20,87.7,-2.299999999999997
2010-08-27,87.0,-0.7000000000000028
2010-09-03,88.2,1.2000000000000028
2010-09-10,87.6,-0.6000000000000085
2010-09-17,87.8,0.20000000000000284
2010-09-24,85.8,-2.0
2010-10-01,83.1,-2.700000000000003
2010-10-08,81.9,-1.1999999999999886
2010-10-15,82.5,0.5999999999999943
2010-10-22,83.7,1.2000000000000028
2010-10-29,81.8,-1.9000000000000057
2010-11-05,82.4,0.6000000000000085
2010-11-12,84.0,1.5999999999999943
2010-11-19,85.5,1.5
2010-11-26,82.6,-2.9000000000000057
2010-12-03,87.5,4.900000000000006
2010-12-10,88.0,0.5
2010-12-17,87.7,-0.29999999999999716
2010-12-24,87.8,0.09999999999999432
2010-12-31,88.0,0.20000000000000284
2011-01-07,86.4,-1.5999999999999943
2011-01-14,83.0,-3.4000000000000057
2011-01-21,81.8,-1.2000000000000028
2011-01-28,84.5,2.700000000000003
2011-02-04,84.7,0.20000000000000284
2011-02-11,81.2,-3.5
2011-02-18,79.4,-1.7999999999999972
2011-02-25,80.9,1.5
2011-03-04,82.0,1.0999999999999943
2011-03-11,83.4,1.4000000000000057
2011-03-18,84.1,0.6999999999999886
2011-03-25,84.1,0.0
2011-04-01,84.4,0.30000000000001137
2011-04-08,81.4,-3.0
2011-04-15,82.5,1.0999999999999943
2011-04-22,82.7,0.20000000000000284
2011-04-29,82.8,0.09999999999999432
2011-05-06,81.7,-1.0999999999999943
2011-05-13,83.2,1.5
2011-05-20,86.3,3.0999999999999943
2011-05-27,86.0,-0.29999999999999716
2011-06-03,87.2,1.2000000000000028
2011-06-10,86.1,-1.1000000000000085
2011-06-17,89.2,3.1000000000000085
2011-06-24,88.1,-1.1000000000000085
2011-07-01,88.4,0.30000000000001137
2011-07-08,88.0,-0.4000000000000057
2011-07-15,90.3,2.299999999999997
2011-07-22,88.3,-2.0
2011-07-29,89.3,1.0
2011-08-05,90.0,0.7000000000000028
2011-08-12,89.1,-0.9000000000000057
2011-08-19,90.3,1.2000000000000028
2011-08-26,89.2,-1.0999999999999943
2011-09-02,89.0,-0.20000000000000284
2011-09-09,87.0,-2.0
2011-09-16,88.3,1.2999999999999972
2011-09-23,87.8,-0.5
2011-09-30,87.7,-0.09999999999999432
2011-10-07,84.2,-3.5
2011-10-14,83.1,-1.1000000000000085
2011-10-21,84.8,1.7000000000000028
2011-10-28,85.3,0.5
2011-11-04,82.6,-2.700000000000003
2011-11-11,84.8,2.200000000000003
2011-11-18,85.5,0.7000000000000028
2011-11-25,84.6,-0.9000000000000057
2011-12-02,87.7,3.1000000000000085
2011-12-09,85.1,-2.6000000000000085
2011-12-16,84.9,-0.19999999999998863
2011-12-23,84.2,-0.7000000000000028
2011-12-30,85.0,0.7999999999999972
2012-01-06,85.6,0.5999999999999943
2012-01-13,83.7,-1.8999999999999915
2012-01-20,82.2,-1.5
2012-01-27,81.8,-0.4000000000000057
2012-02-03,82.8,1.0
2012-02-10,84.0,1.2000000000000028
2012-02-17,85.5,1.5
2012-02-24,83.6,-1.9000000000000057
2012-03-02,83.9,0.30000000000001137
2012-03-09,82.7,-1.2000000000000028
2012-03-16,82.2,-0.5
2012-03-23,84.5,2.299999999999997
2012-03-30,85.7,1.2000000000000028
2012-04-06,83.8,-1.9000000000000057
2012-04-13,84.6,0.7999999999999972
2012-04-20,84.7,0.10000000000000853
2012-04-27,86.0,1.2999999999999972
2012-05-04,86.4,0.4000000000000057
2012-05-11,88.3,1.8999999999999915
2012-05-18,88.1,-0.20000000000000284
2012-05-25,89.1,1.0
2012-06-01,91.0,1.9000000000000057
2012-06-08,92.0,1.0
2012-06-15,91.9,-0.09999999999999432
2012-06-22,92.6,0.6999999999999886
2012-06-29,92.0,-0.5999999999999943
2012-07-06,92.7,0.7000000000000028
2012-07-13,92.0,-0.7000000000000028
2012-07-20,93.0,1.0
2012-07-27,92.2,-0.7999999999999972
2012-08-03,92.6,0.3999999999999915
2012-08-10,92.6,0.0
2012-08-17,91.2,-1.3999999999999915
2012-08-24,91.2,0.0
2012-08-31,86.1,-5.1000000000000085
2012-09-07,84.7,-1.3999999999999915
2012-09-14,88.9,4.200000000000003
2012-09-21,87.4,-1.5
2012-09-28,88.2,0.7999999999999972
2012-10-05,86.7,-1.5
2012-10-12,87.4,0.7000000000000028
2012-10-19,87.2,-0.20000000000000284
2012-10-26,87.7,0.5
2012-11-02,85.4,-2.299999999999997
2012-11-09,86.0,0.5999999999999943
2012-11-16,87.5,1.5
2012-11-23,88.6,1.0999999999999943
2012-11-30,90.6,2.0
2012-12-07,90.4,-0.19999999999998863
2012-12-14,91.5,1.0999999999999943
2012-12-21,90.3,-1.2000000000000028
2012-12-28,90.4,0.10000000000000853
2013-01-04,89.1,-1.3000000000000114
2013-01-11,87.9,-1.1999999999999886
2013-01-18,83.6,-4.300000000000011
2013-01-25,85.0,1.4000000000000057
2013-02-01,84.2,-0.7999999999999972
2013-02-08,83.8,-0.4000000000000057
2013-02-15,82.9,-0.8999999999999915
2013-02-22,85.1,2.1999999999999886
2013-03-01,82.2,-2.8999999999999915
2013-03-08,81.0,-1.2000000000000028
2013-03-15,83.5,2.5
2013-03-22,85.7,2.200000000000003
2013-03-29,86.3,0.5999999999999943
2013-04-05,86.8,0.5
2013-04-12,86.3,-0.5
2013-04-19,83.5,-2.799999999999997
2013-04-26,84.4,0.9000000000000057
2013-05-03,87.0,2.5999999999999943
2013-05-10,88.0,1.0
2013-05-17,87.3,-0.7000000000000028
2013-05-24,86.4,-0.8999999999999915
2013-05-31,88.4,2.0
2013-06-07,87.5,-0.9000000000000057
2013-06-14,89.3,1.7999999999999972
2013-06-21,90.2,0.9000000000000057
2013-06-28,92.2,2.0
2013-07-05,92.4,0.20000000000000284
2013-07-12,92.8,0.3999999999999915
2013-07-19,92.3,-0.5
2013-07-26,91.3,-1.0
2013-08-02,90.9,-0.3999999999999915
2013-08-09,89.4,-1.5
2013-08-16,91.0,1.5999999999999943
2013-08-23,91.2,0.20000000000000284
2013-08-30,91.7,0.5
2013-09-06,92.5,0.7999999999999972
2013-09-13,92.5,0.0
2013-09-20,90.3,-2.200000000000003
2013-09-27,89.0,-1.2999999999999972
2013-10-04,86.0,-3.0
2013-10-11,86.2,0.20000000000000284
2013-10-18,85.9,-0.29999999999999716
2013-10-25,87.3,1.3999999999999915
2013-11-01,86.8,-0.5
2013-11-08,88.7,1.9000000000000057
2013-11-15,88.6,-0.10000000000000853
2013-11-22,89.4,0.8000000000000114
2013-11-29,92.4,3.0
2013-12-06,92.6,0.19999999999998863
2013-12-13,91.5,-1.0999999999999943
2013-12-20,92.7,1.2000000000000028
2013-12-27,92.4,-0.29999999999999716
2014-01-03,92.3,-0.10000000000000853
2014-01-10,90.0,-2.299999999999997
2014-01-17,86.5,-3.5
2014-01-24,88.2,1.7000000000000028
2014-01-31,86.1,-2.1000000000000085
2014-02-07,87.1,1.0
2014-02-14,86.8,-0.29999999999999716
2014-02-21,88.0,1.2000000000000028
2014-02-28,87.4,-0.5999999999999943
2014-03-07,86.0,-1.4000000000000057
2014-03-14,85.6,-0.4000000000000057
2014-03-21,86.0,0.4000000000000057
2014-03-28,87.7,1.7000000000000028
2014-04-04,87.5,-0.20000000000000284
2014-04-11,88.8,1.2999999999999972
2014-04-18,91.0,2.200000000000003
2014-04-25,91.0,0.0
2014-05-02,90.2,-0.7999999999999972
2014-05-09,88.8,-1.4000000000000057
2014-05-16,88.7,-0.09999999999999432
2014-05-23,89.9,1.2000000000000028
2014-05-30,90.8,0.8999999999999915
2014-06-06,87.9,-2.8999999999999915
2014-06-13,87.1,-0.8000000000000114
2014-06-20,88.5,1.4000000000000057
2014-06-27,91.4,2.9000000000000057
2014-07-04,91.6,0.19999999999998863
2014-07-11,93.8,2.200000000000003
2014-07-18,93.8,0.0
2014-07-25,93.5,-0.29999999999999716
2014-08-01,92.4,-1.0999999999999943
2014-08-08,91.6,-0.8000000000000114
2014-08-15,93.4,1.8000000000000114
2014-08-22,93.5,0.09999999999999432
2014-08-29,93.3,-0.20000000000000284
2014-09-05,93.9,0.6000000000000085
2014-09-12,93.0,-0.9000000000000057
2014-09-19,93.4,0.4000000000000057
2014-09-26,89.8,-3.6000000000000085
2014-10-03,89.3,-0.5
2014-10-10,88.1,-1.2000000000000028
2014-10-17,86.7,-1.3999999999999915
2014-10-24,86.6,-0.10000000000000853
2014-10-31,88.4,1.8000000000000114
2014-11-07,90.1,1.6999999999999886
2014-11-14,91.2,1.1000000000000085
2014-11-21,91.5,0.29999999999999716
2014-11-28,93.4,1.9000000000000057
2014-12-05,95.4,2.0
2014-12-12,93.5,-1.9000000000000057
2014-12-19,93.5,0.0
2014-12-26,94.4,0.9000000000000057
2015-01-02,93.9,-0.5
2015-01-09,91.0,-2.9000000000000057
2015-01-16,85.5,-5.5
2015-01-23,88.0,2.5
2015-01-30,89.9,1.9000000000000057
2015-02-06,90.0,0.09999999999999432
2015-02-13,88.7,-1.2999999999999972
2015-02-20,87.4,-1.2999999999999972
2015-02-27,86.6,-0.8000000000000114
2015-03-06,87.8,1.2000000000000028
2015-03-13,88.1,0.29999999999999716
2015-03-20,89.0,0.9000000000000057
2015-03-27,89.4,0.4000000000000057
2015-04-03,90.1,0.6999999999999886
2015-04-10,92.3,2.200000000000003
2015-04-17,91.2,-1.0999999999999943
2015-04-24,91.3,0.09999999999999432
2015-05-01,93.0,1.7000000000000028
2015-05-08,91.2,-1.7999999999999972
2015-05-15,92.4,1.2000000000000028
2015-05-22,93.6,1.1999999999999886
2015-05-29,93.2,-0.3999999999999915
2015-06-05,94.6,1.3999999999999915
2015-06-12,93.1,-1.5
2015-06-19,94.0,0.9000000000000057
2015-06-26,95.0,1.0
2015-07-03,94.7,-0.29999999999999716
2015-07-10,95.3,0.5999999999999943
2015-07-17,95.5,0.20000000000000284
2015-07-24,95.1,-0.4000000000000057
2015-07-31,96.1,1.0
2015-08-07,96.1,0.0
2015-08-14,95.1,-1.0
2015-08-21,94.5,-0.5999999999999943
2015-08-28,92.8,-1.7000000000000028
2015-09-04,90.9,-1.8999999999999915
2015-09-11,93.1,2.1999999999999886
2015-09-18,90.9,-2.1999999999999886
2015-09-25,89.8,-1.1000000000000085
2015-10-02,87.5,-2.299999999999997
2015-10-09,86.0,-1.5
2015-10-16,86.4,0.4000000000000057
2015-10-23,87.6,1.1999999999999886
2015-10-30,88.7,1.1000000000000085
2015-11-06,89.5,0.7999999999999972
2015-11-13,90.3,0.7999999999999972
2015-11-20,92.0,1.7000000000000028
2015-11-27,94.5,2.5
2015-12-04,93.1,-1.4000000000000057
2015-12-11,91.9,-1.1999999999999886
2015-12-18,91.3,-0.6000000000000085
2015-12-25,92.6,1.2999999999999972
2016-01-01,92.5,-0.09999999999999432
2016-01-08,91.2,-1.2999999999999972
2016-01-15,90.6,-0.6000000000000085
2016-01-22,87.4,-3.1999999999999886
2016-01-29,86.6,-0.8000000000000114
2016-02-05,86.1,-0.5
2016-02-12,88.3,2.200000000000003
2016-02-19,87.3,-1.0
2016-02-26,88.3,1.0
2016-03-04,89.1,0.7999999999999972
2016-03-11,89.0,-0.09999999999999432
2016-03-18,88.4,-0.5999999999999943
2016-03-25,90.4,2.0
2016-04-01,91.4,1.0
2016-04-08,89.2,-2.200000000000003
2016-04-15,89.4,0.20000000000000284
2016-04-22,88.1,-1.3000000000000114
2016-04-29,89.7,1.6000000000000085
2016-05-06,89.1,-0.6000000000000085
2016-05-13,90.5,1.4000000000000057
2016-05-20,89.7,-0.7999999999999972
2016-05-27,89.8,0.09999999999999432
2016-06-03,90.9,1.1000000000000085
2016-06-10,90.2,-0.7000000000000028
2016-06-17,91.3,1.0999999999999943
2016-06-24,93.0,1.7000000000000028
2016-07-01,92.5,-0.5
2016-07-08,92.3,-0.20000000000000284
2016-07-15,93.2,0.9000000000000057
2016-07-22,92.4,-0.7999999999999972
2016-07-29,93.3,0.8999999999999915
2016-08-05,92.2,-1.0999999999999943
2016-08-12,93.5,1.2999999999999972
2016-08-19,92.5,-1.0
2016-08-26,92.8,0.29999999999999716
2016-09-02,93.7,0.9000000000000057
2016-09-09,92.9,-0.7999999999999972
2016-09-16,92.0,-0.9000000000000057
2016-09-23,90.1,-1.9000000000000057
2016-09-30,88.3,-1.7999999999999972
2016-10-07,85.5,-2.799999999999997
2016-10-14,85.0,-0.5
2016-10-21,85.6,0.5999999999999943
2016-10-28,85.2,-0.3999999999999915
2016-11-04,87.1,1.8999999999999915
2016-11-11,89.2,2.1000000000000085
2016-11-18,90.8,1.5999999999999943
2016-11-25,89.8,-1.0
2016-12-02,90.4,0.6000000000000085
2016-12-09,90.5,0.09999999999999432
2016-12-16,91.5,1.0
2016-12-23,91.0,-0.5
2016-12-30,92.0,1.0
2017-01-06,93.6,1.5999999999999943
2017-01-13,90.7,-2.8999999999999915
2017-01-20,88.3,-2.4000000000000057
2017-01-27,88.2,-0.09999999999999432
2017-02-03,87.7,-0.5
2017-02-10,85.4,-2.299999999999997
2017-02-17,84.3,-1.1000000000000085
2017-02-24,86.0,1.7000000000000028
2017-03-03,85.9,-0.09999999999999432
2017-03-10,85.1,-0.8000000000000114
2017-03-17,87.4,2.3000000000000114
2017-03-24,89.3,1.8999999999999915
2017-03-31,90.8,1.5
2017-04-07,91.0,0.20000000000000284
2017-04-14,92.9,1.9000000000000057
2017-04-21,94.1,1.1999999999999886
2017-04-28,93.3,-0.7999999999999972
2017-05-05,91.5,-1.7999999999999972
2017-05-12,93.4,1.9000000000000057
2017-05-19,93.5,0.09999999999999432
2017-05-26,95.0,1.5
2017-06-02,94.1,-0.9000000000000057
2017-06-09,94.4,0.30000000000001137
2017-06-16,94.0,-0.4000000000000057
2017-06-23,92.5,-1.5
2017-06-30,93.6,1.0999999999999943
2017-07-07,94.5,0.9000000000000057
2017-07-14,94.0,-0.5
2017-07-21,94.3,0.29999999999999716
2017-07-28,95.4,1.1000000000000085
2017-08-04,96.3,0.8999999999999915
2017-08-11,96.1,-0.20000000000000284
2017-08-18,95.4,-0.6999999999999886
2017-08-25,96.6,1.1999999999999886
2017-09-01,79.7,-16.89999999999999
2017-09-08,77.7,-2.0
2017-09-15,83.2,5.5
2017-09-22,88.6,5.3999999999999915
2017-09-29,88.1,-0.5
2017-10-06,89.2,1.1000000000000085
2017-10-13,84.5,-4.700000000000003
2017-10-20,87.8,3.299999999999997
2017-10-27,88.1,0.29999999999999716
2017-11-03,89.6,1.5
2017-11-10,91.0,1.4000000000000057
2017-11-17,91.3,0.29999999999999716
2017-11-24,92.6,1.2999999999999972
2017-12-01,93.8,1.2000000000000028
2017-12-08,93.4,-0.3999999999999915
2017-12-15,94.1,0.6999999999999886
2017-12-22,95.7,1.6000000000000085
2017-12-29,96.7,1.0
2018-01-05,95.3,-1.4000000000000057
2018-01-12,93.0,-2.299999999999997
2018-01-19,90.9,-2.0999999999999943
2018-01-26,88.1,-2.8000000000000114
2018-02-02,92.5,4.400000000000006
2018-02-09,89.8,-2.700000000000003
2018-02-16,88.1,-1.7000000000000028
2018-02-23,87.8,-0.29999999999999716
2018-03-02,88.0,0.20000000000000284
2018-03-09,90.0,2.0
2018-03-16,91.7,1.7000000000000028
2018-03-23,92.3,0.5999999999999943
2018-03-30,93.0,0.7000000000000028
2018-04-06,93.5,0.5
2018-04-13,92.4,-1.0999999999999943
2018-04-20,90.8,-1.6000000000000085
2018-04-27,91.1,0.29999999999999716
2018-05-04,90.4,-0.6999999999999886
2018-05-11,91.1,0.6999999999999886
2018-05-18,91.8,0.7000000000000028
2018-05-25,93.9,2.1000000000000085
2018-06-01,95.4,1.5
2018-06-08,95.7,0.29999999999999716
2018-06-15,96.7,1.0
2018-06-22,97.5,0.7999999999999972
2018-06-29,97.1,-0.4000000000000057
2018-07-06,96.7,-0.3999999999999915
2018-07-13,94.3,-2.4000000000000057
2018-07-20,93.8,-0.5
2018-07-27,96.1,2.299999999999997
2018-08-03,96.6,0.5
2018-08-10,98.1,1.5
2018-08-17,98.1,0.0
2018-08-24,96.3,-1.7999999999999972
2018-08-31,96.6,0.29999999999999716
2018-09-07,97.6,1.0
2018-09-14,95.4,-2.1999999999999886
2018-09-21,90.4,-5.0
2018-09-28,90.4,0.0
2018-10-05,88.8,-1.6000000000000085
2018-10-12,88.8,0.0
2018-10-19,89.2,0.4000000000000057
2018-10-26,89.4,0.20000000000000284
2018-11-02,90.0,0.5999999999999943
2018-11-09,90.1,0.09999999999999432
2018-11-16,92.7,2.6000000000000085
2018-11-23,95.6,2.8999999999999915
2018-11-30,95.5,-0.09999999999999432
2018-12-07,95.1,-0.4000000000000057
2018-12-14,95.4,0.30000000000001137
2018-12-21,95.1,-0.30000000000001137
2018-12-28,97.2,2.1000000000000085
2019-01-04,96.1,-1.1000000000000085
2019-01-11,94.6,-1.5
2019-01-18,92.9,-1.6999999999999886
2019-01-25,90.1,-2.8000000000000114
2019-02-01,90.7,0.6000000000000085
2019-02-08,85.9,-4.799999999999997
2019-02-15,85.9,0.0
2019-02-22,87.1,1.1999999999999886
2019-03-01,87.5,0.4000000000000057
2019-03-08,87.6,0.09999999999999432
2019-03-15,88.9,1.3000000000000114
2019-03-22,86.6,-2.3000000000000114
2019-03-29,86.4,-0.19999999999998863
2019-04-05,87.5,1.0999999999999943
2019-04-12,87.7,0.20000000000000284
2019-04-19,90.1,2.3999999999999915
2019-04-26,89.2,-0.8999999999999915
2019-05-03,88.9,-0.29999999999999716
2019-05-10,90.5,1.5999999999999943
2019-05-17,89.9,-0.5999999999999943
2019-05-24,91.2,1.2999999999999972
2019-05-31,91.8,0.5999999999999943
2019-06-07,93.2,1.4000000000000057
2019-06-14,93.9,0.7000000000000028
2019-06-21,94.2,0.29999999999999716
2019-06-28,94.2,0.0
2019-07-05,94.7,0.5
2019-07-12,94.4,-0.29999999999999716
2019-07-19,93.1,-1.3000000000000114
2019-07-26,93.0,-0.09999999999999432
2019-08-02,96.4,3.4000000000000057
2019-08-09,94.8,-1.6000000000000085
2019-08-16,95.9,1.1000000000000085
2019-08-23,95.2,-0.7000000000000028
2019-08-30,94.8,-0.4000000000000057
2019-09-06,95.1,0.29999999999999716
2019-09-13,91.2,-3.8999999999999915
2019-09-20,89.8,-1.4000000000000057
2019-09-27,86.4,-3.3999999999999915
2019-10-04,85.7,-0.7000000000000028
2019-10-11,83.1,-2.6000000000000085
2019-10-18,85.2,2.1000000000000085
2019-10-25,87.7,2.5
2019-11-01,86.0,-1.7000000000000028
2019-11-08,87.8,1.7999999999999972
2019-11-15,89.5,1.7000000000000028
2019-11-22,89.3,-0.20000000000000284
2019-11-29,91.9,2.6000000000000085
2019-12-06,90.6,-1.3000000000000114
2019-12-13,90.6,0.0
2019-12-20,93.3,2.700000000000003
2019-12-27,94.5,1.2000000000000028
2020-01-03,93.0,-1.5
2020-01-10,92.2,-0.7999999999999972
2020-01-17,90.5,-1.7000000000000028
2020-01-24,87.2,-3.299999999999997
2020-01-31,87.4,0.20000000000000284
2020-02-07,88.0,0.5999999999999943
2020-02-14,89.4,1.4000000000000057
2020-02-21,87.9,-1.5
2020-02-28,86.9,-1.0
2020-03-06,86.4,-0.5
2020-03-13,86.4,0.0
2020-03-20,87.3,0.8999999999999915
2020-03-27,82.3,-5.0
2020-04-03,75.6,-6.700000000000003
2020-04-10,69.1,-6.5
2020-04-17,67.6,-1.5
2020-04-24,69.6,2.0
2020-05-01,70.5,0.9000000000000057
2020-05-08,67.9,-2.5999999999999943
2020-05-15,69.4,1.5
2020-05-22,71.3,1.8999999999999915
2020-05-29,71.8,0.5
2020-06-05,73.1,1.2999999999999972
2020-06-12,73.8,0.7000000000000028
2020-06-19,74.6,0.7999999999999972
2020-06-26,75.5,0.9000000000000057
2020-07-03,77.5,2.0
2020-07-10,78.1,0.5999999999999943
2020-07-17,77.9,-0.19999999999998863
2020-07-24,79.5,1.5999999999999943
2020-07-31,79.6,0.09999999999999432
2020-08-07,81.0,1.4000000000000057
2020-08-14,80.9,-0.09999999999999432
2020-08-21,82.0,1.0999999999999943
2020-08-28,76.7,-5.299999999999997
2020-09-04,71.8,-4.900000000000006
2020-09-11,75.8,4.0
2020-09-18,74.8,-1.0
2020-09-25,75.8,1.0
2020-10-02,77.1,1.2999999999999972
2020-10-09,75.1,-2.0
2020-10-16,72.9,-2.1999999999999886
2020-10-23,74.6,1.6999999999999886
2020-10-30,75.3,0.7000000000000028
2020-11-06,74.5,-0.7999999999999972
2020-11-13,77.4,2.9000000000000057
2020-11-20,78.7,1.2999999999999972
2020-11-27,78.2,-0.5
2020-12-04,79.9,1.7000000000000028
2020-12-11,79.1,-0.8000000000000114
2020-12-18,78.0,-1.0999999999999943
2020-12-25,79.4,1.4000000000000057
2021-01-01,80.7,1.2999999999999972
2021-01-08,82.0,1.2999999999999972
2021-01-15,82.5,0.5
2021-01-22,81.7,-0.7999999999999972
2021-01-29,82.3,0.5999999999999943
2021-02-05,83.0,0.7000000000000028
2021-02-12,83.1,0.09999999999999432
2021-02-19,68.6,-14.5
2021-02-26,56.0,-12.599999999999994
2021-03-05,69.0,13.0
2021-03-12,76.1,7.099999999999994
2021-03-19,81.6,5.5
2021-03-26,83.9,2.3000000000000114
2021-04-02,84.0,0.09999999999999432
2021-04-09,85.0,1.0
2021-04-16,85.0,0.0
2021-04-23,85.4,0.4000000000000057
2021-04-30,86.5,1.0999999999999943
2021-05-07,86.1,-0.4000000000000057
2021-05-14,86.3,0.20000000000000284
2021-05-21,87.0,0.7000000000000028
2021-05-28,88.7,1.7000000000000028
2021-06-04,91.3,2.5999999999999943
2021-06-11,92.6,1.2999999999999972
2021-06-18,92.2,-0.3999999999999915
2021-06-25,92.9,0.7000000000000028
2021-07-02,92.2,-0.7000000000000028
2021-07-09,91.8,-0.4000000000000057
2021-07-16,91.4,-0.3999999999999915
2021-07-23,91.1,-0.30000000000001137
2021-07-30,91.3,0.20000000000000284
2021-08-06,91.8,0.5
2021-08-13,92.2,0.4000000000000057
2021-08-20,92.4,0.20000000000000284
2021-08-27,91.3,-1.1000000000000085
2021-09-03,81.9,-9.399999999999991
2021-09-10,82.1,0.19999999999998863
2021-09-17,87.5,5.400000000000006
2021-09-24,88.1,0.5999999999999943
2021-10-01,89.6,1.5
2021-10-08,86.7,-2.8999999999999915
2021-10-15,84.7,-2.0
2021-10-22,85.1,0.3999999999999915
2021-10-29,86.3,1.2000000000000028
2021-11-05,86.7,0.4000000000000057
2021-11-12,87.9,1.2000000000000028
2021-11-19,88.6,0.6999999999999886
2021-11-26,88.8,0.20000000000000284
2021-12-03,89.8,1.0
2021-12-10,89.8,0.0
2021-12-17,89.6,-0.20000000000000284
2021-12-24,89.7,0.10000000000000853
2021-12-31,89.8,0.09999999999999432
2022-01-07,88.4,-1.3999999999999915
2022-01-14,88.1,-0.30000000000001137
2022-01-21,87.7,-0.3999999999999915
2022-01-28,86.7,-1.0
2022-02-04,88.2,1.5
2022-02-11,85.3,-2.9000000000000057
2022-02-18,87.4,2.1000000000000085
2022-02-25,87.7,0.29999999999999716
2022-03-04,89.3,1.5999999999999943
2022-03-11,90.4,1.1000000000000085
2022-03-18,91.1,0.6999999999999886
2022-03-25,92.1,1.0
2022-04-01,92.5,0.4000000000000057
2022-04-08,90.0,-2.5
2022-04-15,91.0,1.0
2022-04-22,90.3,-0.7000000000000028
2022-04-29,88.4,-1.8999999999999915
2022-05-06,90.0,1.5999999999999943
2022-05-13,91.8,1.7999999999999972
2022-05-20,93.2,1.4000000000000057
2022-05-27,92.6,-0.6000000000000085
2022-06-03,94.2,1.6000000000000085
2022-06-10,93.7,-0.5
2022-06-17,94.0,0.29999999999999716
2022-06-24,95.0,1.0
2022-07-01,94.5,-0.5
2022-07-08,94.9,0.4000000000000057
2022-07-15,93.7,-1.2000000000000028
2022-07-22,92.2,-1.5
2022-07-29,91.0,-1.2000000000000028
2022-08-05,94.3,3.299999999999997
2022-08-12,93.5,-0.7999999999999972
2022-08-19,93.8,0.29999999999999716
2022-08-26,92.7,-1.0999999999999943
2022-09-02,90.9,-1.7999999999999972
2022-09-09,91.5,0.5999999999999943
2022-09-16,93.6,2.0999999999999943
2022-09-23,90.6,-3.0
2022-09-30,91.3,0.7000000000000028
2022-10-07,89.9,-1.3999999999999915
2022-10-14,89.5,-0.4000000000000057
2022-10-21,88.9,-0.5999999999999943
2022-10-28,90.6,1.6999999999999886
2022-11-04,92.1,1.5
2022-11-11,92.9,0.8000000000000114
2022-11-18,93.9,1.0
2022-11-25,95.2,1.2999999999999972
2022-12-02,95.5,0.29999999999999716
2022-12-09,92.2,-3.299999999999997
2022-12-16,90.9,-1.2999999999999972
2022-12-23,92.0,1.0999999999999943
2022-12-30,79.6,-12.400000000000006
2023-01-06,84.1,4.5
2023-01-13,85.3,1.2000000000000028
2023-01-20,86.1,0.7999999999999972
2023-01-27,85.7,-0.3999999999999915
2023-02-03,87.9,2.200000000000003
2023-02-10,86.5,-1.4000000000000057
2023-02-17,85.9,-0.5999999999999943
2023-02-24,85.8,-0.10000000000000853
2023-03-03,86.0,0.20000000000000284
2023-03-10,88.2,2.200000000000003
2023-03-17,88.6,0.3999999999999915
2023-03-24,90.3,1.7000000000000028
2023-03-31,89.6,-0.7000000000000028
2023-04-07,89.3,-0.29999999999999716
2023-04-14,91.0,1.7000000000000028
2023-04-21,91.3,0.29999999999999716
2023-04-28,90.7,-0.5999999999999943
2023-05-05,91.0,0.29999999999999716
2023-05-12,92.0,1.0
2023-05-19,91.7,-0.29999999999999716
2023-05-26,93.1,1.3999999999999915
2023-06-02,95.8,2.700000000000003
2023-06-09,93.7,-2.0999999999999943
2023-06-16,93.1,-0.6000000000000085
2023-06-23,92.2,-0.8999999999999915
2023-06-30,91.1,-1.1000000000000085
2023-07-07,93.7,2.6000000000000085
2023-07-14,94.3,0.5999999999999943
2023-07-21,93.4,-0.8999999999999915
2023-07-28,92.7,-0.7000000000000028
2023-08-04,93.8,1.0999999999999943
2023-08-11,94.7,0.9000000000000057
2023-08-18,94.5,-0.20000000000000284
2023-08-25,93.3,-1.2000000000000028
2023-09-01,93.1,-0.20000000000000284
2023-09-08,93.7,0.6000000000000085
2023-09-15,91.9,-1.7999999999999972
2023-09-22,89.5,-2.4000000000000057
2023-09-29,87.3,-2.200000000000003
2023-10-06,85.7,-1.5999999999999943
2023-10-13,86.1,0.3999999999999915
2023-10-20,85.6,-0.5
2023-10-27,85.4,-0.19999999999998863
2023-11-03,85.2,-0.20000000000000284
2023-11-10,86.1,0.8999999999999915
2023-11-17,87.0,0.9000000000000057
2023-11-24,89.8,2.799999999999997
2023-12-01,90.5,0.7000000000000028
2023-12-08,90.2,-0.29999999999999716
2023-12-15,92.4,2.200000000000003
2023-12-22,93.3,0.8999999999999915
2023-12-29,93.5,0.20000000000000284
2024-01-05,92.9,-0.5999999999999943
2024-01-12,92.6,-0.30000000000001137
2024-01-19,85.5,-7.099999999999994
2024-01-26,82.9,-2.5999999999999943
2024-02-02,82.4,-0.5
2024-02-09,80.6,-1.8000000000000114
2024-02-16,80.6,0.0
2024-02-23,81.5,0.9000000000000057
2024-03-01,84.9,3.4000000000000057
2024-03-08,86.8,1.8999999999999915
2024-03-15,87.8,1.0
2024-03-22,88.7,0.9000000000000057
2024-03-29,88.6,-0.10000000000000853
2024-04-05,88.3,-0.29999999999999716
2024-04-12,88.1,-0.20000000000000284
2024-04-19,88.5,0.4000000000000057
2024-04-26,87.5,-1.0
2024-05-03,88.5,1.0
2024-05-10,90.4,1.9000000000000057
2024-05-17,91.7,1.2999999999999972
2024-05-24,94.3,2.5999999999999943
2024-05-31,95.4,1.1000000000000085
2024-06-07,95.0,-0.4000000000000057
2024-06-14,93.5,-1.5
2024-06-21,92.2,-1.2999999999999972
2024-06-28,93.5,1.2999999999999972
2024-07-05,95.4,1.9000000000000057
2024-07-12,93.7,-1.7000000000000028
2024-07-19,91.6,-2.1000000000000085
2024-07-26,90.1,-1.5
2024-08-02,90.5,0.4000000000000057
2024-08-09,91.5,1.0
2024-08-16,92.3,0.7999999999999972
2024-08-23,93.3,1.0
2024-08-30,93.3,0.0
2024-09-06,92.8,-0.5
2024-09-13,92.1,-0.7000000000000028
2024-09-20,90.9,-1.1999999999999886
2024-09-27,87.6,-3.3000000000000114
2024-10-04,86.7,-0.8999999999999915
2024-10-11,87.7,1.0
2024-10-18,89.5,1.7999999999999972
2024-10-25,89.1,-0.4000000000000057
2024-11-01,90.5,1.4000000000000057
2024-11-08,91.4,0.9000000000000057
2024-11-15,90.2,-1.2000000000000028
2024-11-22,90.5,0.29999999999999716
2024-11-29,93.3,2.799999999999997
2024-12-06,92.4,-0.8999999999999915
2024-12-13,91.8,-0.6000000000000085
2024-12-20,92.5,0.7000000000000028
2024-12-27,92.7,0.20000000000000284
2025-01-03,93.3,0.5999999999999943
2025-01-10,91.7,-1.5999999999999943
2025-01-17,85.9,-5.799999999999997
2025-01-24,83.5,-2.4000000000000057
2025-01-31,84.5,1.0
2025-02-07,85.0,0.5
2025-02-14,84.9,-0.09999999999999432
2025-02-21,86.5,1.5999999999999943
2025-02-28,85.9,-0.5999999999999943
2025-03-07,86.5,0.5999999999999943
2025-03-14,86.9,0.4000000000000057
2025-03-21,87.0,0.09999999999999432
2025-03-28,86.0,-1.0
2025-04-04,86.7,0.7000000000000028
2025-04-11,86.3,-0.4000000000000057
2025-04-18,88.1,1.7999999999999972
2025-04-25,88.6,0.5
2025-05-02,89.0,0.4000000000000057
2025-05-09,90.2,1.2000000000000028
2025-05-16,90.7,0.5
2025-05-23,90.2,-0.5
2025-05-30,93.4,3.200000000000003
2025-06-06,94.3,0.8999999999999915
2025-06-13,93.2,-1.0999999999999943
2025-06-20,94.7,1.5
2025-06-27,94.9,0.20000000000000284
2025-07-04,94.7,-0.20000000000000284
2025-07-11,93.9,-0.7999999999999972
2025-07-18,95.5,1.5999999999999943
2025-07-25,95.4,-0.09999999999999432
2025-08-01,96.9,1.5
2025-08-08,96.4,-0.5
2025-08-15,96.6,0.19999999999998863
2025-08-22,94.6,-2.0
2025-08-29,94.3,-0.29999999999999716
2025-09-05,94.9,0.6000000000000085
2025-09-12,93.3,-1.6000000000000085
2025-09-19,93.0,-0.29999999999999716
2025-09-26,91.4,-1.5999999999999943
2025-10-03,92.4,1.0
2025-10-10,85.7,-6.700000000000003
2025-10-17,88.6,2.8999999999999915
2025-10-24,86.6,-2.0
2025-10-31,86.0,-0.5999999999999943
2025-11-07,89.4,3.4000000000000057
2025-11-14,90.0,0.5999999999999943
2025-11-21,92.3,2.299999999999997
2025-11-28,94.1,1.7999999999999972
2025-12-05,94.5,0.4000000000000057
2025-12-12,94.8,0.29999999999999716
2025-12-19,94.6,-0.20000000000000284
2025-12-26,94.7,0.10000000000000853
2026-01-02,94.7,0.0
2026-01-09,95.3,0.5999999999999943
2026-01-16,93.3,-2.0
2026-01-23,90.9,-2.3999999999999915
2026-01-30,90.5,-0.4000000000000057
2026-02-06,89.4,-1.0999999999999943
2026-02-13,91.0,1.5999999999999943
2026-02-20,88.6,-2.4000000000000057
2026-02-27,89.2,0.6000000000000085
2026-03-06,90.8,1.5999999999999943
2026-03-13,91.4,0.6000000000000085
2026-03-20,92.9,1.5
2026-03-27,92.1,-0.8000000000000114
2026-04-03,92.0,-0.09999999999999432
2026-04-10,89.6,-2.4000000000000057
